label,f0,f1,f2,f3,f4,f5,f6,f7,f8,f9,f10,f11,f12,f13,f14,f15,f16,f17,f18,f19,f20,f21,f22,f23,f24,f25,f26,f27,f28,f29,f30,f31,f32,f33,f34,f35,f36,f37,f38,f39,f40,f41,f42,f43,f44,f45,f46,f47,f48,f49,f50,f51,f52,f53,f54,f55,f56,f57,f58,f59,f60,f61,f62
A,0.0,0.0,0.0,-0.2023816555738449,-0.1619851440191269,-0.068510040640831,-0.28972309827804565,-0.4822075068950653,-0.07715582847595215,-0.284635066986084,-0.7588339447975159,-0.0880909189581871,-0.28843921422958374,-0.9574982523918152,-0.07986339181661606,-0.14377647638320923,-0.6656025648117065,0.03289550170302391,-0.1347264051437378,-0.8168424367904663,-0.05239945277571678,-0.14871074259281158,-0.5871660709381104,-0.08371461927890778,-0.14445170760154724,-0.48905953764915466,-0.08878082036972046,-0.01413397304713726,-0.6489840745925903,0.031387895345687866,-0.011252863332629204,-0.7663078904151917,-0.05618824437260628,-0.0533364973962307,-0.5152338147163391,-0.06161864101886749,-0.046948038041591644,-0.4743466377258301,-0.04106422886252403,0.10693444311618805,-0.6023487448692322,0.005767373833805323,0.11977377533912659,-0.7101923823356628,-0.09815523773431778,0.05910656973719597,-0.47923338413238525,-0.06144120171666145,0.0537085197865963,-0.4280932545661926,-0.008098739199340343,0.22085484862327576,-0.536822497844696,-0.026483990252017975,0.24307288229465485,-0.6526185274124146,-0.08216744661331177,0.1827504187822342,-0.49207353591918945,-0.04544491320848465,0.16779778897762299,-0.42716464400291443,-0.0009478360880166292
A,0.0,0.0,0.0,-0.20471765100955963,-0.1867581307888031,-0.06623072922229767,-0.28623276948928833,-0.49146223068237305,-0.07207454741001129,-0.27573850750923157,-0.766634464263916,-0.0803842842578888,-0.27583420276641846,-0.9612051844596863,-0.06879638135433197,-0.13445506989955902,-0.6695947051048279,0.042681798338890076,-0.12123619765043259,-0.8083494305610657,-0.029452338814735413,-0.13210877776145935,-0.5889132022857666,-0.056519802659749985,-0.13041970133781433,-0.5023641586303711,-0.06246144697070122,-0.001696258899755776,-0.6579219102859497,0.044087182730436325,0.00498218322172761,-0.7561537623405457,-0.03661150112748146,-0.037706077098846436,-0.5197952389717102,-0.048085302114486694,-0.04185809940099716,-0.4862009286880493,-0.034737907350063324,0.11666087806224823,-0.6076168417930603,0.02313094027340412,0.13604925572872162,-0.701438307762146,-0.07188967615365982,0.07280994951725006,-0.48998183012008667,-0.044206131249666214,0.054083529859781265,-0.44641679525375366,0.0001970834709936753,0.22939853370189667,-0.5350915789604187,-0.004208270460367203,0.2650824189186096,-0.6522223353385925,-0.05423278361558914,0.20826686918735504,-0.5228895545005798,-0.02498917654156685,0.18551823496818542,-0.47571036219596863,0.01253511942923069
A,0.0,0.0,0.0,-0.20783068239688873,-0.17584533989429474,-0.0638725757598877,-0.29633769392967224,-0.4859805405139923,-0.06929813325405121,-0.29022476077079773,-0.7604719996452332,-0.07888126373291016,-0.28709015250205994,-0.9579035639762878,-0.06990846991539001,-0.13763533532619476,-0.6783034205436707,0.052800633013248444,-0.142639622092247,-0.8109434843063354,-0.02564098872244358,-0.15357697010040283,-0.5857524871826172,-0.05874304473400116,-0.1358635574579239,-0.5016713738441467,-0.06769486516714096,-0.00689383689314127,-0.6612910032272339,0.05060935765504837,-0.010079275816679,-0.7630341053009033,-0.03243761882185936,-0.051584333181381226,-0.5187231302261353,-0.041020993143320084,-0.038215652108192444,-0.48466479778289795,-0.023448577150702477,0.113893061876297,-0.6108314394950867,0.024077050387859344,0.12581795454025269,-0.6940132975578308,-0.07294026762247086,0.06407298147678375,-0.4734954535961151,-0.04040580615401268,0.06325946748256683,-0.43644243478775024,0.008748266845941544,0.2315685749053955,-0.5421617031097412,-0.009338037110865116,0.2545381188392639,-0.6443017721176147,-0.05580824241042137,0.19059965014457703,-0.49385398626327515,-0.01985344849526882,0.17747507989406586,-0.4413871169090271,0.022250954061746597
A,0.0,0.0,0.0,-0.20757628977298737,-0.16383777558803558,-0.06423192471265793,-0.2968343496322632,-0.48312854766845703,-0.07078124582767487,-0.2949373722076416,-0.7574917078018188,-0.07974786311388016,-0.2942785322666168,-0.9557197093963623,-0.06845264881849289,-0.16022396087646484,-0.6810581684112549,0.0425528846681118,-0.15183283388614655,-0.8097886443138123,-0.034246768802404404,-0.164054736495018,-0.5785879492759705,-0.06213777884840965,-0.15796157717704773,-0.4924670457839966,-0.06798453629016876,-0.030084218829870224,-0.6717517971992493,0.040219299495220184,-0.02926342748105526,-0.7556483149528503,-0.038805920630693436,-0.06969137489795685,-0.510523796081543,-0.04184168949723244,-0.06159878894686699,-0.4794022738933563,-0.021659526973962784,0.09071601182222366,-0.6256110072135925,0.014071878977119923,0.09967232495546341,-0.699661374092102,-0.07808282971382141,0.04178999736905098,-0.47878268361091614,-0.041870687156915665,0.03744925558567047,-0.43986257910728455,0.0077004991471767426,0.20526768267154694,-0.5627252459526062,-0.019351501017808914,0.2199815958738327,-0.6426427364349365,-0.0651310533285141,0.15982870757579803,-0.4935869872570038,-0.03049703687429428,0.1446150243282318,-0.444704532623291,0.010137896053493023
A,0.0,0.0,0.0,-0.20009902119636536,-0.16011403501033783,-0.06565648317337036,-0.29273468255996704,-0.4797641932964325,-0.07181919366121292,-0.28801512718200684,-0.7609558701515198,-0.08170291036367416,-0.2828191816806793,-0.9591732025146484,-0.07365157455205917,-0.1477111279964447,-0.666068434715271,0.04669485613703728,-0.13331231474876404,-0.8166101574897766,-0.03664420172572136,-0.15190517902374268,-0.5867470502853394,-0.07124166190624237,-0.1432485282421112,-0.5003067255020142,-0.08012282103300095,-0.016977816820144653,-0.6477574110031128,0.04416561499238014,-0.008704309351742268,-0.7650038599967957,-0.04184089973568916,-0.056819625198841095,-0.514254629611969,-0.049502965062856674,-0.04791431501507759,-0.4779191315174103,-0.030237164348363876,0.1038878783583641,-0.6016572713851929,0.01687086746096611,0.12146599590778351,-0.7048689723014832,-0.08253629505634308,0.05688655376434326,-0.47326090931892395,-0.046190839260816574,0.05252984166145325,-0.428005188703537,0.006391805596649647,0.22119484841823578,-0.5387411117553711,-0.017339453101158142,0.2417612224817276,-0.6573131680488586,-0.06514289230108261,0.18252898752689362,-0.4923303723335266,-0.025219930335879326,0.171299546957016,-0.42909514904022217,0.02023131027817726
A,0.0,0.0,0.0,-0.20300455391407013,-0.16051095724105835,-0.057253602892160416,-0.2959924042224884,-0.47993314266204834,-0.06115476414561272,-0.2920216917991638,-0.7593761086463928,-0.07059653848409653,-0.28855130076408386,-0.9574644565582275,-0.06369369477033615,-0.1504776030778885,-0.664103627204895,0.05004599690437317,-0.13822679221630096,-0.8134955167770386,-0.032079458236694336,-0.15799598395824432,-0.5890899300575256,-0.06732958555221558,-0.14959654211997986,-0.5001307725906372,-0.076519675552845,-0.019560592249035835,-0.6453269720077515,0.043508380651474,-0.011010536924004555,-0.76302570104599,-0.039974115788936615,-0.05937991663813591,-0.5192500948905945,-0.04822875186800957,-0.0526694729924202,-0.47760525345802307,-0.030331643298268318,0.10245398432016373,-0.5987520217895508,0.01351520698517561,0.11964711546897888,-0.7027729749679565,-0.08288697898387909,0.05634994059801102,-0.4740432798862457,-0.046360038220882416,0.050742436200380325,-0.42397165298461914,0.005238709971308708,0.22246447205543518,-0.535372793674469,-0.022587865591049194,0.2429220825433731,-0.6585253477096558,-0.06744329631328583,0.18391939997673035,-0.49319493770599365,-0.02534058876335621,0.1704539805650711,-0.4267231822013855,0.02079409919679165
A,0.0,0.0,0.0,-0.22112751007080078,-0.16516995429992676,-0.05967804789543152,-0.32475489377975464,-0.47232359647750854,-0.06322100758552551,-0.3241296708583832,-0.7483132481575012,-0.07159197330474854,-0.32488399744033813,-0.9457539319992065,-0.0622420534491539,-0.18334974348545074,-0.6658391952514648,0.06114346906542778,-0.16530193388462067,-0.8123834133148193,-0.023835012689232826,-0.1820201575756073,-0.5983378887176514,-0.0663066953420639,-0.18361803889274597,-0.5003933310508728,-0.07903575152158737,-0.05277741700410843,-0.6523922085762024,0.058074649423360825,-0.036371298134326935,-0.7679846286773682,-0.029670026153326035,-0.07713720202445984,-0.5269988775253296,-0.048035070300102234,-0.08497738838195801,-0.4744735062122345,-0.03556931018829346,0.06906202435493469,-0.6154964566230774,0.031067922711372375,0.08979696035385132,-0.7080362439155579,-0.06719543039798737,0.03233258053660393,-0.48448559641838074,-0.03883667290210724,0.013969192281365395,-0.4240715503692627,0.009126790799200535,0.1882690191268921,-0.5606489181518555,-0.002047130139544606,0.2085045576095581,-0.6743362545967102,-0.047063738107681274,0.15398390591144562,-0.5127992033958435,-0.00828267727047205,0.1333741843700409,-0.44360581040382385,0.036895014345645905
A,0.0,0.0,0.0,-0.22178983688354492,-0.15783803164958954,-0.052668727934360504,-0.32576581835746765,-0.4724198579788208,-0.05462286248803139,-0.3281196355819702,-0.7489864230155945,-0.0630347952246666,-0.32835811376571655,-0.9445533156394958,-0.05465315282344818,-0.18805497884750366,-0.6664077043533325,0.061118826270103455,-0.174403116106987,-0.8148757815361023,-0.021296437829732895,-0.18694710731506348,-0.5922293663024902,-0.06152266263961792,-0.1843244433403015,-0.4926665127277374,-0.07351841777563095,-0.0566963292658329,-0.6534686088562012,0.053042225539684296,-0.04399197921156883,-0.7698811292648315,-0.030532479286193848,-0.08469586074352264,-0.5216501355171204,-0.044365640729665756,-0.08966076374053955,-0.47183504700660706,-0.03025035560131073,0.06611361354589462,-0.6123448014259338,0.021759815514087677,0.0878182202577591,-0.7060053944587708,-0.0711730346083641,0.028170647099614143,-0.47801363468170166,-0.03841454163193703,0.009922560304403305,-0.42359793186187744,0.009683908894658089,0.18476171791553497,-0.5528424978256226,-0.015501120127737522,0.2097478061914444,-0.6632769107818604,-0.05585520714521408,0.1518871933221817,-0.496855229139328,-0.013239248655736446,0.12815074622631073,-0.42946138978004456,0.03247799351811409
A,0.0,0.0,0.0,-0.2086874097585678,-0.13063831627368927,-0.06018001586198807,-0.3189769983291626,-0.45166051387786865,-0.06549575924873352,-0.32705608010292053,-0.7415680885314941,-0.07585472613573074,-0.3232068419456482,-0.946328341960907,-0.07003428786993027,-0.18158777058124542,-0.650895893573761,0.04411056265234947,-0.16454491019248962,-0.8217673897743225,-0.04246709123253822,-0.17659102380275726,-0.6028052568435669,-0.08070439845323563,-0.17753411829471588,-0.49254217743873596,-0.09053704142570496,-0.048451509326696396,-0.6378147602081299,0.03908947855234146,-0.03457798808813095,-0.7712804675102234,-0.047488532960414886,-0.07461568713188171,-0.5201417207717896,-0.058834876865148544,-0.08421628177165985,-0.4559843838214874,-0.042553648352622986,0.0765010342001915,-0.6002582907676697,0.010624484159052372,0.10020970553159714,-0.7091435194015503,-0.08863858133554459,0.04229196533560753,-0.4710330069065094,-0.056621599942445755,0.01876668818295002,-0.40426331758499146,-0.007690133526921272,0.19957396388053894,-0.5442352294921875,-0.023707281798124313,0.22097550332546234,-0.6515322923660278,-0.0725879892706871,0.16432945430278778,-0.47690579295158386,-0.035346344113349915,0.13570299744606018,-0.40691304206848145,0.007293628063052893
A,0.0,0.0,0.0,-0.21263864636421204,-0.15085388720035553,-0.055767953395843506,-0.31428155303001404,-0.4689696431159973,-0.05765416845679283,-0.31542208790779114,-0.75154709815979,-0.06500904262065887,-0.3114503026008606,-0.9502623677253723,-0.05534271150827408,-0.1664275825023651,-0.6685623526573181,0.05164216458797455,-0.15869919955730438,-0.8243585824966431,-0.029917750507593155,-0.17429497838020325,-0.6013776063919067,-0.06658297777175903,-0.1662931889295578,-0.494209349155426,-0.07642798125743866,-0.03797478601336479,-0.6523417234420776,0.04615718871355057,-0.027445875108242035,-0.7730493545532227,-0.03810944780707359,-0.07403887063264847,-0.5207119584083557,-0.04903724417090416,-0.07407589256763458,-0.46167388558387756,-0.03294598311185837,0.08257422596216202,-0.6043424010276794,0.01787530444562435,0.1063614934682846,-0.7040695548057556,-0.07972480356693268,0.03837774321436882,-0.47171550989151,-0.04735264927148819,0.022081205621361732,-0.406552255153656,0.0022588467691093683,0.2039133757352829,-0.5373265147209167,-0.01603556051850319,0.23003028333187103,-0.6532564163208008,-0.0636715516448021,0.16647006571292877,-0.4912043809890747,-0.02582157962024212,0.14079102873802185,-0.4224218726158142,0.01802985556423664
A,0.0,0.0,0.0,-0.2174905687570572,-0.16344799101352692,-0.0542147271335125,-0.31618598103523254,-0.4810023605823517,-0.05403055623173714,-0.3142213523387909,-0.7564356923103333,-0.059938181191682816,-0.31621667742729187,-0.948686957359314,-0.04814497381448746,-0.17231245338916779,-0.6740769743919373,0.06549130380153656,-0.1612032949924469,-0.8331596851348877,-0.009983358904719353,-0.17005407810211182,-0.6079408526420593,-0.04318000748753548,-0.1595170795917511,-0.5256108045578003,-0.05263432487845421,-0.043166596442461014,-0.6630155444145203,0.05944585055112839,-0.03741150721907616,-0.7896638512611389,-0.024147184565663338,-0.07679863274097443,-0.5352424383163452,-0.036224476993083954,-0.07030561566352844,-0.49792593717575073,-0.02006106823682785,0.07718823850154877,-0.6217666864395142,0.0300951786339283,0.09008734673261642,-0.7340208888053894,-0.06025448814034462,0.031125739216804504,-0.5011284947395325,-0.024739421904087067,0.022637806832790375,-0.45613187551498413,0.024585211649537086,0.19226638972759247,-0.5631081461906433,-0.005735557992011309,0.20958124101161957,-0.6776803135871887,-0.04546293243765831,0.14798657596111298,-0.510993480682373,-0.00463589932769537,0.12975268065929413,-0.4499683082103729,0.03942189738154411
A,0.0,0.0,0.0,-0.22885189950466156,-0.18397071957588196,-0.03886212408542633,-0.32705599069595337,-0.4896203577518463,-0.034636933356523514,-0.3206231892108917,-0.7581686973571777,-0.03979372978210449,-0.32123813033103943,-0.9469984769821167,-0.02848018892109394,-0.18193726241588593,-0.6767327189445496,0.07712868601083755,-0.1793825477361679,-0.8306161761283875,0.003602661658078432,-0.19124843180179596,-0.60926353931427,-0.03321598842740059,-0.18093934655189514,-0.5238246321678162,-0.044938281178474426,-0.058301206678152084,-0.6616595387458801,0.0652245506644249,-0.054954178631305695,-0.7903667688369751,-0.014946015551686287,-0.09525147825479507,-0.5382364392280579,-0.029679926112294197,-0.09062913805246353,-0.49061211943626404,-0.016577184200286865,0.059614770114421844,-0.6195089817047119,0.03207571804523468,0.07076995819807053,-0.7361378073692322,-0.053744081407785416,0.011640029028058052,-0.5038670301437378,-0.018466735258698463,0.002696688286960125,-0.44705677032470703,0.029832283034920692,0.17398957908153534,-0.5591498017311096,-0.006298845633864403,0.1903955638408661,-0.6834871172904968,-0.03938831388950348,0.12812255322933197,-0.5183647871017456,0.005671727936714888,0.10822676122188568,-0.4503745436668396,0.05185680091381073
A,0.0,0.0,0.0,-0.22994570434093475,-0.17522954940795898,-0.028961889445781708,-0.33722755312919617,-0.471217542886734,-0.019338367506861687,-0.33930906653404236,-0.7485671043395996,-0.022392509505152702,-0.34446313977241516,-0.9387998580932617,-0.009718713350594044,-0.19276852905750275,-0.6677471399307251,0.0966777577996254,-0.1932244598865509,-0.8316997289657593,0.021441824734210968,-0.21054568886756897,-0.6150541305541992,-0.0179058238863945,-0.2020883560180664,-0.5160233378410339,-0.02978489175438881,-0.07105007767677307,-0.6533967852592468,0.07998556643724442,-0.07414411008358002,-0.7960389256477356,-0.004276626277714968,-0.11365870386362076,-0.5370945334434509,-0.024187376722693443,-0.10858359187841415,-0.4682810306549072,-0.01263384148478508,0.045279230922460556,-0.6144064664840698,0.042229484766721725,0.05059460550546646,-0.7393604516983032,-0.0475553460419178,-0.005440192762762308,-0.49044355750083923,-0.012719634920358658,-0.011142944917082787,-0.4069881737232208,0.03859249874949455,0.16777680814266205,-0.5578957200050354,4.2929736082442105e-05,0.17078770697116852,-0.6923568844795227,-0.03440837562084198,0.1160648763179779,-0.5185905694961548,0.011992834508419037,0.10111314803361893,-0.43943533301353455,0.060867831110954285
A,0.0,0.0,0.0,-0.21587856113910675,-0.15432728826999664,-0.04874401539564133,-0.33698952198028564,-0.46011069416999817,-0.047331251204013824,-0.35110077261924744,-0.7375944256782532,-0.05552963539958,-0.35722580552101135,-0.9340180158615112,-0.04618385061621666,-0.20895211398601532,-0.6680400371551514,0.08480888605117798,-0.20008164644241333,-0.837063729763031,0.002177709247916937,-0.20699837803840637,-0.6201748847961426,-0.034075647592544556,-0.19599658250808716,-0.5331748723983765,-0.042330142110586166,-0.08228561282157898,-0.6570757031440735,0.07452243566513062,-0.07829821854829788,-0.7947407960891724,-0.010841594077646732,-0.10771847516298294,-0.5464447736740112,-0.020421449095010757,-0.1005590632557869,-0.5066070556640625,-0.0010759682627394795,0.03690437972545624,-0.6239659190177917,0.03814844787120819,0.04581882432103157,-0.7408744692802429,-0.0568498931825161,0.0007798471488058567,-0.5091249942779541,-0.022135524079203606,-0.0029335699509829283,-0.46065694093704224,0.02905764803290367,0.1589471846818924,-0.5756574273109436,-0.004607797600328922,0.1647813469171524,-0.6946943998336792,-0.045521896332502365,0.1186712235212326,-0.5244889855384827,-0.005195292178541422,0.10780303925275803,-0.4580886662006378,0.03939667344093323
A,0.0,0.0,0.0,-0.21978305280208588,-0.14661210775375366,-0.03440318629145622,-0.3427560031414032,-0.4604882001876831,-0.027554171159863472,-0.35520192980766296,-0.7369022965431213,-0.03284534811973572,-0.36799347400665283,-0.9298283457756042,-0.023570628836750984,-0.2071596384048462,-0.6599463224411011,0.08068321645259857,-0.20919249951839447,-0.8372727036476135,0.0023861362133175135,-0.2259429693222046,-0.6268822550773621,-0.03356609120965004,-0.21322275698184967,-0.5433738231658936,-0.04395517706871033,-0.08833137899637222,-0.6465145349502563,0.06265734881162643,-0.09622716903686523,-0.8060535788536072,-0.018383905291557312,-0.13499176502227783,-0.5639206171035767,-0.029422899708151817,-0.12092140316963196,-0.5133732557296753,-0.012181726284325123,0.02865571528673172,-0.6110000610351562,0.0220661498606205,0.020550401881337166,-0.753467857837677,-0.06746965646743774,-0.029205113649368286,-0.5210690498352051,-0.031775105744600296,-0.022752875462174416,-0.4571132957935333,0.018627429381012917,0.1519751101732254,-0.5640451908111572,-0.023712201043963432,0.13415025174617767,-0.6979791522026062,-0.06378727406263351,0.08474373817443848,-0.5289052128791809,-0.02117917127907276,0.0853285863995552,-0.4541822373867035,0.02473902888596058
A,0.0,0.0,0.0,-0.22237469255924225,-0.17335636913776398,-0.023617306724190712,-0.34025007486343384,-0.4688798785209656,-0.015868738293647766,-0.3533332943916321,-0.7355509400367737,-0.024779582396149635,-0.36182355880737305,-0.9322466254234314,-0.02005808986723423,-0.1997424215078354,-0.6711432933807373,0.11200342327356339,-0.21518617868423462,-0.8434140682220459,0.030928999185562134,-0.2331845760345459,-0.634569525718689,-0.012477046810090542,-0.21500791609287262,-0.5322152376174927,-0.024319879710674286,-0.08650840073823929,-0.6613782644271851,0.09042090177536011,-0.10555766522884369,-0.8158524632453918,0.011633937247097492,-0.13862596452236176,-0.5780871510505676,-0.004918326623737812,-0.11606524884700775,-0.5200656652450562,0.009755516424775124,0.02630634233355522,-0.6272494792938232,0.04499761760234833,0.003692061873152852,-0.7685337662696838,-0.03737000748515129,-0.03894329443573952,-0.5424284338951111,-0.0034358107950538397,-0.023223161697387695,-0.4759061932563782,0.046215444803237915,0.1457349956035614,-0.5761396884918213,-0.005592913832515478,0.11438129097223282,-0.7163712382316589,-0.0352579727768898,0.07005083560943604,-0.5518795847892761,0.009155676700174809,0.07974857836961746,-0.4745166301727295,0.05623055249452591
A,0.0,0.0,0.0,-0.23284104466438293,-0.1656881719827652,-0.026120005175471306,-0.3635309934616089,-0.45670971274375916,-0.021540669724345207,-0.3750587999820709,-0.7328859567642212,-0.0341479629278183,-0.3800635039806366,-0.9249603748321533,-0.030592797324061394,-0.20698176324367523,-0.6907793283462524,0.09270418435335159,-0.22600142657756805,-0.8891475200653076,-0.004221634939312935,-0.24706870317459106,-0.6668980121612549,-0.050383418798446655,-0.23196986317634583,-0.5659535527229309,-0.06162639707326889,-0.09049110114574432,-0.6752176880836487,0.06702663749456406,-0.10636401176452637,-0.8480573892593384,-0.026889804750680923,-0.14100831747055054,-0.5820885300636292,-0.03660129755735397,-0.11803462356328964,-0.5377750992774963,-0.014190254732966423,0.025903578847646713,-0.6396172642707825,0.0162428617477417,0.009731665253639221,-0.7967066168785095,-0.0828503668308258,-0.03616935387253761,-0.5465603470802307,-0.03831802308559418,-0.01797058805823326,-0.49075278639793396,0.02248767390847206,0.15125772356987,-0.5862041115760803,-0.04012419283390045,0.13249069452285767,-0.7443695068359375,-0.08017214387655258,0.07712886482477188,-0.5669476985931396,-0.029996732249855995,0.0798594132065773,-0.48418402671813965,0.023919066414237022
A,0.0,0.0,0.0,-0.22731460630893707,-0.1763949990272522,-0.02308567613363266,-0.34973081946372986,-0.462710976600647,-0.020678754895925522,-0.3598072826862335,-0.7358495593070984,-0.035296350717544556,-0.3612267076969147,-0.9324780106544495,-0.035576336085796356,-0.198078915476799,-0.6810091137886047,0.09148597717285156,-0.19973546266555786,-0.884983479976654,0.0021072302479296923,-0.2237158566713333,-0.672217845916748,-0.041267696768045425,-0.21502918004989624,-0.5584087371826172,-0.05151788517832756,-0.08170611411333084,-0.668777346611023,0.06627116352319717,-0.08898013830184937,-0.8510724902153015,-0.020817682147026062,-0.12509334087371826,-0.6001406311988831,-0.03253277391195297,-0.10435740649700165,-0.5358977317810059,-0.012992925941944122,0.032703496515750885,-0.6342257261276245,0.018143702298402786,0.021096041426062584,-0.7992092967033386,-0.07298728078603745,-0.022923417389392853,-0.5591884851455688,-0.031385209411382675,-0.006120192352682352,-0.4850495457649231,0.025711894035339355,0.1547379046678543,-0.5796107649803162,-0.03483745455741882,0.1322399377822876,-0.7438066601753235,-0.07042952626943588,0.08451298624277115,-0.5723276138305664,-0.02067275531589985,0.09363003075122833,-0.48364177346229553,0.031839195638895035
A,0.0,0.0,0.0,-0.22749513387680054,-0.17856965959072113,-0.027124138548970222,-0.3515089154243469,-0.4694666266441345,-0.023360716179013252,-0.360984742641449,-0.7390478253364563,-0.03540083020925522,-0.36532673239707947,-0.9308793544769287,-0.031382545828819275,-0.1984880417585373,-0.6823069453239441,0.08883124589920044,-0.20222584903240204,-0.8914139270782471,0.0007136164349503815,-0.22667929530143738,-0.680437445640564,-0.04193728789687157,-0.21590708196163177,-0.5701215863227844,-0.052629753947257996,-0.0814853310585022,-0.6706995964050293,0.06539875268936157,-0.08751881122589111,-0.8530826568603516,-0.020764747634530067,-0.12734639644622803,-0.6056594848632812,-0.03338917717337608,-0.10774446278810501,-0.5423150658607483,-0.01449112594127655,0.03310892730951309,-0.6324313879013062,0.019215185195207596,0.022002138197422028,-0.790282130241394,-0.0704171359539032,-0.024047989398241043,-0.5576885342597961,-0.028707293793559074,-0.005885147023946047,-0.486261248588562,0.02816724218428135,0.15478090941905975,-0.5746366381645203,-0.03247622027993202,0.13051724433898926,-0.7362325191497803,-0.06615134328603745,0.08337719738483429,-0.5747103691101074,-0.01420545019209385,0.0948932021856308,-0.49214428663253784,0.0397157296538353
A,0.0,0.0,0.0,-0.23423489928245544,-0.17774677276611328,-0.03317106515169144,-0.3665052354335785,-0.45740020275115967,-0.03317685052752495,-0.382936954498291,-0.7276854515075684,-0.048663023859262466,-0.3844546675682068,-0.9231438636779785,-0.04732416197657585,-0.22190693020820618,-0.6894041299819946,0.09956065565347672,-0.21691927313804626,-0.8955538272857666,0.008515832014381886,-0.2419058084487915,-0.6928898096084595,-0.03714874014258385,-0.2412223368883133,-0.5823248624801636,-0.04751885309815407,-0.10198251157999039,-0.678676962852478,0.07890573143959045,-0.0951424390077591,-0.8638588190078735,-0.01088241208344698,-0.13415230810642242,-0.6114614605903625,-0.02554197981953621,-0.12647122144699097,-0.5513894557952881,-0.005357710178941488,0.013284594751894474,-0.6437599658966064,0.03326041251420975,0.018694216385483742,-0.8026649355888367,-0.061494745314121246,-0.02519254758954048,-0.5695492625236511,-0.02434898354113102,-0.016204627230763435,-0.5033650398254395,0.032359685748815536,0.13330256938934326,-0.5874667167663574,-0.017840944230556488,0.12928995490074158,-0.7487080693244934,-0.0536281056702137,0.08267995715141296,-0.5839009881019592,-0.004632709547877312,0.08604715019464493,-0.5040126442909241,0.048852819949388504
A,0.0,0.0,0.0,-0.23646509647369385,-0.15419217944145203,-0.04327646642923355,-0.3699240982532501,-0.4545448422431946,-0.042756080627441406,-0.3872089385986328,-0.729097306728363,-0.05481511726975441,-0.39926877617836,-0.9168339371681213,-0.04949086531996727,-0.2214699387550354,-0.6857720017433167,0.07398619502782822,-0.21207068860530853,-0.9024590849876404,-0.022411130368709564,-0.23382264375686646,-0.6919323205947876,-0.06698097288608551,-0.23122639954090118,-0.5793116092681885,-0.07574997842311859,-0.09859341382980347,-0.6679540276527405,0.05848519131541252,-0.08459242433309555,-0.853435754776001,-0.03836412727832794,-0.12327796965837479,-0.591327965259552,-0.05192525312304497,-0.12342453747987747,-0.521618127822876,-0.0298305656760931,0.01663001999258995,-0.6336334943771362,0.018286850303411484,0.02717423066496849,-0.7877001762390137,-0.08468601107597351,-0.017954597249627113,-0.5421255230903625,-0.0486004576086998,-0.01848721131682396,-0.461889386177063,0.009790674783289433,0.13546772301197052,-0.5848866701126099,-0.027476822957396507,0.13624851405620575,-0.7481802105903625,-0.06741300225257874,0.09238463640213013,-0.5817466378211975,-0.01882527768611908,0.08855622261762619,-0.4944891333580017,0.03536870703101158
A,0.0,0.0,0.0,-0.23139412701129913,-0.1553020179271698,-0.054801613092422485,-0.371126264333725,-0.44745245575904846,-0.055649951100349426,-0.3956134021282196,-0.7261949181556702,-0.06691848486661911,-0.39602717757225037,-0.9182387590408325,-0.05742570012807846,-0.22923226654529572,-0.6971979141235352,0.0994577407836914,-0.21448107063770294,-0.8915120959281921,0.003123566275462508,-0.22978557646274567,-0.6741920113563538,-0.03820447996258736,-0.2357242852449417,-0.5900941491127014,-0.04426951706409454,-0.10232529044151306,-0.6857399940490723,0.0896686390042305,-0.08188361674547195,-0.8434858918190002,-0.010895282961428165,-0.11697446554899216,-0.5791734457015991,-0.02554546855390072,-0.12736546993255615,-0.5543214082717896,-0.001111272256821394,0.017499875277280807,-0.6535341143608093,0.050898902118206024,0.03818655386567116,-0.7747853398323059,-0.05963332578539848,-0.0014514137292280793,-0.532875120639801,-0.02662006765604019,-0.011386659927666187,-0.5063172578811646,0.031674161553382874,0.13983193039894104,-0.6061450839042664,0.005849204957485199,0.15077276527881622,-0.7367358207702637,-0.03766656666994095,0.10819102078676224,-0.5540741682052612,0.008773544803261757,0.09803037345409393,-0.49248674511909485,0.06279196590185165
A,0.0,0.0,0.0,-0.23185953497886658,-0.1738831102848053,-0.03773566707968712,-0.35605964064598083,-0.4785462021827698,-0.04130682721734047,-0.3696766495704651,-0.7389161586761475,-0.057686276733875275,-0.3748173415660858,-0.9270986914634705,-0.058158617466688156,-0.19032791256904602,-0.725667417049408,0.06779465824365616,-0.1790970116853714,-0.9193609952926636,-0.02623806707561016,-0.20460593700408936,-0.707630455493927,-0.07116811722517014,-0.20763343572616577,-0.5911265015602112,-0.0814146175980568,-0.06112276762723923,-0.7110392451286316,0.04795077070593834,-0.046022769063711166,-0.8781642317771912,-0.044593848288059235,-0.08977165818214417,-0.6146025657653809,-0.058791082352399826,-0.09206466376781464,-0.5459364056587219,-0.03872344270348549,0.06210005655884743,-0.6737080216407776,0.005748371593654156,0.07440387457609177,-0.8067182302474976,-0.09360396862030029,0.024809878319501877,-0.5607990026473999,-0.057850368320941925,0.01910988800227642,-0.4903361201286316,-0.0024958057329058647,0.1857505738735199,-0.6151730418205261,-0.04100482165813446,0.19156710803508759,-0.7559985518455505,-0.0815281867980957,0.13894638419151306,-0.5784806609153748,-0.03253649175167084,0.12377293407917023,-0.49782541394233704,0.021096594631671906
A,0.0,0.0,0.0,-0.23147308826446533,-0.15857075154781342,-0.05430068075656891,-0.35654720664024353,-0.4689834415912628,-0.06013988330960274,-0.3644360303878784,-0.7396202087402344,-0.07426847517490387,-0.37100493907928467,-0.9286308884620667,-0.06910879909992218,-0.19995373487472534,-0.702427864074707,0.05042899772524834,-0.1726374328136444,-0.9148134589195251,-0.042928487062454224,-0.192444309592247,-0.6964771747589111,-0.08361802995204926,-0.19789734482765198,-0.5850442051887512,-0.09098561108112335,-0.07057665288448334,-0.6821873188018799,0.040373533964157104,-0.038869839161634445,-0.8527961373329163,-0.054081059992313385,-0.08292268216609955,-0.6007040739059448,-0.06671474128961563,-0.09317488223314285,-0.5390058755874634,-0.04640395939350128,0.04493263363838196,-0.6427280306816101,0.00670631555840373,0.0780404582619667,-0.7825667262077332,-0.0931413397192955,0.027700159698724747,-0.5490525364875793,-0.0596151128411293,0.014720568433403969,-0.4822581112384796,-0.006502632517367601,0.15888269245624542,-0.5869989395141602,-0.03330398350954056,0.1925174593925476,-0.7243342995643616,-0.07686563581228256,0.1431087702512741,-0.5666467547416687,-0.03664636239409447,0.12100547552108765,-0.49237120151519775,0.010209995321929455
A,0.0,0.0,0.0,-0.2222718596458435,-0.17365968227386475,-0.04305753856897354,-0.34006237983703613,-0.4864984154701233,-0.04385192319750786,-0.3464461863040924,-0.7488651871681213,-0.054829780012369156,-0.3522251546382904,-0.9359152317047119,-0.04708826541900635,-0.18784496188163757,-0.700238049030304,0.06390387564897537,-0.1582995504140854,-0.912298321723938,-0.019629212096333504,-0.17659790813922882,-0.6992783546447754,-0.0560174360871315,-0.17894397675991058,-0.5933372378349304,-0.06313412636518478,-0.06167341768741608,-0.684218168258667,0.05039991810917854,-0.030260343104600906,-0.8529947996139526,-0.03390128165483475,-0.06992924213409424,-0.6064854860305786,-0.04489395394921303,-0.079508937895298,-0.5446445941925049,-0.026185033842921257,0.05518193915486336,-0.644551694393158,0.014744237996637821,0.08045455813407898,-0.7841465473175049,-0.07122881710529327,0.034343525767326355,-0.5629193782806396,-0.03608164191246033,0.019967664033174515,-0.5000419616699219,0.01352930348366499,0.1713627278804779,-0.5879919528961182,-0.02679555118083954,0.19151975214481354,-0.7213616371154785,-0.05865306779742241,0.14301477372646332,-0.5708188414573669,-0.015036475844681263,0.12108390778303146,-0.5038285255432129,0.03096853755414486
A,0.0,0.0,0.0,-0.2249366044998169,-0.1795991212129593,-0.05111536756157875,-0.348395973443985,-0.4849053919315338,-0.05791681632399559,-0.35378867387771606,-0.7523860335350037,-0.07484222203493118,-0.348977267742157,-0.9371312260627747,-0.07227975130081177,-0.184971421957016,-0.7128720283508301,0.05608541890978813,-0.15011559426784515,-0.919406533241272,-0.042805999517440796,-0.18103204667568207,-0.6968604922294617,-0.08747610449790955,-0.19092199206352234,-0.5856451392173767,-0.0973193347454071,-0.05704164877533913,-0.6864176392555237,0.041749779134988785,-0.017118986696004868,-0.8680150508880615,-0.06020833179354668,-0.07286675274372101,-0.607964813709259,-0.07517848908901215,-0.09216907620429993,-0.5425738096237183,-0.054770153015851974,0.05724535882472992,-0.643342912197113,0.0033223547507077456,0.09733939170837402,-0.7916361093521118,-0.10053350031375885,0.03825891762971878,-0.553056001663208,-0.0655280277132988,0.016125565394759178,-0.4858097732067108,-0.010094646364450455,0.1709836721420288,-0.5819132328033447,-0.04150811582803726,0.21306852996349335,-0.7325130701065063,-0.08486191183328629,0.16058656573295593,-0.5763399600982666,-0.04224128648638725,0.13283668458461761,-0.5034692287445068,0.006382462102919817
A,0.0,0.0,0.0,-0.22549112141132355,-0.17485079169273376,-0.053285326808691025,-0.34757307171821594,-0.4798426926136017,-0.05647878348827362,-0.3512131869792938,-0.7515426278114319,-0.06700791418552399,-0.3516584634780884,-0.9361283183097839,-0.05552582070231438,-0.19140438735485077,-0.7153053879737854,0.06093159317970276,-0.1541881561279297,-0.9122107028961182,-0.03045927733182907,-0.1807897388935089,-0.6856297850608826,-0.0727277547121048,-0.1899288445711136,-0.5771410465240479,-0.08289364725351334,-0.060901813209056854,-0.6975812911987305,0.05191917344927788,-0.022839369252324104,-0.8651149272918701,-0.04319244250655174,-0.07143189013004303,-0.6037713885307312,-0.05735470727086067,-0.08984806388616562,-0.5439081192016602,-0.03912161663174629,0.05484124645590782,-0.653517484664917,0.019250329583883286,0.09538095444440842,-0.7965971827507019,-0.07728049904108047,0.0411955825984478,-0.56397944688797,-0.03869885578751564,0.02183154970407486,-0.4938337206840515,0.016435308381915092,0.1703459471464157,-0.5902824401855469,-0.020233115181326866,0.2088432013988495,-0.7375456690788269,-0.059301991015672684,0.15695132315158844,-0.5831826329231262,-0.01443259883671999,0.128376767039299,-0.5111250877380371,0.03460793197154999
A,0.0,0.0,0.0,-0.22785137593746185,-0.16952989995479584,-0.04926363006234169,-0.34305205941200256,-0.4871837794780731,-0.0465899296104908,-0.34282413125038147,-0.756127119064331,-0.05338578671216965,-0.3489064574241638,-0.9371575713157654,-0.04054940119385719,-0.18708664178848267,-0.6968184113502502,0.06494688242673874,-0.1490342766046524,-0.9065001010894775,-0.0215828288346529,-0.17124825716018677,-0.6856769919395447,-0.05971364304423332,-0.18051433563232422,-0.580181896686554,-0.06688789278268814,-0.059507183730602264,-0.6758990287780762,0.054855965077877045,-0.019633699208498,-0.853437602519989,-0.03617383539676666,-0.06830570101737976,-0.5975872874259949,-0.04977567866444588,-0.089045949280262,-0.5343436598777771,-0.030612699687480927,0.05429869517683983,-0.6358410716056824,0.021301841363310814,0.09242043644189835,-0.7870946526527405,-0.07172257453203201,0.038198042660951614,-0.5557121634483337,-0.037915993481874466,0.01583075150847435,-0.48324254155158997,0.014330840669572353,0.16743315756320953,-0.5812758207321167,-0.018683645874261856,0.20713664591312408,-0.7405050992965698,-0.05436427891254425,0.1592714786529541,-0.5916241407394409,-0.012067464180290699,0.13502322137355804,-0.5156078934669495,0.034712404012680054
A,0.0,0.0,0.0,-0.227203369140625,-0.18326857686042786,-0.041039470583200455,-0.3396763205528259,-0.4869295358657837,-0.036592479795217514,-0.33512720465660095,-0.7540386319160461,-0.0430222824215889,-0.34488925337791443,-0.9386433959007263,-0.030010949820280075,-0.18829771876335144,-0.7099050879478455,0.07846483588218689,-0.16278725862503052,-0.9077326059341431,-0.008638471364974976,-0.18150784075260162,-0.6863222122192383,-0.051180399954319,-0.18280045688152313,-0.5702407360076904,-0.060837287455797195,-0.0583108626306057,-0.692662239074707,0.06460332125425339,-0.027971072122454643,-0.864040195941925,-0.026742516085505486,-0.06882913410663605,-0.6063303351402283,-0.044613514095544815,-0.08121006190776825,-0.53513103723526,-0.028128143399953842,0.06080728769302368,-0.6498762369155884,0.028022218495607376,0.09419994056224823,-0.8000535368919373,-0.06643112748861313,0.04398301616311073,-0.5662965178489685,-0.03200920671224594,0.0256796944886446,-0.4876070022583008,0.021327301859855652,0.176424041390419,-0.5859702825546265,-0.013990595936775208,0.2069941908121109,-0.7444002628326416,-0.05165142938494682,0.15728572010993958,-0.5875521898269653,-0.006403696723282337,0.13225124776363373,-0.5063130259513855,0.043603092432022095
A,0.0,0.0,0.0,-0.23697346448898315,-0.1793898642063141,-0.03845716267824173,-0.3445398509502411,-0.49328646063804626,-0.03075370378792286,-0.33351054787635803,-0.7587087750434875,-0.03454837575554848,-0.3426405191421509,-0.9394665956497192,-0.019394122064113617,-0.18727613985538483,-0.7044224143028259,0.07716338336467743,-0.1589604765176773,-0.9136423468589783,-0.007214803714305162,-0.18433496356010437,-0.6889145374298096,-0.04429204389452934,-0.18579672276973724,-0.5719156861305237,-0.04987821355462074,-0.05833359435200691,-0.684829831123352,0.06300301849842072,-0.027432404458522797,-0.8662394285202026,-0.025242840871214867,-0.07539211958646774,-0.603746235370636,-0.03660038486123085,-0.08130837976932526,-0.5299028158187866,-0.015354831703007221,0.06163495406508446,-0.6410275101661682,0.026179319247603416,0.09484413266181946,-0.8036949038505554,-0.06624934077262878,0.03966834396123886,-0.5601949095726013,-0.02656606025993824,0.029950816184282303,-0.4718797206878662,0.03052569553256035,0.1808045506477356,-0.5776229500770569,-0.01614673063158989,0.21106205880641937,-0.7471542358398438,-0.05290719494223595,0.15986022353172302,-0.5900479555130005,-0.006695020943880081,0.1434045433998108,-0.5032034516334534,0.04404585808515549
A,0.0,0.0,0.0,-0.23229530453681946,-0.1716262251138687,-0.04101843014359474,-0.34898456931114197,-0.48592808842658997,-0.03653416410088539,-0.34308892488479614,-0.7532188892364502,-0.043628230690956116,-0.3492155075073242,-0.9370424747467041,-0.03120243549346924,-0.19792363047599792,-0.7146376967430115,0.0762052834033966,-0.1742098182439804,-0.9224825501441956,-0.014235741458833218,-0.19674454629421234,-0.702183723449707,-0.054539985954761505,-0.19972141087055206,-0.5910716652870178,-0.061605148017406464,-0.06553816795349121,-0.6984289288520813,0.059902679175138474,-0.03814128413796425,-0.8748584985733032,-0.030942967161536217,-0.08342303335666656,-0.6143420338630676,-0.04262907803058624,-0.09224198758602142,-0.551701009273529,-0.020980630069971085,0.05804675072431564,-0.6579219698905945,0.019636381417512894,0.08583713322877884,-0.8101344704627991,-0.07445520162582397,0.03344504535198212,-0.5724356770515442,-0.03539709001779556,0.021393660455942154,-0.5024337768554688,0.020717136561870575,0.18023455142974854,-0.5974348187446594,-0.02669590525329113,0.20757333934307098,-0.7541351318359375,-0.06355500221252441,0.1558905690908432,-0.5943697690963745,-0.01657893881201744,0.13714481890201569,-0.5176370143890381,0.034339528530836105
A,0.0,0.0,0.0,-0.2377721518278122,-0.1814022958278656,-0.025185341015458107,-0.3572292625904083,-0.48780471086502075,-0.018155427649617195,-0.35142019391059875,-0.7522523999214172,-0.026595668867230415,-0.3530054986476898,-0.9356212615966797,-0.018760716542601585,-0.1977139264345169,-0.7184767127037048,0.08250253647565842,-0.1842169165611267,-0.9281171560287476,-0.004831269849091768,-0.20917266607284546,-0.7130158543586731,-0.045015834271907806,-0.20548787713050842,-0.5903152227401733,-0.05199183523654938,-0.06789445877075195,-0.7008666396141052,0.05879538133740425,-0.05356737971305847,-0.887143075466156,-0.02957499586045742,-0.09646162390708923,-0.6294522881507874,-0.04221620038151741,-0.09341323375701904,-0.5443055629730225,-0.02137114480137825,0.0565873421728611,-0.6596872210502625,0.013710150495171547,0.06596652418375015,-0.8204916715621948,-0.07799480110406876,0.015661615878343582,-0.5771591663360596,-0.039187703281641006,0.01468112412840128,-0.4836222529411316,0.017588375136256218,0.1822909265756607,-0.5984975695610046,-0.035708922892808914,0.1835530549287796,-0.7652263641357422,-0.07132747024297714,0.13278572261333466,-0.6035850644111633,-0.02293897420167923,0.12428886443376541,-0.5114081501960754,0.02959357760846615
A,0.0,0.0,0.0,-0.24458160996437073,-0.16342422366142273,-0.03328016400337219,-0.37331026792526245,-0.47123855352401733,-0.03161169961094856,-0.36823299527168274,-0.7429783344268799,-0.04333958402276039,-0.3679944574832916,-0.9298279881477356,-0.038708072155714035,-0.21274533867835999,-0.7151270508766174,0.07015999406576157,-0.19965796172618866,-0.926004946231842,-0.017095820978283882,-0.2173738330602646,-0.713329553604126,-0.05749401077628136,-0.2146422564983368,-0.597160279750824,-0.06621672213077545,-0.08004476875066757,-0.7007395625114441,0.04832478240132332,-0.06698061525821686,-0.8893151879310608,-0.03809789568185806,-0.10475830733776093,-0.6335980892181396,-0.04947034642100334,-0.10465258359909058,-0.553744912147522,-0.029103048145771027,0.045763127505779266,-0.6600573062896729,0.00482445303350687,0.05672205612063408,-0.8224344849586487,-0.0877239778637886,0.011136743240058422,-0.5799616575241089,-0.04848518595099449,0.0075540863908827305,-0.4911092519760132,0.00781134283170104,0.17209890484809875,-0.5974442958831787,-0.04365759715437889,0.17485296726226807,-0.763275682926178,-0.08209995925426483,0.1284683346748352,-0.6002715229988098,-0.03376273438334465,0.11969156563282013,-0.5094979405403137,0.018554778769612312
A,0.0,0.0,0.0,-0.23630668222904205,-0.18311643600463867,-0.026875246316194534,-0.3582828640937805,-0.4867226779460907,-0.02256207913160324,-0.35667937994003296,-0.7468734979629517,-0.03428688645362854,-0.3567033112049103,-0.9342178106307983,-0.029791295528411865,-0.19994860887527466,-0.7214571833610535,0.08866318315267563,-0.1881875842809677,-0.9349513649940491,0.004444548860192299,-0.20863667130470276,-0.7289019823074341,-0.0370049849152565,-0.20576153695583344,-0.6075118184089661,-0.04571319743990898,-0.07250141352415085,-0.7066613435745239,0.06478313356637955,-0.05675528943538666,-0.8929263353347778,-0.01826288178563118,-0.09630083292722702,-0.6421507000923157,-0.032702356576919556,-0.09534715116024017,-0.560330331325531,-0.013916470110416412,0.0500841848552227,-0.6659945845603943,0.01904670149087906,0.06328864395618439,-0.826073944568634,-0.06776881963014603,0.015021947212517262,-0.589311420917511,-0.031548839062452316,0.010658087208867073,-0.5006771087646484,0.022374441847205162,0.17376099526882172,-0.6032806634902954,-0.031621500849723816,0.18411776423454285,-0.7719938158988953,-0.06393375992774963,0.13394558429718018,-0.6153663396835327,-0.01554896216839552,0.12172695994377136,-0.5240081548690796,0.0364556685090065
A,0.0,0.0,0.0,-0.22984525561332703,-0.18984732031822205,-0.02842935360968113,-0.3449423611164093,-0.494444876909256,-0.025130288675427437,-0.3408210575580597,-0.7543215751647949,-0.03662579879164696,-0.34143614768981934,-0.9399049878120422,-0.03241199627518654,-0.18100807070732117,-0.7187146544456482,0.0785713866353035,-0.17242252826690674,-0.9262439012527466,-0.004701650235801935,-0.19653289020061493,-0.7178959846496582,-0.0462033636868,-0.19366291165351868,-0.5983178615570068,-0.05676470696926117,-0.054387595504522324,-0.7032943367958069,0.05537925288081169,-0.03941091522574425,-0.8863606452941895,-0.026395397260785103,-0.08409184962511063,-0.6388767957687378,-0.040143612772226334,-0.08305536955595016,-0.5590734481811523,-0.02326529659330845,0.06619918346405029,-0.6606956124305725,0.010908475145697594,0.08407781273126602,-0.8216066956520081,-0.07423116266727448,0.02858312614262104,-0.588327944278717,-0.037424761801958084,0.023053646087646484,-0.5011633038520813,0.014541062526404858,0.18790870904922485,-0.5951111316680908,-0.03872115910053253,0.20347562432289124,-0.7599753737449646,-0.07092718034982681,0.14600573480129242,-0.6031187176704407,-0.023489661514759064,0.12921810150146484,-0.5155583024024963,0.02631080150604248
A,0.0,0.0,0.0,-0.2177509218454361,-0.18670694530010223,-0.05125055089592934,-0.3389129936695099,-0.4900032579898834,-0.05126504227519035,-0.343443363904953,-0.7529316544532776,-0.06074628233909607,-0.3403312861919403,-0.9403056502342224,-0.05050162225961685,-0.17629599571228027,-0.7321522831916809,0.07943312078714371,-0.16350331902503967,-0.9156340956687927,-0.002675824100151658,-0.18331988155841827,-0.7010032534599304,-0.041057322174310684,-0.18064084649085999,-0.6028962731361389,-0.050023406744003296,-0.04497339949011803,-0.7116047739982605,0.06839197874069214,-0.023696381598711014,-0.8744542002677917,-0.020085476338863373,-0.06886115670204163,-0.6237891912460327,-0.0348610058426857,-0.07704660296440125,-0.5671032667160034,-0.015543761663138866,0.07527823001146317,-0.6630209684371948,0.03244871273636818,0.10882541537284851,-0.8044866919517517,-0.0622466504573822,0.05306755378842354,-0.5805439949035645,-0.03168714791536331,0.039364881813526154,-0.5268164277076721,0.018994633108377457,0.1970401406288147,-0.5931727886199951,-0.00980082806199789,0.23336103558540344,-0.7437903881072998,-0.04793184995651245,0.1753445267677307,-0.5906352400779724,-0.0073311529122292995,0.1489591896533966,-0.5238351225852966,0.03888419643044472
A,0.0,0.0,0.0,-0.2227693796157837,-0.15843497216701508,-0.06171029061079025,-0.3549468219280243,-0.4555997848510742,-0.06945575028657913,-0.36716610193252563,-0.7325642704963684,-0.08568249642848969,-0.3663078546524048,-0.9304937720298767,-0.0807977020740509,-0.20166005194187164,-0.6860606074333191,0.06184857338666916,-0.19024474918842316,-0.8983667492866516,-0.03783494606614113,-0.20056599378585815,-0.6784197092056274,-0.0824064239859581,-0.19749978184700012,-0.5729806423187256,-0.09097905457019806,-0.0715419352054596,-0.6724963784217834,0.05304518714547157,-0.04789142310619354,-0.8538248538970947,-0.05305581912398338,-0.08339639008045197,-0.5968198180198669,-0.07278802990913391,-0.09366293251514435,-0.5353344082832336,-0.051997050642967224,0.04775412008166313,-0.6391148567199707,0.018312674015760422,0.08346395194530487,-0.7935577630996704,-0.09281498938798904,0.03673284873366356,-0.5613309741020203,-0.06296133249998093,0.01957457885146141,-0.49967244267463684,-0.006197543814778328,0.17123135924339294,-0.587306559085846,-0.02333923615515232,0.215183287858963,-0.7528800964355469,-0.07382284849882126,0.1657848060131073,-0.5983851552009583,-0.03494304046034813,0.13527503609657288,-0.5192978978157043,0.014595266431570053
A,0.0,0.0,0.0,-0.21734599769115448,-0.17777353525161743,-0.04951447993516922,-0.3365063965320587,-0.4865607023239136,-0.05242473632097244,-0.3395099639892578,-0.745561420917511,-0.06788180768489838,-0.34772858023643494,-0.9375953674316406,-0.06552478671073914,-0.18538929522037506,-0.7150505781173706,0.08164658397436142,-0.1765095293521881,-0.9057949781417847,-0.015148242935538292,-0.19955608248710632,-0.6956837773323059,-0.06459882855415344,-0.1989447921514511,-0.587788462638855,-0.0780922919511795,-0.06063570827245712,-0.6966776847839355,0.06381452828645706,-0.03834465146064758,-0.8701709508895874,-0.03871314600110054,-0.08819382637739182,-0.6180610060691833,-0.06257554143667221,-0.09766538441181183,-0.5489574074745178,-0.045449208468198776,0.058134350925683975,-0.6528816223144531,0.020051507279276848,0.08895757049322128,-0.8025289177894592,-0.08547013252973557,0.03187277540564537,-0.5738693475723267,-0.05823032557964325,0.016138600185513496,-0.5104820132255554,-0.006102095823734999,0.18204265832901,-0.5868610143661499,-0.030418768525123596,0.22112828493118286,-0.7498825192451477,-0.07885768264532089,0.16336756944656372,-0.5912128686904907,-0.03935912996530533,0.1330120861530304,-0.5085286498069763,0.00917909201234579
A,0.0,0.0,0.0,-0.22885149717330933,-0.1844773143529892,-0.031224220991134644,-0.34086963534355164,-0.4886002838611603,-0.029090093448758125,-0.34113481640815735,-0.7469382286071777,-0.0417521633207798,-0.34428441524505615,-0.9388654232025146,-0.03778959438204765,-0.18243347108364105,-0.6909635663032532,0.08119277656078339,-0.1519651561975479,-0.9153468012809753,-0.005130147095769644,-0.1749374121427536,-0.7143417000770569,-0.04849076271057129,-0.1802288144826889,-0.5927229523658752,-0.05824415385723114,-0.049113623797893524,-0.6734791994094849,0.0581977404654026,-0.014048619195818901,-0.8662958741188049,-0.027879193425178528,-0.06169606372714043,-0.6243386268615723,-0.04555279389023781,-0.07174184918403625,-0.5419803857803345,-0.030316051095724106,0.07286524027585983,-0.6290006041526794,0.01350723672658205,0.11542194336652756,-0.8138771057128906,-0.07413504272699356,0.058896299451589584,-0.5905712246894836,-0.03773801401257515,0.04096602648496628,-0.5015067458152771,0.014413517899811268,0.19243671000003815,-0.5596857070922852,-0.03634130209684372,0.24006755650043488,-0.7497993111610413,-0.0702194944024086,0.18127106130123138,-0.5991722941398621,-0.022216441109776497,0.1474064439535141,-0.5026990175247192,0.0278466809540987
A,0.0,0.0,0.0,-0.23947769403457642,-0.20387718081474304,-0.027356181293725967,-0.3447958827018738,-0.49182549118995667,-0.02104164846241474,-0.3351425230503082,-0.7535571455955505,-0.030501868575811386,-0.3423309326171875,-0.9395795464515686,-0.022522859275341034,-0.17210538685321808,-0.6928809881210327,0.10261755436658859,-0.14769212901592255,-0.9009150266647339,0.016443736851215363,-0.1800045222043991,-0.6799832582473755,-0.03314879536628723,-0.18363100290298462,-0.5593128204345703,-0.04905068129301071,-0.047075968235731125,-0.6747732758522034,0.08017104864120483,-0.021503351628780365,-0.8615407943725586,-0.009264743886888027,-0.08016017079353333,-0.6089207530021667,-0.03760532662272453,-0.08724356442689896,-0.5364924073219299,-0.030762804672122,0.06949444860219955,-0.6302341222763062,0.03539163991808891,0.10571625828742981,-0.8069655299186707,-0.05385565385222435,0.03449734300374985,-0.5776014924049377,-0.02223355509340763,0.01869788207113743,-0.4964132010936737,0.026212885975837708,0.18622256815433502,-0.5602659583091736,-0.014517726376652718,0.22270923852920532,-0.7345020771026611,-0.04433605074882507,0.15300244092941284,-0.5792291760444641,0.0035910243168473244,0.1242603212594986,-0.49263522028923035,0.05253659188747406
A,0.0,0.0,0.0,-0.229037344455719,-0.2187914401292801,-0.025194019079208374,-0.325682133436203,-0.5117263197898865,-0.01995917595922947,-0.3131943345069885,-0.7657168507575989,-0.030282171443104744,-0.3159100413322449,-0.948789119720459,-0.023331446573138237,-0.16335882246494293,-0.6893254518508911,0.0949334055185318,-0.12163892388343811,-0.9073777198791504,0.010688962414860725,-0.15080702304840088,-0.69126957654953,-0.03612540289759636,-0.15982668101787567,-0.5695247650146484,-0.05020000785589218,-0.03310565650463104,-0.6727520823478699,0.07201272994279861,0.007178341504186392,-0.8704677820205688,-0.013609597459435463,-0.0457083135843277,-0.620873749256134,-0.03718000277876854,-0.05945629999041557,-0.5399657487869263,-0.027281654998660088,0.08785828948020935,-0.6305480599403381,0.027851710096001625,0.1362389624118805,-0.8149793744087219,-0.0524471178650856,0.07167917490005493,-0.5931310653686523,-0.015655050054192543,0.049662623554468155,-0.5073344111442566,0.03378496319055557,0.20509837567806244,-0.5614851117134094,-0.021846165880560875,0.24968332052230835,-0.7346609830856323,-0.04433540999889374,0.183534637093544,-0.5870115160942078,0.006706928368657827,0.14879730343818665,-0.5021964311599731,0.056094612926244736
A,0.0,0.0,0.0,-0.21441185474395752,-0.23008882999420166,-0.03675878047943115,-0.31348806619644165,-0.5180969834327698,-0.03988700360059738,-0.30032768845558167,-0.767731249332428,-0.0554804764688015,-0.30110591650009155,-0.9535906910896301,-0.05332715064287186,-0.13434860110282898,-0.718279242515564,0.08106699585914612,-0.10416504740715027,-0.9113852977752686,-0.0025860171299427748,-0.13966171443462372,-0.6945865750312805,-0.050365328788757324,-0.1461988091468811,-0.5745447874069214,-0.06663090735673904,-0.0062647173181176186,-0.6981655955314636,0.06400420516729355,0.026234552264213562,-0.870079755783081,-0.024072781205177307,-0.03235818073153496,-0.6225540637969971,-0.05053477734327316,-0.04048403352499008,-0.550827145576477,-0.04402320086956024,0.11023887991905212,-0.6433217525482178,0.026125723496079445,0.15539848804473877,-0.804867148399353,-0.057402826845645905,0.08468034863471985,-0.5898101925849915,-0.0233566053211689,0.06744402647018433,-0.516887366771698,0.023732127621769905,0.22037138044834137,-0.5623626112937927,-0.017379865050315857,0.26368436217308044,-0.7293781638145447,-0.04407592490315437,0.193809375166893,-0.5843883752822876,0.005332051310688257,0.1637052297592163,-0.5069077014923096,0.054305337369441986
A,0.0,0.0,0.0,-0.21074795722961426,-0.21822407841682434,-0.04572654142975807,-0.3167208731174469,-0.5069432258605957,-0.05070721358060837,-0.30642008781433105,-0.7674795389175415,-0.0640321597456932,-0.30284619331359863,-0.9530395269393921,-0.056815244257450104,-0.13840748369693756,-0.7163076400756836,0.06300031393766403,-0.10809735208749771,-0.9035924077033997,-0.019741257652640343,-0.14291967451572418,-0.6779698133468628,-0.06025993824005127,-0.1495811641216278,-0.570087730884552,-0.07250578701496124,-0.006593802478164434,-0.6949644088745117,0.05153752863407135,0.02416015975177288,-0.8584538102149963,-0.03910144418478012,-0.037865325808525085,-0.602869987487793,-0.056816354393959045,-0.04548199102282524,-0.5399643778800964,-0.0442415289580822,0.1110668033361435,-0.6383664011955261,0.01907394453883171,0.15435968339443207,-0.7930895090103149,-0.07400312274694443,0.08006871491670609,-0.5696682929992676,-0.03528319671750069,0.06395217031240463,-0.49795565009117126,0.017085008323192596,0.22240757942199707,-0.553891122341156,-0.018927400931715965,0.2673361003398895,-0.7200024724006653,-0.05768832936882973,0.19313310086727142,-0.5660284757614136,-0.010529551655054092,0.16208259761333466,-0.4856601357460022,0.03886033967137337
A,0.0,0.0,0.0,-0.20663025975227356,-0.2212384194135666,-0.04145018383860588,-0.3109090030193329,-0.505129337310791,-0.0453333742916584,-0.29950588941574097,-0.7676606178283691,-0.059434983879327774,-0.2956862151622772,-0.9552851319313049,-0.05379331856966019,-0.13584667444229126,-0.7074459791183472,0.071095310151577,-0.10485721379518509,-0.8964331150054932,-0.01205288153141737,-0.1431293487548828,-0.6767569184303284,-0.05393575504422188,-0.14973923563957214,-0.5697649121284485,-0.06710982322692871,-0.007191679440438747,-0.6870008111000061,0.05652909353375435,0.022170282900333405,-0.8542011976242065,-0.032427702099084854,-0.0396186001598835,-0.6052723526954651,-0.04940193146467209,-0.042543478310108185,-0.5420882701873779,-0.03679248318076134,0.109467051923275,-0.6335184574127197,0.02031124010682106,0.14863204956054688,-0.7896649837493896,-0.06958253681659698,0.07424991577863693,-0.5708410143852234,-0.02945173718035221,0.06154802441596985,-0.4992009699344635,0.02300834096968174,0.22155088186264038,-0.5515459775924683,-0.02188154309988022,0.2625442445278168,-0.7181754112243652,-0.057491421699523926,0.18917706608772278,-0.5677053332328796,-0.009264678694307804,0.16240741312503815,-0.4877099096775055,0.04005015268921852
A,0.0,0.0,0.0,-0.20687831938266754,-0.19702592492103577,-0.051992010325193405,-0.3108227550983429,-0.498763769865036,-0.0635208711028099,-0.31352823972702026,-0.7596898078918457,-0.08199391514062881,-0.3144575357437134,-0.949271559715271,-0.0822456032037735,-0.14240439236164093,-0.6771517992019653,0.03242965042591095,-0.10969051718711853,-0.873881995677948,-0.054467685520648956,-0.13045255839824677,-0.6427241563796997,-0.09311510622501373,-0.13511060178279877,-0.5363895297050476,-0.10471758991479874,-0.011853677220642567,-0.6569664478302002,0.020680021494627,0.01943265087902546,-0.8221556544303894,-0.06419499218463898,-0.02489086054265499,-0.5678237080574036,-0.07323749363422394,-0.028118973597884178,-0.5074287056922913,-0.05873148888349533,0.10780279338359833,-0.6120326519012451,-0.012060903012752533,0.1493774801492691,-0.7717982530593872,-0.10493721812963486,0.09150601923465729,-0.5373120307922363,-0.06236506253480911,0.07765258848667145,-0.46028807759284973,-0.009789761155843735,0.21783940494060516,-0.5433019995689392,-0.05094505101442337,0.26147767901420593,-0.6934524774551392,-0.09675906598567963,0.20348282158374786,-0.5331270694732666,-0.053390223532915115,0.17847450077533722,-0.4494622051715851,-0.00770321162417531
A,0.0,0.0,0.0,-0.21748504042625427,-0.20409628748893738,-0.04226638749241829,-0.31394603848457336,-0.5107331871986389,-0.0458570159971714,-0.30669790506362915,-0.7668132781982422,-0.060150764882564545,-0.30310124158859253,-0.952958345413208,-0.05665668472647667,-0.15023618936538696,-0.6695137023925781,0.05386466532945633,-0.12064404040575027,-0.8689743280410767,-0.028351841494441032,-0.143173485994339,-0.6549463868141174,-0.06706514209508896,-0.14923666417598724,-0.5451470613479614,-0.07817549258470535,-0.01571761630475521,-0.6539915204048157,0.03900797292590141,0.015611003153026104,-0.8145466446876526,-0.03848198801279068,-0.025248492136597633,-0.5881801247596741,-0.050969161093235016,-0.025170356035232544,-0.527478039264679,-0.0398925244808197,0.10733748972415924,-0.6123313903808594,0.002714170143008232,0.14647729694843292,-0.76084303855896,-0.07954433560371399,0.0964982807636261,-0.5560721755027771,-0.04600541293621063,0.08806590735912323,-0.48587334156036377,-0.0019863080233335495,0.21850523352622986,-0.5483852624893188,-0.04001031443476677,0.2708837687969208,-0.6954602599143982,-0.07742562144994736,0.2284184843301773,-0.5648168325424194,-0.041712112724781036,0.21479465067386627,-0.4917050898075104,-0.003319335402920842
A,0.0,0.0,0.0,-0.2055046260356903,-0.20717130601406097,-0.03760918602347374,-0.29255911707878113,-0.5176637768745422,-0.03784293681383133,-0.2800649106502533,-0.7728325128555298,-0.04852074757218361,-0.28556856513023376,-0.9583582878112793,-0.04031236097216606,-0.13476935029029846,-0.6882160305976868,0.05454159900546074,-0.11007750779390335,-0.8566750884056091,-0.014926659874618053,-0.12824831902980804,-0.657834529876709,-0.047955356538295746,-0.12864404916763306,-0.5599074959754944,-0.058195021003484726,-0.004386477638036013,-0.6712222099304199,0.04257602617144585,0.025350358337163925,-0.8056498765945435,-0.030518004670739174,-0.018679987639188766,-0.592629075050354,-0.04448077455163002,-0.02321646362543106,-0.5216420888900757,-0.034515365958213806,0.11437840759754181,-0.6264396905899048,0.01133775431662798,0.15286065638065338,-0.7583770155906677,-0.06905471533536911,0.10426580905914307,-0.5776122808456421,-0.0487813726067543,0.0927828997373581,-0.4954664707183838,-0.011603876948356628,0.21976862847805023,-0.56223064661026,-0.02525359019637108,0.3067532777786255,-0.7178840041160583,-0.07244647294282913,0.3240760564804077,-0.6786458492279053,-0.060621049255132675,0.35667482018470764,-0.6657052040100098,-0.03591571003198624
A,0.0,0.0,0.0,-0.2073957920074463,-0.2129088044166565,-0.042308710515499115,-0.29976797103881836,-0.5157875418663025,-0.04734444245696068,-0.28694480657577515,-0.7668219804763794,-0.062188442796468735,-0.29294154047966003,-0.9561304450035095,-0.05855701118707657,-0.13375820219516754,-0.6925793290138245,0.05141228437423706,-0.11932352185249329,-0.8520286679267883,-0.02798299677670002,-0.13395608961582184,-0.6577041745185852,-0.06959092617034912,-0.12978479266166687,-0.5682225227355957,-0.08416663855314255,-0.007909934967756271,-0.6704137325286865,0.038896895945072174,0.007943990640342236,-0.7993833422660828,-0.04131615161895752,-0.027559544891119003,-0.5962386727333069,-0.05953563377261162,-0.02329452522099018,-0.5386949181556702,-0.05087316781282425,0.10620014369487762,-0.6203293204307556,0.0059266285970807076,0.13305692374706268,-0.7451427578926086,-0.07640577852725983,0.0935753583908081,-0.5766516923904419,-0.05476228520274162,0.0922817513346672,-0.5151448249816895,-0.016486678272485733,0.2088681161403656,-0.5495835542678833,-0.03358833119273186,0.2697640657424927,-0.6881651878356934,-0.07662303000688553,0.2572472095489502,-0.6223931908607483,-0.05746988579630852,0.26832976937294006,-0.5907431244850159,-0.02801835723221302
A,0.0,0.0,0.0,-0.2204674482345581,-0.19692431390285492,-0.04418705776333809,-0.32329559326171875,-0.5041426420211792,-0.04526624456048012,-0.31167224049568176,-0.7681450247764587,-0.05734458193182945,-0.30345284938812256,-0.9528464674949646,-0.049904774874448776,-0.1534794270992279,-0.6811347007751465,0.06284935027360916,-0.12416084110736847,-0.8705779314041138,-0.01828928105533123,-0.14843624830245972,-0.6460475325584412,-0.053501732647418976,-0.14856499433517456,-0.5504797697067261,-0.06247703731060028,-0.021822119131684303,-0.6637994647026062,0.05041753128170967,0.010806692764163017,-0.8182088732719421,-0.03046981804072857,-0.04007958248257637,-0.5650826096534729,-0.03785490617156029,-0.04134596139192581,-0.5170896053314209,-0.020721888169646263,0.09750308096408844,-0.619641900062561,0.015078727155923843,0.14648756384849548,-0.7744922041893005,-0.074086494743824,0.0833367109298706,-0.5440699458122253,-0.03685583174228668,0.06908558309078217,-0.47743499279022217,0.01367164682596922,0.2096564918756485,-0.5531215667724609,-0.026492880657315254,0.2781603932380676,-0.7149726748466492,-0.06524920463562012,0.21868111193180084,-0.5748471021652222,-0.027111738920211792,0.18911081552505493,-0.5036951303482056,0.01501480769366026
A,0.0,0.0,0.0,-0.22300241887569427,-0.21021288633346558,-0.04841611906886101,-0.3161924481391907,-0.5175198316574097,-0.05043879151344299,-0.30008572340011597,-0.7743957042694092,-0.06062227115035057,-0.29545965790748596,-0.9553552865982056,-0.048093680292367935,-0.1445886194705963,-0.6912975311279297,0.04797763377428055,-0.11144628375768661,-0.866313636302948,-0.019819002598524094,-0.1286068856716156,-0.6459128260612488,-0.04534093290567398,-0.12798990309238434,-0.5676119327545166,-0.05230062082409859,-0.01274291891604662,-0.6701672077178955,0.04195687547326088,0.026086168363690376,-0.7985742688179016,-0.03349599987268448,-0.021587267518043518,-0.5631273984909058,-0.04248563200235367,-0.024179324507713318,-0.5259137153625488,-0.029879925772547722,0.10744785517454147,-0.6210059523582458,0.015338755212724209,0.1615906059741974,-0.7569466233253479,-0.07467097789049149,0.10561423748731613,-0.5540494322776794,-0.04983269423246384,0.0895584374666214,-0.49007776379585266,-0.007551741320639849,0.21676893532276154,-0.5551665425300598,-0.017140459269285202,0.3188607394695282,-0.7272250056266785,-0.07228977233171463,0.35738426446914673,-0.7221073508262634,-0.06367820501327515,0.4150376319885254,-0.7516900897026062,-0.03971029072999954
A,0.0,0.0,0.0,-0.2215234935283661,-0.18500396609306335,-0.05812760815024376,-0.32117438316345215,-0.49856996536254883,-0.06239849701523781,-0.30889520049095154,-0.7666105031967163,-0.0720025822520256,-0.3022918701171875,-0.9532154202461243,-0.061228636652231216,-0.16054143011569977,-0.6682001352310181,0.05074189230799675,-0.1257847547531128,-0.8562718033790588,-0.026065442711114883,-0.14479219913482666,-0.6374425292015076,-0.06061933934688568,-0.14802616834640503,-0.5490899085998535,-0.07089971750974655,-0.027488907799124718,-0.6522892713546753,0.047501977533102036,0.0015310273738577962,-0.8022845387458801,-0.02778858318924904,-0.04255375266075134,-0.5641202926635742,-0.03651009872555733,-0.04165995866060257,-0.5157005786895752,-0.02234993688762188,0.09118135273456573,-0.6105825304985046,0.021147973835468292,0.1297193318605423,-0.7566988468170166,-0.05999218299984932,0.0736234113574028,-0.5425942540168762,-0.02602037414908409,0.06394670903682709,-0.4766722023487091,0.019305992871522903,0.19930927455425262,-0.5506792664527893,-0.012934519909322262,0.24794800579547882,-0.6841974854469299,-0.048514895141124725,0.19837455451488495,-0.5519691705703735,-0.015731098130345345,0.1829337775707245,-0.48542606830596924,0.020833196118474007
A,0.0,0.0,0.0,-0.21913312375545502,-0.17541274428367615,-0.03833552449941635,-0.32326892018318176,-0.47999653220176697,-0.03903137147426605,-0.31545084714889526,-0.7599232196807861,-0.048908185213804245,-0.3150416910648346,-0.9490779042243958,-0.043176695704460144,-0.15868522226810455,-0.6425806283950806,0.051396362483501434,-0.12763561308383942,-0.842032253742218,-0.030109358951449394,-0.16641606390476227,-0.6272969245910645,-0.06953640282154083,-0.17306432127952576,-0.5121310353279114,-0.08042258769273758,-0.029103349894285202,-0.6268780827522278,0.03850177675485611,-0.0019395897397771478,-0.7948497533798218,-0.03717738762497902,-0.060406558215618134,-0.5683590769767761,-0.04592302069067955,-0.062172748148441315,-0.4933093786239624,-0.03092118166387081,0.0888606533408165,-0.5911709070205688,0.005282441154122353,0.11365515738725662,-0.7450425028800964,-0.0697091594338417,0.05104740709066391,-0.5368692278862,-0.031091760843992233,0.043048955500125885,-0.4545976221561432,0.015958968549966812,0.2030080109834671,-0.5328206419944763,-0.03397691994905472,0.2269306629896164,-0.6713395714759827,-0.06390073150396347,0.1724042445421219,-0.5234301090240479,-0.022354628890752792,0.1617220789194107,-0.44045761227607727,0.020085535943508148
A,0.0,0.0,0.0,-0.25661900639533997,-0.16510894894599915,-0.011940677650272846,-0.3791806697845459,-0.4752693772315979,-0.01859593763947487,-0.3668348789215088,-0.7656388878822327,-0.03554867208003998,-0.3152116537094116,-0.9490213990211487,-0.04334879666566849,-0.269349068403244,-0.7441734671592712,0.019793882966041565,-0.26157882809638977,-0.922554075717926,-0.05171354115009308,-0.25884339213371277,-0.703396737575531,-0.09017147123813629,-0.257070928812027,-0.5786747932434082,-0.10685340315103531,-0.1135290339589119,-0.775192379951477,-0.00951593741774559,-0.10740987211465836,-0.8942980170249939,-0.07296302169561386,-0.11378572136163712,-0.6604947447776794,-0.08782978355884552,-0.10289868712425232,-0.5460245609283447,-0.08360007405281067,0.04666069149971008,-0.7632547616958618,-0.048576053231954575,0.03234218433499336,-0.8362630009651184,-0.10352743417024612,0.019401444122195244,-0.6138817667961121,-0.06822339445352554,0.02199036441743374,-0.5024153590202332,-0.03305254504084587,0.20464999973773956,-0.7132747769355774,-0.0909942239522934,0.187294140458107,-0.7758190631866455,-0.10939385741949081,0.16505984961986542,-0.6032224297523499,-0.06349339336156845,0.16419333219528198,-0.5180838704109192,-0.021216779947280884
A,0.0,0.0,0.0,-0.2816682457923889,-0.1567116230726242,-0.002068622037768364,-0.41456714272499084,-0.48615044355392456,-0.005666251759976149,-0.38920286297798157,-0.7513005137443542,-0.020830122753977776,-0.30883702635765076,-0.897136390209198,-0.029044494032859802,-0.28058651089668274,-0.8021028637886047,0.016888096928596497,-0.2535797655582428,-0.9673145413398743,-0.03456472232937813,-0.25024715065956116,-0.7482261061668396,-0.06737758219242096,-0.2554078996181488,-0.6344845294952393,-0.08848951756954193,-0.10892557352781296,-0.8308625817298889,-0.01722533255815506,-0.08097319304943085,-0.934613823890686,-0.06766205281019211,-0.0914851501584053,-0.7015408277511597,-0.08570721745491028,-0.09331579506397247,-0.5763348340988159,-0.0871959924697876,0.06395342946052551,-0.8098793029785156,-0.05601096898317337,0.06993750482797623,-0.8771278262138367,-0.09511010348796844,0.05043646693229675,-0.6641547679901123,-0.06291012465953827,0.038211990147829056,-0.5432151556015015,-0.035242710262537,0.2317183017730713,-0.7441874146461487,-0.09723637253046036,0.24124804139137268,-0.8062703013420105,-0.10470454394817352,0.21255449950695038,-0.6308724880218506,-0.056245893239974976,0.197777658700943,-0.5346379280090332,-0.014933205209672451
A,0.0,0.0,0.0,-0.23562736809253693,-0.18874983489513397,-0.036042358726263046,-0.34064796566963196,-0.49786654114723206,-0.04239829629659653,-0.3363259732723236,-0.7594106197357178,-0.06099129840731621,-0.3293682634830475,-0.9442015290260315,-0.06929271668195724,-0.13958832621574402,-0.7104244828224182,0.058106429874897,-0.1384674310684204,-0.8807740211486816,-0.033630941063165665,-0.17667119204998016,-0.6652653813362122,-0.09016718715429306,-0.18549802899360657,-0.5221664309501648,-0.11353756487369537,-0.010186671279370785,-0.7035925984382629,0.030492445454001427,-0.007298007607460022,-0.8500237464904785,-0.06428448110818863,-0.04988131672143936,-0.6077711582183838,-0.09736479818820953,-0.05412445217370987,-0.4740884304046631,-0.09387219697237015,0.11765987426042557,-0.6626917719841003,-0.01665305159986019,0.12284621596336365,-0.7871623039245605,-0.10322204977273941,0.07348296046257019,-0.5579926371574402,-0.07456076890230179,0.05768054351210594,-0.44459986686706543,-0.0314975269138813,0.2562655508518219,-0.5858321189880371,-0.07003533095121384,0.2634952664375305,-0.7186088562011719,-0.11163000762462616,0.2089143991470337,-0.5467577576637268,-0.06995692104101181,0.18102483451366425,-0.4481659531593323,-0.024533811956644058
A,0.0,0.0,0.0,-0.2375463843345642,-0.16216999292373657,-0.014046926982700825,-0.36899909377098083,-0.4775440990924835,-0.012342187575995922,-0.3793014883995056,-0.74448162317276,-0.025352751836180687,-0.36353418231010437,-0.9315808415412903,-0.02864729054272175,-0.24099354445934296,-0.7074078321456909,0.06017341837286949,-0.23162727057933807,-0.8791843056678772,-0.019895628094673157,-0.24364827573299408,-0.6754692196846008,-0.07007735967636108,-0.24324554204940796,-0.5576076507568359,-0.09283024817705154,-0.10204177349805832,-0.724799633026123,0.027935778722167015,-0.08291536569595337,-0.8470519781112671,-0.05037332698702812,-0.099800705909729,-0.6186963319778442,-0.07837247848510742,-0.09722652286291122,-0.5125865936279297,-0.07714233547449112,0.042769402265548706,-0.7115288376808167,-0.0189093966037035,0.04929337650537491,-0.8124936819076538,-0.08928104490041733,0.026311242952942848,-0.5906376242637634,-0.056951940059661865,0.018489621579647064,-0.48194652795791626,-0.01793176680803299,0.19175571203231812,-0.659940242767334,-0.07005076110363007,0.1977110505104065,-0.7763044238090515,-0.10128230601549149,0.16184206306934357,-0.589532732963562,-0.05568572133779526,0.14406569302082062,-0.47921404242515564,-0.009978022426366806
A,0.0,0.0,0.0,-0.262667179107666,-0.15151573717594147,-0.007586044725030661,-0.3617728650569916,-0.46413835883140564,-0.0035975619684904814,-0.34522613883018494,-0.7411043047904968,-0.014688637107610703,-0.3501971960067749,-0.936676025390625,-0.017124991863965988,-0.23803848028182983,-0.6763026118278503,0.058507971465587616,-0.25633949041366577,-0.8631712198257446,-0.012176810763776302,-0.260850727558136,-0.6569904088973999,-0.05236022174358368,-0.23600056767463684,-0.528227686882019,-0.06688400357961655,-0.09585513919591904,-0.6933812499046326,0.027353137731552124,-0.11337995529174805,-0.8207048177719116,-0.036427587270736694,-0.1250208020210266,-0.5944834351539612,-0.05330687761306763,-0.08876228332519531,-0.494172602891922,-0.04811829701066017,0.05122697353363037,-0.6700425744056702,-0.0175536647439003,0.02227349579334259,-0.7862785458564758,-0.0800427794456482,0.0020092034246772528,-0.5689460039138794,-0.04569773003458977,0.02952421084046364,-0.4649411141872406,-0.007531400769948959,0.19805864989757538,-0.6166204214096069,-0.06569112837314606,0.16692791879177094,-0.7380357980728149,-0.08889973163604736,0.13750293850898743,-0.5692460536956787,-0.04272162914276123,0.15657095611095428,-0.4718590974807739,0.0004205696750432253
A,0.0,0.0,0.0,-0.26531684398651123,-0.1472374051809311,0.015913289040327072,-0.3641979992389679,-0.43229174613952637,0.03109525889158249,-0.37301552295684814,-0.7134289145469666,0.03830466419458389,-0.37661224603652954,-0.9263710379600525,0.051938120275735855,-0.2648294270038605,-0.7404675483703613,0.07097906619310379,-0.27508848905563354,-0.833356499671936,0.07155101001262665,-0.26659515500068665,-0.6598609685897827,0.06498922407627106,-0.25028732419013977,-0.5319128632545471,0.06204865500330925,-0.10918667912483215,-0.7810333371162415,0.04964132979512215,-0.12887819111347198,-0.7819502949714661,0.06771327555179596,-0.13335375487804413,-0.5947861671447754,0.058983758091926575,-0.12004882097244263,-0.4798951745033264,0.049847040325403214,0.04696547985076904,-0.7520349025726318,0.027338847517967224,0.01039701234549284,-0.7510419487953186,0.02916426956653595,-0.001431211014278233,-0.5675920248031616,0.04627101868391037,0.008615661412477493,-0.44963541626930237,0.05685020983219147,0.1955600082874298,-0.6939936876296997,0.005713390652090311,0.1697019338607788,-0.7413703203201294,0.019406870007514954,0.14786557853221893,-0.5916615128517151,0.06023448705673218,0.14890547096729279,-0.4854297935962677,0.09410028159618378
A,0.0,0.0,0.0,-0.2571474313735962,-0.11726387590169907,-0.015262240543961525,-0.37454766035079956,-0.42132171988487244,-0.017149947583675385,-0.3931346833705902,-0.7044126391410828,-0.022082563489675522,-0.4028639495372772,-0.9152599573135376,-0.015792908146977425,-0.3113318383693695,-0.7410774827003479,0.00832224078476429,-0.29588887095451355,-0.8258839249610901,-0.04372929036617279,-0.26675155758857727,-0.6014641523361206,-0.06860879808664322,-0.25244998931884766,-0.49186062812805176,-0.07889311760663986,-0.1547755002975464,-0.7668542265892029,-0.014709834940731525,-0.14951683580875397,-0.7871071696281433,-0.05849475786089897,-0.14155450463294983,-0.5581854581832886,-0.06666647642850876,-0.1231408566236496,-0.4650728404521942,-0.06203057989478111,0.009563280269503593,-0.7405368089675903,-0.04425165057182312,-0.0019393666880205274,-0.7635414004325867,-0.09647883474826813,-0.010920771397650242,-0.5336734652519226,-0.05986884981393814,-0.0010687964968383312,-0.4331958591938019,-0.022408995777368546,0.1716669797897339,-0.6862670183181763,-0.07566218823194504,0.15822497010231018,-0.7571505904197693,-0.09396295249462128,0.1345565915107727,-0.5746121406555176,-0.043505165725946426,0.1339992880821228,-0.47814515233039856,0.004243150353431702
A,0.0,0.0,0.0,-0.25666970014572144,-0.07191503793001175,-0.03368560969829559,-0.40325891971588135,-0.3898160457611084,-0.03315431624650955,-0.4095322787761688,-0.6951560974121094,-0.04042164608836174,-0.4153987467288971,-0.9096394181251526,-0.03279394656419754,-0.30547186732292175,-0.6873951554298401,0.017551498487591743,-0.34482136368751526,-0.8380541801452637,-0.08192751556634903,-0.3081725239753723,-0.5706332921981812,-0.1228562518954277,-0.26841333508491516,-0.4566625654697418,-0.13078950345516205,-0.15273842215538025,-0.696467936038971,-0.003680366324260831,-0.19064156711101532,-0.8113161325454712,-0.09909433871507645,-0.17534200847148895,-0.5176318287849426,-0.09932681918144226,-0.13633690774440765,-0.4286629259586334,-0.07112488150596619,0.00509204575791955,-0.6768669486045837,-0.043476637452840805,-0.02857929654419422,-0.8047351241111755,-0.14905287325382233,-0.03882822021842003,-0.5044533014297485,-0.0942595824599266,-0.018635420128703117,-0.3863321840763092,-0.02496066316962242,0.16821832954883575,-0.6381821632385254,-0.08693178743124008,0.13678912818431854,-0.7890143394470215,-0.13745428621768951,0.10727736353874207,-0.5727455019950867,-0.0821925699710846,0.11061659455299377,-0.4568816125392914,-0.02171846479177475
A,0.0,0.0,0.0,-0.23994365334510803,-0.08114136755466461,-0.030828753486275673,-0.3854582905769348,-0.3948262929916382,-0.027327248826622963,-0.4048416316509247,-0.6974547505378723,-0.034709632396698,-0.4138380289077759,-0.9103505611419678,-0.025224842131137848,-0.29466384649276733,-0.6706327795982361,0.043541956692934036,-0.349450021982193,-0.8638273477554321,-0.049517806619405746,-0.31985020637512207,-0.6105719804763794,-0.08408655226230621,-0.2721688151359558,-0.49903422594070435,-0.08808664977550507,-0.15191176533699036,-0.6868948936462402,0.023447105661034584,-0.20088964700698853,-0.8346114754676819,-0.0667390525341034,-0.1911938488483429,-0.5435210466384888,-0.06451594829559326,-0.14596335589885712,-0.47413870692253113,-0.03430582955479622,-0.004933127202093601,-0.6726281046867371,-0.016917362809181213,-0.04321806877851486,-0.8241872787475586,-0.12010246515274048,-0.055066678673028946,-0.5245760083198547,-0.06429112702608109,-0.02786109782755375,-0.42263200879096985,0.006434534676373005,0.14717260003089905,-0.6401987075805664,-0.061071254312992096,0.10544832050800323,-0.8017885088920593,-0.10874613374471664,0.07814158499240875,-0.5946033000946045,-0.053527552634477615,0.0900031179189682,-0.49018746614456177,0.00655175419524312
A,0.0,0.0,0.0,-0.2420480102300644,-0.0770999863743782,-0.03840808942914009,-0.4019431173801422,-0.38110485672950745,-0.04347877949476242,-0.42084842920303345,-0.6873726844787598,-0.059034548699855804,-0.4229687750339508,-0.9061442613601685,-0.055551812052726746,-0.31408971548080444,-0.7013334035873413,0.033459849655628204,-0.3880448639392853,-0.8989174962043762,-0.06964381039142609,-0.36038902401924133,-0.6321492791175842,-0.10596221685409546,-0.3061882257461548,-0.5264653563499451,-0.10998601466417313,-0.1678648591041565,-0.7180991172790527,0.01278781984001398,-0.23963768780231476,-0.8621585369110107,-0.09025157988071442,-0.22554831206798553,-0.5480493903160095,-0.08511213958263397,-0.16839246451854706,-0.49537578225135803,-0.048697758466005325,-0.018795078620314598,-0.7050917148590088,-0.029669569805264473,-0.07671327143907547,-0.8402178287506104,-0.14506100118160248,-0.08164587616920471,-0.5220666527748108,-0.08266552537679672,-0.03821023926138878,-0.4383402466773987,-0.004061794839799404,0.134924978017807,-0.6737964749336243,-0.0767875388264656,0.0749829038977623,-0.8285194039344788,-0.13230614364147186,0.05152207240462303,-0.6083648204803467,-0.07343471050262451,0.07845082134008408,-0.5124515295028687,-0.007989443838596344
A,0.0,0.0,0.0,-0.24848416447639465,-0.10039882361888885,-0.03572726622223854,-0.39186224341392517,-0.39691561460494995,-0.04509134590625763,-0.4064728915691376,-0.6878271102905273,-0.06610821187496185,-0.419116348028183,-0.9079325199127197,-0.06973004341125488,-0.303438276052475,-0.7071770429611206,0.037724513560533524,-0.3752405047416687,-0.9051955938339233,-0.06595506519079208,-0.3493714928627014,-0.6537731289863586,-0.10957157611846924,-0.2962839901447296,-0.5276413559913635,-0.11704204976558685,-0.16389325261116028,-0.7229384183883667,0.01577409729361534,-0.23078987002372742,-0.8652399778366089,-0.08394540101289749,-0.21671633422374725,-0.5720071196556091,-0.08738432079553604,-0.1639116108417511,-0.4975625276565552,-0.0583331435918808,-0.021135469898581505,-0.7079477310180664,-0.027148181572556496,-0.07366496324539185,-0.8438835740089417,-0.1355140060186386,-0.07828841358423233,-0.5489504933357239,-0.08166900277137756,-0.04133017361164093,-0.4503099024295807,-0.010612227953970432,0.12621809542179108,-0.669156014919281,-0.07466929405927658,0.07552866637706757,-0.8240320086479187,-0.12544244527816772,0.04763529822230339,-0.6185871362686157,-0.06996248662471771,0.06290189921855927,-0.5144667625427246,-0.007740485947579145
A,0.0,0.0,0.0,-0.24603676795959473,-0.10054141283035278,-0.044300127774477005,-0.3893163204193115,-0.3992036283016205,-0.05418229103088379,-0.40475428104400635,-0.6936038136482239,-0.07413414865732193,-0.41621673107147217,-0.9092654585838318,-0.07479691505432129,-0.30494073033332825,-0.7004552483558655,0.0381336584687233,-0.37262165546417236,-0.8985255360603333,-0.065642811357975,-0.3442123234272003,-0.6438702344894409,-0.10673298686742783,-0.2928040623664856,-0.5359307527542114,-0.11355020850896835,-0.16492754220962524,-0.7163943648338318,0.019807487726211548,-0.22935599088668823,-0.8572046160697937,-0.08117208629846573,-0.2156871259212494,-0.5605148077011108,-0.08212224394083023,-0.16538621485233307,-0.5057088136672974,-0.05156298354268074,-0.02393011562526226,-0.7028850317001343,-0.02125178650021553,-0.07476406544446945,-0.836868166923523,-0.13345967233181,-0.08150503784418106,-0.5414350628852844,-0.07809218764305115,-0.04505676031112671,-0.4595921039581299,-0.0056532216258347034,0.12118357419967651,-0.6682242155075073,-0.06775215268135071,0.07017350196838379,-0.821117103099823,-0.12059005349874496,0.04260115697979927,-0.6135863065719604,-0.06448734551668167,0.06092178449034691,-0.5178493857383728,-0.0016543201636523008
A,0.0,0.0,0.0,-0.24586114287376404,-0.1192876398563385,-0.03870614990592003,-0.3766452372074127,-0.4142862856388092,-0.045165929943323135,-0.3874495327472687,-0.7084701061248779,-0.060516614466905594,-0.402155339717865,-0.915571391582489,-0.059079110622406006,-0.29367420077323914,-0.7069050073623657,0.04631632938981056,-0.33258599042892456,-0.8910850882530212,-0.04262613132596016,-0.311837762594223,-0.6530443429946899,-0.08452261984348297,-0.27162495255470276,-0.5335620641708374,-0.09498072415590286,-0.15087059140205383,-0.7278597354888916,0.03103851154446602,-0.19055044651031494,-0.8519940376281738,-0.056006550788879395,-0.1904832273721695,-0.5756030082702637,-0.06722647696733475,-0.16219013929367065,-0.4906294047832489,-0.04818028584122658,-0.006855972111225128,-0.7109720706939697,-0.0036509681958705187,-0.04089014604687691,-0.8251320123672485,-0.09899120032787323,-0.05868767574429512,-0.5484595894813538,-0.05699535459280014,-0.038877785205841064,-0.448798805475235,0.0017429672880098224,0.14233453571796417,-0.6739075779914856,-0.0423722118139267,0.09848064184188843,-0.7989984154701233,-0.08252830803394318,0.0700412392616272,-0.604625403881073,-0.03203728422522545,0.08307532221078873,-0.5187702775001526,0.02354252338409424
A,0.0,0.0,0.0,-0.2395576387643814,-0.14116185903549194,-0.01909548230469227,-0.3496647775173187,-0.4440540075302124,-0.02185901254415512,-0.3569082021713257,-0.7259981036186218,-0.037201058119535446,-0.3695332705974579,-0.9292174577713013,-0.038769107311964035,-0.25949549674987793,-0.700336754322052,0.04661208763718605,-0.30178236961364746,-0.867100179195404,-0.03320569545030594,-0.28602179884910583,-0.6361766457557678,-0.07054215669631958,-0.2387700378894806,-0.5308259129524231,-0.08254779875278473,-0.11861459910869598,-0.719596266746521,0.01820445992052555,-0.15684103965759277,-0.838925838470459,-0.059164222329854965,-0.16212664544582367,-0.5802443623542786,-0.0664391741156578,-0.12148953974246979,-0.4988897144794464,-0.050185203552246094,0.02472160942852497,-0.6981107592582703,-0.026187952607870102,-0.012079390697181225,-0.8077430725097656,-0.10435593873262405,-0.03318896144628525,-0.5529569983482361,-0.055286671966314316,-0.0053910682909190655,-0.4569951295852661,-0.0003101798938587308,0.16982148587703705,-0.6492931842803955,-0.07487314194440842,0.13236649334430695,-0.7806129455566406,-0.1042569950222969,0.09762664139270782,-0.6006526947021484,-0.05044727399945259,0.11290474236011505,-0.5100822448730469,0.001857467694208026
A,0.0,0.0,0.0,-0.25390517711639404,-0.13549435138702393,-0.019449494779109955,-0.3611510396003723,-0.42647168040275574,-0.023434443399310112,-0.362063467502594,-0.7157835960388184,-0.036523833870887756,-0.37421661615371704,-0.9273413419723511,-0.03748053312301636,-0.27109819650650024,-0.7106735110282898,0.0380021333694458,-0.3019850254058838,-0.8546161651611328,-0.023471049964427948,-0.2803540825843811,-0.6438355445861816,-0.05571997910737991,-0.2454616129398346,-0.5324774384498596,-0.06750878691673279,-0.12586884200572968,-0.7403960824012756,0.015965623781085014,-0.15281198918819427,-0.8120646476745605,-0.03308507800102234,-0.15028007328510284,-0.5866844654083252,-0.041692331433296204,-0.1278277188539505,-0.5050184726715088,-0.036021750420331955,0.021167108789086342,-0.7186797857284546,-0.018440645188093185,-0.011582465842366219,-0.7853633165359497,-0.07533667236566544,-0.02177601121366024,-0.5563504099845886,-0.03644178435206413,-0.009919402189552784,-0.46067097783088684,0.0033978803548961878,0.16443932056427002,-0.6645042300224304,-0.056401412934064865,0.1379038542509079,-0.7691144943237305,-0.07575008273124695,0.111745186150074,-0.5968052744865417,-0.026077959686517715,0.11313911527395248,-0.5026304721832275,0.02014947682619095
A,0.0,0.0,0.0,-0.22675275802612305,-0.11717875301837921,-0.047771599143743515,-0.3522390127182007,-0.4243449866771698,-0.05731257423758507,-0.3624887764453888,-0.7134554982185364,-0.07595071196556091,-0.37897878885269165,-0.9254053831100464,-0.07700061053037643,-0.24486815929412842,-0.7093355655670166,0.038316287100315094,-0.272585391998291,-0.8823474049568176,-0.058062415570020676,-0.24828127026557922,-0.6325724720954895,-0.10163936018943787,-0.20993191003799438,-0.5325477719306946,-0.11540001630783081,-0.10354078561067581,-0.7282736897468567,0.0187416709959507,-0.1210932508111,-0.8736413717269897,-0.07982607930898666,-0.12639351189136505,-0.5844244360923767,-0.09033513814210892,-0.10035287588834763,-0.5120011568069458,-0.06912707537412643,0.03944817930459976,-0.7083724141120911,-0.022269492968916893,0.023033946752548218,-0.8428807854652405,-0.12665335834026337,-0.0018841156270354986,-0.5624547004699707,-0.07840640097856522,0.012576378881931305,-0.4799473285675049,-0.015230376273393631,0.18737950921058655,-0.6617299318313599,-0.06956297159194946,0.17065773904323578,-0.8037460446357727,-0.11961857229471207,0.13030487298965454,-0.6056126356124878,-0.0685904249548912,0.13067367672920227,-0.5139592289924622,-0.012332789599895477
A,0.0,0.0,0.0,-0.25547921657562256,-0.1577751338481903,-0.0032888667192310095,-0.3523789644241333,-0.4502001106739044,-0.002725801430642605,-0.35465142130851746,-0.7298360466957092,-0.009296595118939877,-0.3608507812023163,-0.932623565196991,-0.007817449048161507,-0.26806768774986267,-0.8074076771736145,0.04179257154464722,-0.24856263399124146,-0.8879252076148987,0.011153780855238438,-0.22664447128772736,-0.6978530883789062,-0.018544822931289673,-0.2136477828025818,-0.6012445688247681,-0.03991357237100601,-0.11018364876508713,-0.8467626571655273,0.013768792152404785,-0.08406233787536621,-0.8524683713912964,-0.0022553764283657074,-0.0850871130824089,-0.6546469330787659,-0.0197245255112648,-0.08730857819318771,-0.5679891109466553,-0.030817018821835518,0.049888402223587036,-0.8143402338027954,-0.01920667290687561,0.062013693153858185,-0.8152657747268677,-0.04704919829964638,0.047414544969797134,-0.615100085735321,-0.022536659613251686,0.03730073198676109,-0.527351975440979,-0.0026060817763209343,0.20070040225982666,-0.736350417137146,-0.05404294654726982,0.21030230820178986,-0.7925898432731628,-0.05849764496088028,0.18210412561893463,-0.6258554458618164,-0.011831145733594894,0.16580577194690704,-0.5349308848381042,0.02820245362818241
A,0.0,0.0,0.0,-0.23328372836112976,-0.1597089171409607,-0.0205617006868124,-0.33642539381980896,-0.4630451500415802,-0.023916106671094894,-0.3363269865512848,-0.7347692847251892,-0.035403940826654434,-0.33124515414237976,-0.9435446858406067,-0.0352204367518425,-0.20848530530929565,-0.8362104892730713,0.04532357305288315,-0.2359425276517868,-0.9110077619552612,-0.015383901074528694,-0.2216801792383194,-0.7044276595115662,-0.05804324522614479,-0.20077231526374817,-0.5965723991394043,-0.0800982192158699,-0.047854434698820114,-0.8593488931655884,0.0198633074760437,-0.06864633411169052,-0.8582381010055542,-0.030560940504074097,-0.07774357497692108,-0.6394732594490051,-0.052997440099716187,-0.07571300864219666,-0.5498422384262085,-0.05630696564912796,0.10858694463968277,-0.8176960349082947,-0.01690804399549961,0.08694525808095932,-0.7958925366401672,-0.07640085369348526,0.06132570281624794,-0.5796753168106079,-0.05011313781142235,0.05036507919430733,-0.4961412847042084,-0.017850546166300774,0.25371450185775757,-0.7296814918518066,-0.05779965966939926,0.25146129727363586,-0.7515212893486023,-0.08102288842201233,0.20941995084285736,-0.5795478224754333,-0.03782947361469269,0.1873507797718048,-0.4997808635234833,0.006408576387912035
A,0.0,0.0,0.0,-0.2541044056415558,-0.13662301003932953,-0.022247642278671265,-0.380799800157547,-0.43223124742507935,-0.024639451876282692,-0.39114874601364136,-0.7159555554389954,-0.03401688113808632,-0.37545064091682434,-0.9268423318862915,-0.031783368438482285,-0.25030210614204407,-0.7756367921829224,0.06059044972062111,-0.26219266653060913,-0.8813340663909912,0.003915464039891958,-0.2533048093318939,-0.6868891716003418,-0.03901074454188347,-0.23869924247264862,-0.5763524174690247,-0.06003030017018318,-0.08646496385335922,-0.8007127046585083,0.03973158076405525,-0.09272829443216324,-0.841197669506073,-0.004144406411796808,-0.10564758628606796,-0.641653835773468,-0.029419025406241417,-0.09668853133916855,-0.5521051287651062,-0.03425002843141556,0.07150436192750931,-0.7676457762718201,0.0065094358287751675,0.06429120153188705,-0.7818440198898315,-0.05036298185586929,0.04183905944228172,-0.5847195982933044,-0.03238245099782944,0.04387276619672775,-0.5057575106620789,-0.005032145883888006,0.22467540204524994,-0.696853518486023,-0.029834739863872528,0.22148855030536652,-0.7382972240447998,-0.051136527210474014,0.18698813021183014,-0.5695404410362244,-0.011038403958082199,0.1790265440940857,-0.49101823568344116,0.030435791239142418
A,0.0,0.0,0.0,-0.2380513846874237,-0.15146493911743164,-0.020400196313858032,-0.3613618314266205,-0.46299904584884644,-0.017484450712800026,-0.37272414565086365,-0.7358796000480652,-0.02578984946012497,-0.3618483245372772,-0.932236909866333,-0.021706733852624893,-0.20316846668720245,-0.7615340948104858,0.07013752311468124,-0.24419081211090088,-0.8788540363311768,0.010074324905872345,-0.24552278220653534,-0.6690675616264343,-0.02918931655585766,-0.22870314121246338,-0.5728495717048645,-0.048373546451330185,-0.048134539276361465,-0.7753309011459351,0.04413461312651634,-0.08984403312206268,-0.8452584743499756,-0.014677460305392742,-0.11012404412031174,-0.6206082701683044,-0.035364922136068344,-0.08832132071256638,-0.5399456024169922,-0.032132137566804886,0.10434034466743469,-0.73681640625,0.0037362410221248865,0.05780894681811333,-0.7848268151283264,-0.06111102178692818,0.02419942431151867,-0.568816602230072,-0.033260200172662735,0.035200849175453186,-0.4988417625427246,0.002391621470451355,0.2560267448425293,-0.6582258343696594,-0.040612537413835526,0.217085063457489,-0.7133437395095825,-0.06446920335292816,0.17598187923431396,-0.5490964651107788,-0.021102366968989372,0.18277698755264282,-0.48945045471191406,0.02174387127161026
A,0.0,0.0,0.0,-0.246641606092453,-0.14412321150302887,-0.015332989394664764,-0.36872050166130066,-0.4526802897453308,-0.0098947212100029,-0.37576451897621155,-0.725691556930542,-0.015576021745800972,-0.37865886092185974,-0.9255363345146179,-0.01063303928822279,-0.21964989602565765,-0.7273811101913452,0.07168618589639664,-0.2493044137954712,-0.855929970741272,0.015256645157933235,-0.24802537262439728,-0.6525635123252869,-0.023271529003977776,-0.2337682992219925,-0.5477724075317383,-0.04120301082730293,-0.07101079076528549,-0.7450060844421387,0.04691727086901665,-0.10105475783348083,-0.8276081085205078,-0.0014580698916688561,-0.11981914937496185,-0.6176772713661194,-0.021078484132885933,-0.10590233653783798,-0.5332076549530029,-0.021232035011053085,0.07743767648935318,-0.7157094478607178,0.00839344784617424,0.045436594635248184,-0.7807106971740723,-0.0459955669939518,0.011098555289208889,-0.577549934387207,-0.020114105194807053,0.011338694021105766,-0.49961569905281067,0.01059766672551632,0.2240249663591385,-0.650915265083313,-0.033673517405986786,0.1999484747648239,-0.7254912257194519,-0.04937310889363289,0.15905529260635376,-0.56809002161026,-0.006193915847688913,0.15709777176380157,-0.4977726340293884,0.03377712145447731
A,0.0,0.0,0.0,-0.21443891525268555,-0.1650320440530777,-0.03650343418121338,-0.32318606972694397,-0.47971731424331665,-0.04169563204050064,-0.32914015650749207,-0.7454599142074585,-0.056167010217905045,-0.3431755602359772,-0.9392712712287903,-0.05464080721139908,-0.1705493927001953,-0.7514292001724243,0.051289331167936325,-0.18217922747135162,-0.8822357058525085,-0.03329732269048691,-0.19930201768875122,-0.6498918533325195,-0.07144196331501007,-0.1888294219970703,-0.5570194721221924,-0.08223865181207657,-0.02918029949069023,-0.7403949499130249,0.02717987261712551,-0.03783341124653816,-0.8601081371307373,-0.06520730257034302,-0.07808081060647964,-0.6031615734100342,-0.07859203219413757,-0.05841277167201042,-0.5240307450294495,-0.057219892740249634,0.10871770977973938,-0.6928004026412964,-0.01613622158765793,0.09516341239213943,-0.7904136776924133,-0.11219355463981628,0.04459194093942642,-0.5548673868179321,-0.07282937318086624,0.05752522498369217,-0.48519039154052734,-0.01546800509095192,0.24321278929710388,-0.6168508529663086,-0.06419353932142258,0.23780356347560883,-0.7273866534233093,-0.10446541011333466,0.1813804656267166,-0.5570910573005676,-0.05464237555861473,0.181751549243927,-0.48121407628059387,0.0008713561692275107
A,0.0,0.0,0.0,-0.23160190880298615,-0.156564399600029,-0.011579387821257114,-0.3437387943267822,-0.48719343543052673,-0.0032925093546509743,-0.34324073791503906,-0.7524253129959106,-0.01074643898755312,-0.3600899279117584,-0.932917594909668,-0.006098201032727957,-0.18662963807582855,-0.7188743352890015,0.07126390933990479,-0.18292611837387085,-0.9106792211532593,-0.010087719187140465,-0.21527530252933502,-0.6885197758674622,-0.053195301443338394,-0.21213658154010773,-0.5597712993621826,-0.06705738604068756,-0.04982608184218407,-0.7065908908843994,0.03762441873550415,-0.044419411569833755,-0.8818848133087158,-0.0375731885433197,-0.09654968976974487,-0.6328953504562378,-0.04962381348013878,-0.08784802258014679,-0.5350227952003479,-0.034734394401311874,0.08562441915273666,-0.6608725786209106,-0.013859911821782589,0.08917911350727081,-0.8135734796524048,-0.08625959604978561,0.0318419486284256,-0.578149676322937,-0.04052925109863281,0.03205004334449768,-0.48308077454566956,0.010967042297124863,0.22318893671035767,-0.5888431072235107,-0.0696578323841095,0.22766748070716858,-0.7482360005378723,-0.09112308919429779,0.16892224550247192,-0.5775434374809265,-0.034059587866067886,0.15875068306922913,-0.4845156967639923,0.017760712653398514
A,0.0,0.0,0.0,-0.2282959371805191,-0.1702803671360016,-0.009351440705358982,-0.3254615068435669,-0.4849610924720764,-0.0005941598792560399,-0.32250502705574036,-0.7442464828491211,-0.009188087657094002,-0.34616196155548096,-0.9381747841835022,-0.006221660412847996,-0.16762147843837738,-0.702644944190979,0.09655728936195374,-0.16857688128948212,-0.8848938345909119,0.022456016391515732,-0.1957101821899414,-0.669461727142334,-0.01868068240582943,-0.18988053500652313,-0.5422329902648926,-0.029869839549064636,-0.0383075512945652,-0.6957859396934509,0.06662777066230774,-0.042333029210567474,-0.8449199795722961,-0.006092337425798178,-0.08772794902324677,-0.6015390157699585,-0.025267010554671288,-0.07521535456180573,-0.5051832795143127,-0.01330282911658287,0.0914042592048645,-0.6562111973762512,0.01836324855685234,0.07950547337532043,-0.785296618938446,-0.05517425015568733,0.02947843074798584,-0.5581278800964355,-0.020999755710363388,0.036810584366321564,-0.465451180934906,0.02610705979168415,0.21956998109817505,-0.5923363566398621,-0.0330858938395977,0.20759648084640503,-0.7298492193222046,-0.054735004901885986,0.15291112661361694,-0.5632379055023193,-0.004098933655768633,0.15204760432243347,-0.47164732217788696,0.04589686170220375
A,0.0,0.0,0.0,-0.21508975327014923,-0.1522752195596695,-0.02711523324251175,-0.3158564269542694,-0.469747930765152,-0.024236049503087997,-0.3161231279373169,-0.7409299612045288,-0.0337059386074543,-0.327560156583786,-0.9448303580284119,-0.02884364314377308,-0.15717843174934387,-0.7062081694602966,0.07204414159059525,-0.1670989692211151,-0.8705995082855225,-0.008680609054863453,-0.19211770594120026,-0.6609510183334351,-0.04845673590898514,-0.17933766543865204,-0.5455983281135559,-0.05958753451704979,-0.0278595220297575,-0.6988736987113953,0.049056071788072586,-0.0407453253865242,-0.8408209085464478,-0.029771827161312103,-0.08870822936296463,-0.5970203280448914,-0.04182344675064087,-0.06835667788982391,-0.5147616863250732,-0.02456940896809101,0.09837541729211807,-0.6587868332862854,0.005945264827460051,0.08712680637836456,-0.7834708094596863,-0.08068045228719711,0.02821364812552929,-0.5588414669036865,-0.04556673392653465,0.03850245475769043,-0.4799134433269501,0.004792897962033749,0.22600474953651428,-0.595634937286377,-0.04154747352004051,0.21521304547786713,-0.7156825065612793,-0.07848294824361801,0.15103498101234436,-0.5547502636909485,-0.035052862018346786,0.14642097055912018,-0.4733181893825531,0.012551801279187202
A,0.0,0.0,0.0,-0.22269204258918762,-0.16095536947250366,-0.022541973739862442,-0.3285771906375885,-0.4708169400691986,-0.0179299283772707,-0.333274245262146,-0.7428251504898071,-0.026383843272924423,-0.3379089832305908,-0.9411787986755371,-0.01999707520008087,-0.1714208871126175,-0.6944818496704102,0.08251703530550003,-0.1669011265039444,-0.8749078512191772,0.009944982826709747,-0.2015591710805893,-0.6639239192008972,-0.025420039892196655,-0.19559606909751892,-0.555939793586731,-0.03583632782101631,-0.04630151763558388,-0.6853457689285278,0.060972508043050766,-0.04677732288837433,-0.8421552777290344,-0.010724074207246304,-0.09847348928451538,-0.5995448231697083,-0.02009603939950466,-0.07642965018749237,-0.5344531536102295,-0.004275239072740078,0.07427936792373657,-0.6421211957931519,0.019553080201148987,0.07415324449539185,-0.7826657295227051,-0.05829841271042824,0.014674438163638115,-0.5621441006660461,-0.020691171288490295,0.029850583523511887,-0.49377673864364624,0.027641579508781433,0.19823770225048065,-0.582990825176239,-0.025955326855182648,0.19042378664016724,-0.7129772305488586,-0.051352012902498245,0.1266481876373291,-0.5571895837783813,-0.004494181834161282,0.12800726294517517,-0.48559340834617615,0.041410524398088455
A,0.0,0.0,0.0,-0.2344277799129486,-0.1748749017715454,-0.008880564011633396,-0.3386962413787842,-0.4886671006679535,0.004141936544328928,-0.3384036719799042,-0.7477145791053772,4.3032348912674934e-05,-0.3445930480957031,-0.9387521147727966,0.008273926563560963,-0.17782817780971527,-0.6976223587989807,0.10571762919425964,-0.1795816719532013,-0.8739636540412903,0.04055077210068703,-0.21807566285133362,-0.668721616268158,0.0036180869210511446,-0.21097595989704132,-0.5505479574203491,-0.007982036098837852,-0.05838668346405029,-0.690259575843811,0.0787510797381401,-0.06108606234192848,-0.8520995378494263,0.015548836439847946,-0.11653938889503479,-0.6178574562072754,0.002336980076506734,-0.09629162400960922,-0.5352946519851685,0.014580407179892063,0.05878257751464844,-0.6498728394508362,0.03283287212252617,0.05800602585077286,-0.8002067804336548,-0.03373594209551811,-0.0048415339551866055,-0.5831411480903625,0.0013512952718883753,0.008463944308459759,-0.4953511953353882,0.045877061784267426,0.18336111307144165,-0.5894100069999695,-0.016852952539920807,0.17729830741882324,-0.7349082231521606,-0.035123296082019806,0.11255467683076859,-0.5825957655906677,0.012784678488969803,0.11043205112218857,-0.49905112385749817,0.058253154158592224
A,0.0,0.0,0.0,-0.21474502980709076,-0.17404210567474365,-0.02226247824728489,-0.326619029045105,-0.48209065198898315,-0.015642963349819183,-0.3337240219116211,-0.7421810626983643,-0.025242339819669724,-0.34310683608055115,-0.9392963647842407,-0.020258678123354912,-0.18418720364570618,-0.6845484972000122,0.09808363020420074,-0.17833895981311798,-0.867602527141571,0.020336801186203957,-0.19872614741325378,-0.6640481948852539,-0.022641796618700027,-0.19747543334960938,-0.5498980283737183,-0.03531905636191368,-0.06799214333295822,-0.6815866231918335,0.07527116686105728,-0.062224920839071274,-0.8455861806869507,0.004202412907034159,-0.09741290658712387,-0.6101939678192139,-0.009237668476998806,-0.08866313099861145,-0.5427713394165039,0.004305998794734478,0.050784263759851456,-0.6516191363334656,0.030259108170866966,0.054966140538454056,-0.8065801858901978,-0.04285329207777977,0.007758655119687319,-0.5863602757453918,-0.0067596882581710815,0.008706259541213512,-0.5093090534210205,0.04004610702395439,0.174918994307518,-0.5996937155723572,-0.020246043801307678,0.17575667798519135,-0.7510597109794617,-0.04279490187764168,0.11929391324520111,-0.596311092376709,0.004291911609470844,0.10687995702028275,-0.5169576406478882,0.04995669052004814
A,0.0,0.0,0.0,-0.2169419527053833,-0.17953082919120789,-0.024611415341496468,-0.3285883963108063,-0.4828492999076843,-0.021162547171115875,-0.33140432834625244,-0.7436519265174866,-0.03220927715301514,-0.33897778391838074,-0.9407943487167358,-0.02985617332160473,-0.16921143233776093,-0.6921296119689941,0.08702847361564636,-0.16479212045669556,-0.867031455039978,0.009770868346095085,-0.19266371428966522,-0.6563445329666138,-0.03246835246682167,-0.18814826011657715,-0.5407304167747498,-0.045676395297050476,-0.050583865493535995,-0.6805732846260071,0.0652582198381424,-0.04621702432632446,-0.8400213122367859,-0.007835958153009415,-0.08949624001979828,-0.5968160629272461,-0.02098381519317627,-0.07664702832698822,-0.5229861736297607,-0.007579074241220951,0.06734320521354675,-0.6429060101509094,0.022178759798407555,0.07514332234859467,-0.7928591370582581,-0.05591762065887451,0.020347237586975098,-0.5668426752090454,-0.02007524110376835,0.023351261392235756,-0.4889609217643738,0.027402333915233612,0.18848402798175812,-0.5838990807533264,-0.02547343075275421,0.19068221747875214,-0.7366995811462402,-0.05292854458093643,0.13066887855529785,-0.5739836692810059,-0.005111001431941986,0.11955172568559647,-0.4895052909851074,0.04213310405611992
A,0.0,0.0,0.0,-0.20996956527233124,-0.16613437235355377,-0.023575833067297935,-0.32085901498794556,-0.4749715328216553,-0.018863284960389137,-0.3295367956161499,-0.7425899505615234,-0.028529759496450424,-0.33699730038642883,-0.9415056109428406,-0.025075461715459824,-0.1748286485671997,-0.6826483011245728,0.08216836303472519,-0.1787252426147461,-0.8586789965629578,0.003236442105844617,-0.1989135444164276,-0.6482742428779602,-0.03788924217224121,-0.1933702677488327,-0.5292099714279175,-0.049006376415491104,-0.05700007826089859,-0.6754358410835266,0.060874152928590775,-0.06838544458150864,-0.8344168663024902,-0.011769779957830906,-0.1032099649310112,-0.5934761762619019,-0.021846048533916473,-0.08496789634227753,-0.5184713006019592,-0.005603444296866655,0.06372582912445068,-0.6408641338348389,0.018441149964928627,0.0521375797688961,-0.7935734391212463,-0.06039411574602127,0.004291875753551722,-0.563292384147644,-0.022554565221071243,0.01324018370360136,-0.48175787925720215,0.027325449511408806,0.19021382927894592,-0.5843884944915771,-0.028355326503515244,0.17591875791549683,-0.73680180311203,-0.05681683123111725,0.11962287127971649,-0.5723708868026733,-0.009393925778567791,0.11672347038984299,-0.4879412055015564,0.03812342882156372
A,0.0,0.0,0.0,-0.19447022676467896,-0.19138014316558838,-0.026739465072751045,-0.293895423412323,-0.4876980185508728,-0.02679372951388359,-0.3044605851173401,-0.7467052340507507,-0.03979289531707764,-0.32810091972351074,-0.9446426033973694,-0.040939811617136,-0.14188651740550995,-0.668063223361969,0.07784836739301682,-0.12741996347904205,-0.831264078617096,0.0020155017264187336,-0.16194254159927368,-0.6491149067878723,-0.045318812131881714,-0.17189091444015503,-0.5327008962631226,-0.06311926990747452,-0.022755930200219154,-0.6531252861022949,0.05883052945137024,-0.015661323443055153,-0.7965254187583923,-0.009298676624894142,-0.0625932589173317,-0.5869152545928955,-0.028311366215348244,-0.06512250751256943,-0.5019925832748413,-0.02293229289352894,0.0899796411395073,-0.6131057739257812,0.020252753049135208,0.10054125636816025,-0.7458651661872864,-0.05043411999940872,0.04417216777801514,-0.5488330721855164,-0.021334193646907806,0.03442913666367531,-0.4598861336708069,0.017890388146042824,0.20179590582847595,-0.5523778796195984,-0.023013850674033165,0.21237972378730774,-0.6847814917564392,-0.05042751878499985,0.1532868593931198,-0.5398934483528137,-0.01000173855572939,0.13295665383338928,-0.4541224539279938,0.030669450759887695
A,0.0,0.0,0.0,-0.18836244940757751,-0.1937936246395111,-0.05014631524682045,-0.300516277551651,-0.4875714182853699,-0.06561747193336487,-0.3235039710998535,-0.7432044148445129,-0.09036274254322052,-0.33699917793273926,-0.9415050148963928,-0.10174708813428879,-0.20334425568580627,-0.6922906041145325,0.048021100461483,-0.20156565308570862,-0.8561582565307617,-0.05588924512267113,-0.2113104611635208,-0.6707314848899841,-0.12090220302343369,-0.21531417965888977,-0.5541436076164246,-0.14617952704429626,-0.07485143840312958,-0.6916595697402954,0.033793941140174866,-0.07114460319280624,-0.817886233329773,-0.06095021963119507,-0.10250803083181381,-0.6081551313400269,-0.09337493777275085,-0.10483625531196594,-0.5331867933273315,-0.09101678431034088,0.050778720527887344,-0.649895966053009,-0.002089351648464799,0.059437140822410583,-0.7643132209777832,-0.09661853313446045,0.014902621507644653,-0.5672845840454102,-0.07222454994916916,0.0057259113527834415,-0.4908113181591034,-0.03004620224237442,0.1672557145357132,-0.5733152627944946,-0.04412451386451721,0.1805192232131958,-0.6808449029922485,-0.0898808166384697,0.1279301792383194,-0.5296065807342529,-0.05110323056578636,0.10523353517055511,-0.44724521040916443,-0.005863729864358902
A,0.0,0.0,0.0,-0.1876714527606964,-0.18441267311573029,-0.09472455084323883,-0.32439950108528137,-0.4706909954547882,-0.1260693222284317,-0.36261531710624695,-0.7355921864509583,-0.15709523856639862,-0.35978981852531433,-0.9330334067344666,-0.16871559619903564,-0.2217879444360733,-0.7052537798881531,0.014754028990864754,-0.21176953613758087,-0.8777279257774353,-0.11279355734586716,-0.20840804278850555,-0.6831029057502747,-0.18890808522701263,-0.2212809920310974,-0.5624263286590576,-0.2164992094039917,-0.08565853536128998,-0.7125137448310852,0.02019651047885418,-0.06531758606433868,-0.8208833336830139,-0.10227404534816742,-0.068684883415699,-0.6107813715934753,-0.1488807648420334,-0.08029764890670776,-0.540380597114563,-0.14957500994205475,0.04386921226978302,-0.6840769052505493,-0.0007309386855922639,0.06323029100894928,-0.7707720994949341,-0.12639814615249634,0.046186961233615875,-0.5743520855903625,-0.11350356787443161,0.02636897936463356,-0.5065064430236816,-0.06917638331651688,0.15681253373622894,-0.6227004528045654,-0.029534602537751198,0.17331206798553467,-0.7168217897415161,-0.09624867886304855,0.14573556184768677,-0.5611484050750732,-0.06502727419137955,0.12394782155752182,-0.4882749021053314,-0.01836351305246353
A,0.0,0.0,0.0,-0.19923868775367737,-0.17150695621967316,-0.11121396720409393,-0.3448450565338135,-0.4582637548446655,-0.15109902620315552,-0.3747040331363678,-0.734897255897522,-0.18644461035728455,-0.3585715889930725,-0.9335023164749146,-0.19803249835968018,-0.241099014878273,-0.7190433740615845,-0.006922957953065634,-0.24594131112098694,-0.8920291662216187,-0.1461150050163269,-0.23386190831661224,-0.6795540452003479,-0.21881690621376038,-0.2428646981716156,-0.5721940398216248,-0.24228209257125854,-0.1047331839799881,-0.7325707674026489,0.004822733346372843,-0.077259361743927,-0.8308452367782593,-0.13128753006458282,-0.06895767897367477,-0.6023661494255066,-0.17330597341060638,-0.08670473098754883,-0.5634977221488953,-0.1695481240749359,0.028456343337893486,-0.710892379283905,-0.011939642950892448,0.057256001979112625,-0.794567883014679,-0.15445266664028168,0.04997776076197624,-0.5790932178497314,-0.1398913711309433,0.021630119532346725,-0.5432811975479126,-0.09310748428106308,0.15118776261806488,-0.6624428033828735,-0.03713754191994667,0.18106311559677124,-0.741256058216095,-0.11635955423116684,0.15707449615001678,-0.5740730166435242,-0.08918628096580505,0.12459510564804077,-0.5257790088653564,-0.04452107846736908
A,0.0,0.0,0.0,-0.21403519809246063,-0.20167391002178192,-0.03575165197253227,-0.3262094557285309,-0.4936409592628479,-0.03829651698470116,-0.3325672745704651,-0.7498636841773987,-0.05122886598110199,-0.33351194858551025,-0.9427458643913269,-0.04958026483654976,-0.1644885540008545,-0.6839768886566162,0.07778051495552063,-0.10803872346878052,-0.8590139746665955,-0.00949922390282154,-0.1523541510105133,-0.674793541431427,-0.06415022164583206,-0.1843782663345337,-0.5501381158828735,-0.08545881509780884,-0.03820040822029114,-0.6639370322227478,0.05574880540370941,0.013844323344528675,-0.876910388469696,-0.030615052208304405,-0.03996191546320915,-0.6686640977859497,-0.06298240274190903,-0.06829818338155746,-0.5654979944229126,-0.060019299387931824,0.07798951119184494,-0.6088391542434692,0.013872615061700344,0.12122480571269989,-0.7863883972167969,-0.06771428883075714,0.06467121094465256,-0.5928513407707214,-0.042310092598199844,0.030197175219655037,-0.504814863204956,-0.001842661527916789,0.1886194795370102,-0.5216338634490967,-0.03326581045985222,0.2118438333272934,-0.6649653315544128,-0.06603223830461502,0.15738201141357422,-0.5207747220993042,-0.02474445290863514,0.12147217243909836,-0.44374990463256836,0.017446674406528473
A,0.0,0.0,0.0,-0.2059445083141327,-0.2293590009212494,-0.05185231566429138,-0.33312803506851196,-0.5040370225906372,-0.05760057270526886,-0.3537975549697876,-0.7510954737663269,-0.07115384936332703,-0.34944382309913635,-0.9369572997093201,-0.06162695214152336,-0.14629022777080536,-0.734349250793457,0.0923323780298233,-0.09381092339754105,-0.9059622883796692,0.0031128402333706617,-0.14482063055038452,-0.7054725885391235,-0.05092313513159752,-0.17398701608181,-0.5812593102455139,-0.06894111633300781,-0.024817146360874176,-0.7161858677864075,0.08519697934389114,0.02669442445039749,-0.8954610228538513,-0.012796932831406593,-0.04366036131978035,-0.6626241207122803,-0.04640939086675644,-0.07136280089616776,-0.579003632068634,-0.04004108905792236,0.08490227162837982,-0.6564176082611084,0.05448056012392044,0.13286186754703522,-0.8070397973060608,-0.03240957483649254,0.05995863676071167,-0.608367919921875,-0.005348953418433666,0.03443646430969238,-0.526897668838501,0.041068945080041885,0.19153518974781036,-0.5629481077194214,0.016777710989117622,0.22267712652683258,-0.7030041217803955,-0.011119961738586426,0.15718434751033783,-0.5684541463851929,0.0311373732984066,0.12585948407649994,-0.4983125627040863,0.07732013612985611
A,0.0,0.0,0.0,-0.196978360414505,-0.20880016684532166,-0.06029248237609863,-0.32784587144851685,-0.5101335048675537,-0.06614108383655548,-0.3517889678478241,-0.7566335201263428,-0.0776575356721878,-0.3481040894985199,-0.9374558925628662,-0.0658222883939743,-0.16169776022434235,-0.7410503029823303,0.08110473304986954,-0.09875094145536423,-0.9033530950546265,-0.008989738300442696,-0.13900752365589142,-0.6935778260231018,-0.05646354705095291,-0.16976311802864075,-0.6039034128189087,-0.07185661047697067,-0.03811144828796387,-0.7263462543487549,0.07588876038789749,0.017207862809300423,-0.8803588151931763,-0.012998761609196663,-0.03747997805476189,-0.6420957446098328,-0.029505934566259384,-0.06483608484268188,-0.5972034931182861,-0.01376815140247345,0.07603595405817032,-0.6766882538795471,0.0432623028755188,0.12608972191810608,-0.7988719940185547,-0.04206052049994469,0.06860186159610748,-0.5935078859329224,-0.010916555300354958,0.04193909838795662,-0.5457617044448853,0.03567308187484741,0.18729443848133087,-0.6000903844833374,0.002208676654845476,0.2242143303155899,-0.7069893479347229,-0.027278995141386986,0.16710570454597473,-0.5672540068626404,0.01030491292476654,0.13649648427963257,-0.5141569375991821,0.051321081817150116
A,0.0,0.0,0.0,-0.20221909880638123,-0.21101278066635132,-0.0535392090678215,-0.3310956358909607,-0.49221527576446533,-0.06144028156995773,-0.35280320048332214,-0.7492606043815613,-0.07701410353183746,-0.3495134711265564,-0.936931312084198,-0.0719110444188118,-0.16775546967983246,-0.7055394053459167,0.07527792453765869,-0.12366940826177597,-0.8777639865875244,-0.0076710497960448265,-0.15246763825416565,-0.6765282154083252,-0.054421115666627884,-0.1782146841287613,-0.5836575031280518,-0.07231417298316956,-0.03992528095841408,-0.6941324472427368,0.06744301319122314,0.007482241839170456,-0.8443604707717896,-0.019244655966758728,-0.04439152032136917,-0.6200052499771118,-0.0471901074051857,-0.08459804207086563,-0.5728821754455566,-0.0447613000869751,0.07919465005397797,-0.6521596908569336,0.036613572388887405,0.13278374075889587,-0.7907533645629883,-0.04971927031874657,0.0722341388463974,-0.585143506526947,-0.02409675531089306,0.025536546483635902,-0.5246192216873169,0.016384294256567955,0.19051477313041687,-0.5797549486160278,-0.0009024585015140474,0.23972681164741516,-0.7030841708183289,-0.036729708313941956,0.18492355942726135,-0.5635935664176941,-0.0015418254770338535,0.13889725506305695,-0.5061819553375244,0.03747479245066643
A,0.0,0.0,0.0,-0.21300382912158966,-0.19189824163913727,-0.07018281519412994,-0.3472137153148651,-0.48507416248321533,-0.0845087319612503,-0.36781570315361023,-0.7414602041244507,-0.10502997785806656,-0.3611789047718048,-0.9324965476989746,-0.1045953556895256,-0.1673518419265747,-0.7206509709358215,0.06518088281154633,-0.13284192979335785,-0.88358473777771,-0.03974641114473343,-0.15844190120697021,-0.6599902510643005,-0.0951346829533577,-0.18215227127075195,-0.5693397521972656,-0.1151149794459343,-0.0379842147231102,-0.7166810035705566,0.05558188632130623,0.012960357591509819,-0.875493586063385,-0.061598747968673706,-0.03937378153204918,-0.6139929890632629,-0.0937211662530899,-0.0745808482170105,-0.5660357475280762,-0.08411604911088943,0.08069323003292084,-0.6811886429786682,0.018946273252367973,0.13813868165016174,-0.8319265246391296,-0.09825840592384338,0.07643380016088486,-0.5962536931037903,-0.07032092660665512,0.03764405474066734,-0.5455344915390015,-0.018743528053164482,0.1895912140607834,-0.6143360733985901,-0.02542884834110737,0.2331227958202362,-0.7403692603111267,-0.08150018006563187,0.17444507777690887,-0.5694863796234131,-0.043640825897455215,0.13422971963882446,-0.5098002552986145,0.0028844859916716814
A,0.0,0.0,0.0,-0.2153061032295227,-0.1914360225200653,-0.07351512461900711,-0.34862491488456726,-0.48727449774742126,-0.09056301414966583,-0.3629710376262665,-0.7387569546699524,-0.11201471835374832,-0.35619717836380005,-0.9344107508659363,-0.11352306604385376,-0.16428737342357635,-0.7296686768531799,0.060255106538534164,-0.11895941942930222,-0.8839396834373474,-0.046605054289102554,-0.1465730369091034,-0.6710395216941833,-0.10652654618024826,-0.17827001214027405,-0.5672887563705444,-0.12911593914031982,-0.03258780390024185,-0.7257135510444641,0.05285198241472244,0.02009868249297142,-0.8665726184844971,-0.05611909553408623,-0.023952284827828407,-0.6253105401992798,-0.0859164446592331,-0.05674980953335762,-0.5622366070747375,-0.07735124975442886,0.08674956113100052,-0.688096284866333,0.01778731308877468,0.14210309088230133,-0.8223016262054443,-0.08964434266090393,0.09333236515522003,-0.6013226509094238,-0.059028010815382004,0.05810358375310898,-0.5424065589904785,-0.00977091770619154,0.19667868316173553,-0.6167632341384888,-0.026227395981550217,0.23579715192317963,-0.7116599082946777,-0.08049926906824112,0.18471406400203705,-0.5433768033981323,-0.0447537936270237,0.14820750057697296,-0.48710575699806213,-0.0008819635258987546
A,0.0,0.0,0.0,-0.21533945202827454,-0.16048844158649445,-0.08868411183357239,-0.3590274751186371,-0.45661765336990356,-0.09966207295656204,-0.3889879286289215,-0.730079174041748,-0.1108960285782814,-0.38424181938171387,-0.9232324361801147,-0.09713821858167648,-0.22324895858764648,-0.7032366991043091,0.07560507208108902,-0.15797142684459686,-0.8627121448516846,-0.021182769909501076,-0.1687401831150055,-0.6393404006958008,-0.06886917352676392,-0.20671238005161285,-0.5764505863189697,-0.08416635543107986,-0.10031569749116898,-0.7143157124519348,0.0852501168847084,-0.02383916825056076,-0.8259625434875488,-0.021805139258503914,-0.05170927196741104,-0.5769872069358826,-0.04774224013090134,-0.10405371338129044,-0.5664681792259216,-0.03666742146015167,0.01167397852987051,-0.702971339225769,0.06428797543048859,0.09105967730283737,-0.791608452796936,-0.050552740693092346,0.05790654942393303,-0.5610763430595398,-0.02854241244494915,0.0038428734987974167,-0.5444390773773193,0.017501575872302055,0.11700965464115143,-0.6711313724517822,0.03420119732618332,0.19340819120407104,-0.7587268352508545,-0.02166423387825489,0.15841251611709595,-0.5781664848327637,0.006621381733566523,0.10808124393224716,-0.5396298766136169,0.0455377995967865
A,0.0,0.0,0.0,-0.21754327416419983,-0.16421574354171753,-0.058849483728408813,-0.35535353422164917,-0.46164411306381226,-0.05956006050109863,-0.3817402422428131,-0.7327311038970947,-0.06731455028057098,-0.39121606945991516,-0.9202988743782043,-0.05439526587724686,-0.20729510486125946,-0.6921288967132568,0.08879715949296951,-0.15126632153987885,-0.88370680809021,-0.00024388459860347211,-0.17066743969917297,-0.6620935201644897,-0.04657478258013725,-0.1911889910697937,-0.5639784336090088,-0.06000685319304466,-0.08310814201831818,-0.6809111833572388,0.0828455314040184,-0.031524114310741425,-0.8391393423080444,-0.008745698258280754,-0.06719093769788742,-0.5895707607269287,-0.028401702642440796,-0.09899025410413742,-0.5369166135787964,-0.015600845217704773,0.02709629014134407,-0.6474912166595459,0.04951099306344986,0.0825643464922905,-0.7850513458251953,-0.04685178026556969,0.041588135063648224,-0.5559210181236267,-0.01394311711192131,0.004975339863449335,-0.4942532479763031,0.035310741513967514,0.13455550372600555,-0.5939870476722717,0.008688727393746376,0.18567253649234772,-0.7343049049377441,-0.031193064525723457,0.14657732844352722,-0.5566165447235107,0.01136073935776949,0.10730643570423126,-0.480116605758667,0.056959737092256546
A,0.0,0.0,0.0,-0.21716564893722534,-0.179245725274086,-0.054537318646907806,-0.35746875405311584,-0.4756247103214264,-0.05393330752849579,-0.3857295513153076,-0.7352252006530762,-0.06212728098034859,-0.3902081847190857,-0.9207266569137573,-0.05102817341685295,-0.20440472662448883,-0.6899251341819763,0.08624434471130371,-0.15979892015457153,-0.8923808932304382,0.006280065514147282,-0.17689581215381622,-0.6823582053184509,-0.034856364130973816,-0.18843981623649597,-0.5757294297218323,-0.04562096670269966,-0.0789719745516777,-0.6791356801986694,0.08001893758773804,-0.03689782693982124,-0.850631058216095,-0.005189894232898951,-0.07171137630939484,-0.6056655049324036,-0.023018645122647285,-0.09232837706804276,-0.5304837822914124,-0.009072980843484402,0.03255252167582512,-0.6463553309440613,0.04842725768685341,0.0787547156214714,-0.8021414875984192,-0.04141120985150337,0.03767358884215355,-0.5778714418411255,-0.010100549086928368,0.012085274793207645,-0.4935321509838104,0.03849402442574501,0.1410641074180603,-0.5927605628967285,0.009995794855058193,0.18762437999248505,-0.755744993686676,-0.02683967724442482,0.14690153300762177,-0.5906417965888977,0.0147146787494421,0.1136004626750946,-0.5000067949295044,0.060050442814826965
A,0.0,0.0,0.0,-0.22313018143177032,-0.16542448103427887,-0.06398208439350128,-0.3671730160713196,-0.46583986282348633,-0.06649114936590195,-0.3930290639400482,-0.7316775918006897,-0.07503646612167358,-0.39709222316741943,-0.917778730392456,-0.06257713586091995,-0.22084234654903412,-0.6936206221580505,0.07691078633069992,-0.17384888231754303,-0.8895108103752136,-0.011837656609714031,-0.19437956809997559,-0.667984664440155,-0.05504492297768593,-0.2085733860731125,-0.5704150795936584,-0.06672433018684387,-0.09403040260076523,-0.6830295324325562,0.0727788656949997,-0.04653190076351166,-0.8510543704032898,-0.024749338626861572,-0.08891993016004562,-0.5931704640388489,-0.04332222044467926,-0.11351877450942993,-0.5349480509757996,-0.027195120230317116,0.01829463802278042,-0.6519366502761841,0.041846320033073425,0.06864633411169052,-0.7990627884864807,-0.06046590209007263,0.021611273288726807,-0.5628758072853088,-0.027031060308218002,-0.004225823562592268,-0.4967491328716278,0.025845995172858238,0.12871144711971283,-0.601384162902832,0.0033184599597007036,0.17442567646503448,-0.7508547902107239,-0.041607171297073364,0.1308632493019104,-0.5736862421035767,0.0002854481863323599,0.09905704110860825,-0.49334225058555603,0.047696005553007126
A,0.0,0.0,0.0,-0.21912193298339844,-0.16980120539665222,-0.0654318630695343,-0.3589276671409607,-0.46842825412750244,-0.07037034630775452,-0.38674044609069824,-0.7327067255973816,-0.08141403645277023,-0.3921687602996826,-0.9198933243751526,-0.07196464389562607,-0.21472619473934174,-0.7022548317909241,0.07217548787593842,-0.15943129360675812,-0.8989643454551697,-0.017171334475278854,-0.17919673025608063,-0.6770368218421936,-0.06113985553383827,-0.195039302110672,-0.5775678157806396,-0.07338367402553558,-0.08594600111246109,-0.6869442462921143,0.06884049624204636,-0.032541532069444656,-0.8562596440315247,-0.02661537006497383,-0.07614213228225708,-0.5968583822250366,-0.044511303305625916,-0.10478372871875763,-0.5387527346611023,-0.02899089641869068,0.028300732374191284,-0.6511216759681702,0.038728561252355576,0.08639001101255417,-0.798151433467865,-0.06187424436211586,0.03646121174097061,-0.5608916878700256,-0.030138520523905754,0.0038598275277763605,-0.4932868480682373,0.020589325577020645,0.14052416384220123,-0.5961373448371887,0.001137479324825108,0.1929408609867096,-0.7471028566360474,-0.043005455285310745,0.14767947793006897,-0.5722256898880005,-0.002659707562997937,0.10960692167282104,-0.49139174818992615,0.0430171936750412
A,0.0,0.0,0.0,-0.2222263664007187,-0.1787976175546646,-0.05691712722182274,-0.35934197902679443,-0.472181499004364,-0.05877688154578209,-0.38313403725624084,-0.7319626808166504,-0.06969351321458817,-0.39327943325042725,-0.91941899061203,-0.06124752387404442,-0.20463192462921143,-0.701720118522644,0.08583303540945053,-0.15727384388446808,-0.8940441012382507,0.00023925973800942302,-0.17567141354084015,-0.6798846125602722,-0.044433049857616425,-0.18627206981182098,-0.5807497501373291,-0.057433225214481354,-0.07892071455717087,-0.6894787549972534,0.07792554050683975,-0.031978946179151535,-0.8542408347129822,-0.01004743855446577,-0.07411927729845047,-0.6063394546508789,-0.027134833857417107,-0.09308884292840958,-0.5491696000099182,-0.012663336470723152,0.03343096375465393,-0.6539154648780823,0.042868249118328094,0.08624253422021866,-0.7990289926528931,-0.048832621425390244,0.035830628126859665,-0.5740270018577576,-0.01789073832333088,0.01068282313644886,-0.5101054310798645,0.02990611083805561,0.1440419852733612,-0.59645015001297,0.00011710191029123962,0.19607508182525635,-0.7528703212738037,-0.03766166418790817,0.14811193943023682,-0.5881201028823853,0.002669246168807149,0.11465316265821457,-0.5080899596214294,0.046851299703121185
A,0.0,0.0,0.0,-0.22611021995544434,-0.1730850636959076,-0.050734762102365494,-0.3665076494216919,-0.47397804260253906,-0.04889547824859619,-0.394944429397583,-0.7319734692573547,-0.05673300102353096,-0.40441209077835083,-0.9145769476890564,-0.04613684490323067,-0.21111534535884857,-0.6900169253349304,0.08473455160856247,-0.1683565229177475,-0.8892424702644348,0.0030589366797357798,-0.18780037760734558,-0.6743220686912537,-0.0374259427189827,-0.1982985883951187,-0.5773323774337769,-0.04843943193554878,-0.0848110169172287,-0.6794929504394531,0.07436704635620117,-0.04310794547200203,-0.8501617908477783,-0.012569242157042027,-0.08509432524442673,-0.6002675890922546,-0.0283367782831192,-0.103629931807518,-0.5380373001098633,-0.01273132860660553,0.02869280055165291,-0.6481082439422607,0.03859749436378479,0.07438571751117706,-0.7967149019241333,-0.051791492849588394,0.026098454371094704,-0.5664954781532288,-0.017795532941818237,0.0021175153087824583,-0.4979773163795471,0.03189289942383766,0.140569269657135,-0.5949782729148865,-0.004110224545001984,0.18609845638275146,-0.7499982118606567,-0.039398569613695145,0.1400480717420578,-0.579096257686615,0.004774187225848436,0.10839782655239105,-0.4959234297275543,0.05115124583244324
A,0.0,0.0,0.0,-0.20990684628486633,-0.18759208917617798,-0.06466042250394821,-0.3427097499370575,-0.4752255380153656,-0.07221145182847977,-0.3701879680156708,-0.7386103272438049,-0.08626746386289597,-0.3762311637401581,-0.9265258312225342,-0.07956556975841522,-0.20338068902492523,-0.6996647715568542,0.07086246460676193,-0.1715998649597168,-0.8839237689971924,-0.018164023756980896,-0.19064517319202423,-0.6722155809402466,-0.0656280666589737,-0.20182542502880096,-0.5580360889434814,-0.07995808124542236,-0.07389959692955017,-0.6925851106643677,0.06923500448465347,-0.036743633449077606,-0.8427872061729431,-0.017612922936677933,-0.073870450258255,-0.6101166605949402,-0.038597509264945984,-0.09462612122297287,-0.5431370139122009,-0.027840780094265938,0.04442443698644638,-0.6552398800849915,0.040957193821668625,0.0943029373884201,-0.7840873003005981,-0.050030335783958435,0.053066693246364594,-0.5822563171386719,-0.029303783550858498,0.024094494059681892,-0.5157538056373596,0.011954945512115955,0.1586492508649826,-0.5949313044548035,0.004953871015459299,0.22285130620002747,-0.7334298491477966,-0.037857066839933395,0.1990678608417511,-0.6054420471191406,-0.011375979520380497,0.17684011161327362,-0.5430846810340881,0.024993080645799637
A,0.0,0.0,0.0,-0.19953234493732452,-0.18784648180007935,-0.04803265258669853,-0.3120553493499756,-0.48882347345352173,-0.05330420285463333,-0.33718642592430115,-0.7403334975242615,-0.0689549595117569,-0.37514328956604004,-0.9269667863845825,-0.06846588850021362,-0.19339080154895782,-0.6823574304580688,0.08335418999195099,-0.16402342915534973,-0.873171329498291,-0.011336762458086014,-0.1784704625606537,-0.6743817329406738,-0.06871939450502396,-0.18946896493434906,-0.5529741048812866,-0.08921167254447937,-0.0747404620051384,-0.679007887840271,0.0698576495051384,-0.04773273319005966,-0.8446580171585083,-0.02167687565088272,-0.07538624852895737,-0.621294379234314,-0.051911577582359314,-0.08676918596029282,-0.5380433797836304,-0.04610973596572876,0.0397229827940464,-0.6502671837806702,0.031817372888326645,0.06778067350387573,-0.7877095937728882,-0.05515687167644501,0.03114955872297287,-0.5836306214332581,-0.027640147134661674,0.009278478100895882,-0.5102875828742981,0.016130194067955017,0.1484157294034958,-0.5971408486366272,-0.013499828055500984,0.17213279008865356,-0.7222036719322205,-0.046925731003284454,0.13326776027679443,-0.5631200075149536,-0.005145984701812267,0.10834845155477524,-0.49296820163726807,0.038753002882003784
A,0.0,0.0,0.0,-0.21346138417720795,-0.2114109843969345,-0.02228124998509884,-0.3119376301765442,-0.5002028942108154,-0.03251345455646515,-0.3339897692203522,-0.7355594635009766,-0.059877943247556686,-0.39044857025146484,-0.9206247329711914,-0.07927094399929047,-0.18547002971172333,-0.7026093602180481,0.08228418231010437,-0.20696236193180084,-0.8772737979888916,-0.01604568399488926,-0.23015618324279785,-0.6885609030723572,-0.08887691050767899,-0.22615396976470947,-0.5460250377655029,-0.12189281731843948,-0.06720548868179321,-0.7069535255432129,0.04984697327017784,-0.08832390606403351,-0.8646758794784546,-0.045273423194885254,-0.12096399068832397,-0.648017406463623,-0.09015615284442902,-0.1091807559132576,-0.5229487419128418,-0.09661564975976944,0.05726724863052368,-0.6810514330863953,-0.00199033971875906,0.024499349296092987,-0.8184957504272461,-0.07893063873052597,-0.01344699040055275,-0.6186580061912537,-0.05304736644029617,-0.009581495076417923,-0.5103589296340942,-0.01437162421643734,0.184469535946846,-0.6265969276428223,-0.06002781167626381,0.14262399077415466,-0.7523314356803894,-0.08711652457714081,0.09569094330072403,-0.5988580584526062,-0.04071704298257828,0.09168872982263565,-0.5079870820045471,0.005461717024445534
A,0.0,0.0,0.0,-0.22778873145580292,-0.15962474048137665,-0.045874882489442825,-0.36496931314468384,-0.4584560990333557,-0.05341602489352226,-0.3974340260028839,-0.717440128326416,-0.07410218566656113,-0.4327126741409302,-0.9015318751335144,-0.08041591942310333,-0.28260940313339233,-0.6701983213424683,0.07801371067762375,-0.28268077969551086,-0.8747933506965637,-0.04035292565822601,-0.2844938635826111,-0.6826857328414917,-0.1167149469256401,-0.2887744605541229,-0.541638195514679,-0.14564426243305206,-0.1643880158662796,-0.6981497406959534,0.0518120676279068,-0.1715753972530365,-0.8895602226257324,-0.06352142989635468,-0.16966524720191956,-0.659924328327179,-0.10421346873044968,-0.1599830985069275,-0.5402536392211914,-0.09887628257274628,-0.03587479889392853,-0.7013664245605469,-9.938900620909408e-05,-0.05101257935166359,-0.8618021011352539,-0.09820190072059631,-0.06099458038806915,-0.6364610195159912,-0.06502922624349594,-0.06462716311216354,-0.5322498083114624,-0.013558181002736092,0.09931274503469467,-0.6739197373390198,-0.06078065559267998,0.08090362697839737,-0.8256708383560181,-0.09921213984489441,0.05425311252474785,-0.6489381194114685,-0.04814818501472473,0.04140378162264824,-0.5543860197067261,0.005232406780123711
A,0.0,0.0,0.0,-0.24155400693416595,-0.11288490891456604,-0.06647949665784836,-0.4203221797943115,-0.40370452404022217,-0.08224339038133621,-0.4669444262981415,-0.6857200264930725,-0.10696946084499359,-0.481468141078949,-0.8764636516571045,-0.11644859611988068,-0.3723878264427185,-0.6415069103240967,0.054374728351831436,-0.4003998339176178,-0.8815498948097229,-0.0719478651881218,-0.40629443526268005,-0.7353614568710327,-0.14934365451335907,-0.4229164719581604,-0.6124476790428162,-0.1789926439523697,-0.23295381665229797,-0.696106493473053,0.03553728014230728,-0.24671576917171478,-0.9106458425521851,-0.08998838067054749,-0.22694748640060425,-0.6798990964889526,-0.13050882518291473,-0.22072739899158478,-0.5688904523849487,-0.12261241674423218,-0.08402533829212189,-0.7144564390182495,-0.01064381655305624,-0.10359283536672592,-0.8923975229263306,-0.1281813532114029,-0.09851711988449097,-0.6558606028556824,-0.09734627604484558,-0.10403304547071457,-0.55040442943573,-0.04174844175577164,0.06856246292591095,-0.6956771612167358,-0.06575237214565277,0.040485698729753494,-0.8496860861778259,-0.12107706815004349,0.02635270357131958,-0.6645330190658569,-0.07390587776899338,0.019426852464675903,-0.56587815284729,-0.019723042845726013
A,0.0,0.0,0.0,-0.22856609523296356,-0.10469217598438263,-0.049986790865659714,-0.40967512130737305,-0.3690732419490814,-0.07111196964979172,-0.43668121099472046,-0.6393275856971741,-0.10574807971715927,-0.4062882661819458,-0.8358973860740662,-0.12757991254329681,-0.3772036135196686,-0.6389779448509216,0.04524391144514084,-0.4440734088420868,-0.8959903717041016,-0.07498452067375183,-0.44766947627067566,-0.8196398615837097,-0.15042860805988312,-0.4399857521057129,-0.7042397856712341,-0.17957867681980133,-0.2432338446378708,-0.6913249492645264,0.022681590169668198,-0.24894805252552032,-0.8902766108512878,-0.09618960320949554,-0.2247268110513687,-0.6699849367141724,-0.1323283612728119,-0.2274165153503418,-0.5567823052406311,-0.12406765669584274,-0.0991118997335434,-0.7076483964920044,-0.02339865081012249,-0.10299557447433472,-0.8654258847236633,-0.12842974066734314,-0.09688255190849304,-0.6390572190284729,-0.09555163234472275,-0.10833686590194702,-0.5355522036552429,-0.04415649548172951,0.05039750039577484,-0.6876167058944702,-0.07806315273046494,0.03266310319304466,-0.8104920983314514,-0.1258212774991989,0.01932404935359955,-0.636260449886322,-0.0820467472076416,0.006196445319801569,-0.5448231101036072,-0.03303861245512962
A,0.0,0.0,0.0,-0.2465711086988449,-0.11632009595632553,-0.03666466847062111,-0.4271867871284485,-0.36364153027534485,-0.05922764912247658,-0.4686683118343353,-0.6240715980529785,-0.09786342829465866,-0.435709148645401,-0.8197433948516846,-0.12556323409080505,-0.41033434867858887,-0.633540689945221,0.05224597826600075,-0.47501975297927856,-0.8799750804901123,-0.0663703978061676,-0.47013968229293823,-0.7322274446487427,-0.14388994872570038,-0.43804559111595154,-0.5838341116905212,-0.17448411881923676,-0.2803509831428528,-0.6920852065086365,0.020246511325240135,-0.3216308653354645,-0.899366557598114,-0.08978398144245148,-0.29972779750823975,-0.6789698004722595,-0.1248345896601677,-0.2698708474636078,-0.5525071620941162,-0.11906366050243378,-0.13667938113212585,-0.7192138433456421,-0.03436581790447235,-0.17045724391937256,-0.8942602276802063,-0.12781359255313873,-0.16072529554367065,-0.6728276014328003,-0.09287833422422409,-0.14240194857120514,-0.5541355609893799,-0.04305265471339226,0.016745619475841522,-0.7147175073623657,-0.09674779325723648,-0.028692498803138733,-0.8736661672592163,-0.13197872042655945,-0.033997032791376114,-0.695552408695221,-0.07932376861572266,-0.02495407871901989,-0.5876984596252441,-0.026420041918754578
A,0.0,0.0,0.0,-0.24128754436969757,-0.06369920074939728,-0.042166464030742645,-0.43872886896133423,-0.28138771653175354,-0.06831344217061996,-0.4877666234970093,-0.542009174823761,-0.11013097316026688,-0.45982223749160767,-0.7423424124717712,-0.1395239531993866,-0.4461653232574463,-0.5957674980163574,0.03947591781616211,-0.5360133647918701,-0.8442094326019287,-0.08066160976886749,-0.5431439280509949,-0.7507360577583313,-0.14845316112041473,-0.5111129879951477,-0.6250805854797363,-0.1700768619775772,-0.3095110058784485,-0.6609185338020325,0.011092002503573895,-0.3665213882923126,-0.856086254119873,-0.0957704484462738,-0.33760836720466614,-0.622463047504425,-0.11061157286167145,-0.3138110935688019,-0.5299999713897705,-0.08852548152208328,-0.15972471237182617,-0.6937354207038879,-0.04082462191581726,-0.2040889412164688,-0.8689440488815308,-0.14084365963935852,-0.18504826724529266,-0.6257237195968628,-0.08945644646883011,-0.1660301685333252,-0.5265265107154846,-0.0258389450609684,0.001274570939131081,-0.6919594407081604,-0.10107195377349854,-0.05044427141547203,-0.8542147278785706,-0.1450040489435196,-0.05176500976085663,-0.6591269373893738,-0.08560909330844879,-0.03812819719314575,-0.5542146563529968,-0.024947738274931908
A,0.0,0.0,0.0,-0.25744491815567017,-0.04900321364402771,-0.044353682547807693,-0.46987488865852356,-0.29952022433280945,-0.05448148399591446,-0.5451810956001282,-0.5764023661613464,-0.07691529393196106,-0.5767382383346558,-0.788771390914917,-0.08226613700389862,-0.43485650420188904,-0.634553074836731,0.050207026302814484,-0.5265576839447021,-0.8501394391059875,-0.0630212277173996,-0.5073058009147644,-0.684309184551239,-0.11224137991666794,-0.46966463327407837,-0.5761470794677734,-0.12158524245023727,-0.2946079969406128,-0.695875883102417,0.02626604214310646,-0.3674992024898529,-0.8584780097007751,-0.08406581729650497,-0.3232201039791107,-0.5948759317398071,-0.09368385374546051,-0.28321221470832825,-0.539121687412262,-0.06571060419082642,-0.14253881573677063,-0.727371096611023,-0.02266697958111763,-0.2149914801120758,-0.868542492389679,-0.14187407493591309,-0.18415363132953644,-0.5947303175926208,-0.09360316395759583,-0.14902657270431519,-0.5231772065162659,-0.024326929822564125,0.019595226272940636,-0.735152006149292,-0.07722720503807068,-0.07221199572086334,-0.8785892724990845,-0.13559462130069733,-0.06805605441331863,-0.6701418161392212,-0.08148885518312454,-0.03530702367424965,-0.5838647484779358,-0.01928051933646202
A,0.0,0.0,0.0,-0.2542722225189209,-0.060010943561792374,-0.07056646794080734,-0.4620252847671509,-0.3253049850463867,-0.08374553918838501,-0.5440462231636047,-0.6028393507003784,-0.1041194424033165,-0.5894414186477661,-0.8078111410140991,-0.09842890501022339,-0.41603749990463257,-0.6819071769714355,0.06429871916770935,-0.48925530910491943,-0.8385785818099976,-0.040869586169719696,-0.42413514852523804,-0.5844963788986206,-0.08285808563232422,-0.3757404685020447,-0.5319278836250305,-0.09336351603269577,-0.2814325988292694,-0.7354155778884888,0.05332473665475845,-0.34630751609802246,-0.872717022895813,-0.05331825092434883,-0.29706111550331116,-0.5715570449829102,-0.053247105330228806,-0.261439710855484,-0.576055645942688,-0.019023926928639412,-0.13876749575138092,-0.7548901438713074,0.01215573213994503,-0.19113613665103912,-0.8798110485076904,-0.09940281510353088,-0.16465707123279572,-0.5918547511100769,-0.03701090067625046,-0.13336879014968872,-0.576111912727356,0.039243198931217194,0.009953433647751808,-0.7550038695335388,-0.03942828252911568,-0.05503884330391884,-0.8825885057449341,-0.0843251571059227,-0.056378237903118134,-0.6735213994979858,-0.022250238806009293,-0.02692188136279583,-0.6277338862419128,0.04330117255449295
A,0.0,0.0,0.0,-0.2634131908416748,-0.05067251995205879,-0.07423019409179688,-0.4777524769306183,-0.3026213049888611,-0.08649153262376785,-0.556207001209259,-0.5918149352073669,-0.1045527532696724,-0.5975762009620667,-0.8018121123313904,-0.09538555890321732,-0.4361024796962738,-0.6644513607025146,0.07367642223834991,-0.5020336508750916,-0.8243253827095032,-0.02945679798722267,-0.4316229522228241,-0.5691062808036804,-0.07274381816387177,-0.3828577995300293,-0.51975417137146,-0.08411489427089691,-0.3015954792499542,-0.7240068912506104,0.06789008527994156,-0.3536785840988159,-0.8621035218238831,-0.037161216139793396,-0.29939454793930054,-0.5572804808616638,-0.03849275782704353,-0.26532554626464844,-0.5595923662185669,-0.004552330356091261,-0.16002413630485535,-0.7477971315383911,0.03088696487247944,-0.20293278992176056,-0.8743767142295837,-0.0781295970082283,-0.17227348685264587,-0.5855295658111572,-0.018794575706124306,-0.1386265754699707,-0.5709457397460938,0.055733345448970795,-0.008296123705804348,-0.7567475438117981,-0.016789132729172707,-0.06986133009195328,-0.8724803924560547,-0.0582779236137867,-0.06920944899320602,-0.6605734825134277,0.0016162145184352994,-0.03827871009707451,-0.6211033463478088,0.06551997363567352
A,0.0,0.0,0.0,-0.26405471563339233,-0.04849432781338692,-0.07586272805929184,-0.47991400957107544,-0.29744309186935425,-0.08832182735204697,-0.5591684579849243,-0.5883497595787048,-0.10661394894123077,-0.6024962663650513,-0.7981217503547668,-0.09719216823577881,-0.4407804608345032,-0.6638145446777344,0.07489574700593948,-0.5064125061035156,-0.825516402721405,-0.029557811096310616,-0.43419626355171204,-0.5703007578849792,-0.07257883995771408,-0.38521620631217957,-0.5225865840911865,-0.08332248032093048,-0.30416256189346313,-0.7246974110603333,0.06915230304002762,-0.3539065718650818,-0.8644143342971802,-0.03800195828080177,-0.2994981110095978,-0.556505560874939,-0.03987614065408707,-0.2686872184276581,-0.5601915717124939,-0.005425586365163326,-0.16085553169250488,-0.7495918273925781,0.03163168951869011,-0.19968239963054657,-0.8761924505233765,-0.08080217242240906,-0.16959825158119202,-0.5843620896339417,-0.022994421422481537,-0.13912108540534973,-0.5715447068214417,0.051668088883161545,-0.007460101507604122,-0.7593551874160767,-0.016499748453497887,-0.06448865681886673,-0.8753042817115784,-0.0607120655477047,-0.06364437192678452,-0.6647276282310486,-0.002585633657872677,-0.033964306116104126,-0.6291486620903015,0.06079013645648956
A,0.0,0.0,0.0,-0.25446152687072754,-0.035691212862730026,-0.09229356050491333,-0.47999250888824463,-0.2858142852783203,-0.11244700103998184,-0.5685811638832092,-0.577403724193573,-0.13493132591247559,-0.6092422604560852,-0.792984127998352,-0.12607115507125854,-0.4477124810218811,-0.6733617186546326,0.05809267610311508,-0.5185967683792114,-0.8255643844604492,-0.05504579469561577,-0.4422936737537384,-0.5631985068321228,-0.09722895920276642,-0.39349937438964844,-0.525153398513794,-0.10567494481801987,-0.3070526719093323,-0.733326256275177,0.058912184089422226,-0.3635988235473633,-0.8661260604858398,-0.056750498712062836,-0.3063737154006958,-0.5456634163856506,-0.05297895520925522,-0.2770822048187256,-0.5705378651618958,-0.011423097923398018,-0.15986818075180054,-0.7578591108322144,0.02552364580333233,-0.20019249618053436,-0.8746626973152161,-0.09551972895860672,-0.17146697640419006,-0.5746408104896545,-0.032606370747089386,-0.1416255682706833,-0.5837594866752625,0.048325005918741226,-0.005785056855529547,-0.770443856716156,-0.0199273731559515,-0.06050262227654457,-0.8758183717727661,-0.0681781992316246,-0.06299395859241486,-0.6642394661903381,-0.009650908410549164,-0.0329166017472744,-0.6440358757972717,0.05569136142730713
A,0.0,0.0,0.0,-0.2532898783683777,-0.01568731479346752,-0.09824586659669876,-0.4898076057434082,-0.2610551118850708,-0.1188669204711914,-0.5889817476272583,-0.5540051460266113,-0.14113423228263855,-0.6365560293197632,-0.7712304592132568,-0.13174892961978912,-0.45951560139656067,-0.6563937664031982,0.06151929125189781,-0.5286368727684021,-0.8240512609481812,-0.05398373305797577,-0.4494931399822235,-0.5602933764457703,-0.09637714177370071,-0.39696434140205383,-0.5028433203697205,-0.10281220823526382,-0.3183938264846802,-0.7226990461349487,0.06461865454912186,-0.37521517276763916,-0.8715550899505615,-0.05205588415265083,-0.31280651688575745,-0.5483118295669556,-0.04870821535587311,-0.28185907006263733,-0.5602734684944153,-0.005402436014264822,-0.17081183195114136,-0.750815212726593,0.03214917331933975,-0.21218201518058777,-0.8788778781890869,-0.09243978559970856,-0.17680785059928894,-0.5774780511856079,-0.02960418164730072,-0.14669449627399445,-0.5785825848579407,0.053674593567848206,-0.0137325469404459,-0.7658834457397461,-0.012606657110154629,-0.07479023933410645,-0.8781482577323914,-0.0644351914525032,-0.07045931369066238,-0.6637893319129944,-0.005427819676697254,-0.039983753114938736,-0.636612594127655,0.0618782602250576
A,0.0,0.0,0.0,-0.25238919258117676,0.0004762924218084663,-0.09686508774757385,-0.5018933415412903,-0.22769172489643097,-0.12183753401041031,-0.6180537343025208,-0.5153387784957886,-0.15091900527477264,-0.68315190076828,-0.7302762269973755,-0.14862841367721558,-0.4895811676979065,-0.614438533782959,0.05915626510977745,-0.5610015392303467,-0.7870255708694458,-0.06587720662355423,-0.47541067004203796,-0.5315119624137878,-0.1104828491806984,-0.42884302139282227,-0.48358404636383057,-0.11681508272886276,-0.35217955708503723,-0.6885432004928589,0.0570257306098938,-0.40603363513946533,-0.8431130647659302,-0.06715314090251923,-0.33557915687561035,-0.5259463787078857,-0.06395512074232101,-0.31895506381988525,-0.5480021238327026,-0.020103273913264275,-0.20624293386936188,-0.7291020154953003,0.018375307321548462,-0.24742460250854492,-0.86131352186203,-0.11303223669528961,-0.19875241816043854,-0.5628722906112671,-0.04847237840294838,-0.17746460437774658,-0.5681570172309875,0.036594826728105545,-0.053181108087301254,-0.7573200464248657,-0.03263863921165466,-0.11121505498886108,-0.8655482530593872,-0.08812980353832245,-0.0937618687748909,-0.6583020091056824,-0.029261024668812752,-0.06407718360424042,-0.6396769285202026,0.038134120404720306
A,0.0,0.0,0.0,-0.2621423900127411,-0.014769477769732475,-0.04411102458834648,-0.50348299741745,-0.23386862874031067,-0.061085157096385956,-0.6224108934402466,-0.5044351816177368,-0.09281265735626221,-0.6954244375228882,-0.718599259853363,-0.10433920472860336,-0.4972766637802124,-0.5833080410957336,0.0495765246450901,-0.6174968481063843,-0.7832083106040955,-0.06856106966733932,-0.5421019792556763,-0.5606014728546143,-0.11918885260820389,-0.4740202724933624,-0.4704984724521637,-0.1316228210926056,-0.36260417103767395,-0.6667116284370422,0.020621340721845627,-0.4615960121154785,-0.8294194340705872,-0.08522728830575943,-0.387716144323349,-0.5549773573875427,-0.08790262788534164,-0.33844152092933655,-0.5259566903114319,-0.0596737377345562,-0.2111719250679016,-0.7202901840209961,-0.034284140914678574,-0.3052143454551697,-0.8710968494415283,-0.14315003156661987,-0.24704118072986603,-0.5917866230010986,-0.0783509686589241,-0.20114833116531372,-0.5395804643630981,-0.004327172879129648,-0.043527305126190186,-0.7504622936248779,-0.09683492034673691,-0.15130198001861572,-0.8907801508903503,-0.14377166330814362,-0.12870077788829803,-0.6814951300621033,-0.07829035073518753,-0.08472029119729996,-0.6055058836936951,-0.012335117906332016
A,0.0,0.0,0.0,-0.2499779313802719,-0.05537060648202896,-0.03105374239385128,-0.44220271706581116,-0.2780352830886841,-0.05613376572728157,-0.49229148030281067,-0.5321611166000366,-0.09760123491287231,-0.4910050332546234,-0.7238511443138123,-0.12871545553207397,-0.4405497908592224,-0.5819330215454102,0.021159274503588676,-0.5494101643562317,-0.8355528116226196,-0.09292036294937134,-0.5596539974212646,-0.754460871219635,-0.15363773703575134,-0.5229669809341431,-0.6274130344390869,-0.17300499975681305,-0.3059397339820862,-0.6456587910652161,-0.014704900793731213,-0.37387150526046753,-0.8358025550842285,-0.1193244680762291,-0.3412993252277374,-0.6058595180511475,-0.1327122002840042,-0.3082861006259918,-0.514316737651825,-0.11308977007865906,-0.15755684673786163,-0.6772774457931519,-0.07001126557588577,-0.21655571460723877,-0.8394843339920044,-0.1691434681415558,-0.1944449543952942,-0.602839469909668,-0.11629531532526016,-0.16290290653705597,-0.5097665786743164,-0.055005043745040894,0.004764221142977476,-0.6809036731719971,-0.13198930025100708,-0.06572150439023972,-0.82771897315979,-0.18000854551792145,-0.06017021834850311,-0.6400593519210815,-0.11944063007831573,-0.029600540176033974,-0.5472772121429443,-0.059267472475767136
A,0.0,0.0,0.0,-0.25734415650367737,-0.09405086189508438,-0.026054246351122856,-0.44812485575675964,-0.3451358377933502,-0.03415153920650482,-0.5173797011375427,-0.6179355382919312,-0.06209026277065277,-0.5559356808662415,-0.8312252759933472,-0.07430708408355713,-0.4018804728984833,-0.6313704252243042,0.08074698597192764,-0.4857141971588135,-0.8411371111869812,-0.031043197959661484,-0.44188690185546875,-0.6155564188957214,-0.08797550946474075,-0.39298397302627563,-0.5169759392738342,-0.1055319607257843,-0.27615177631378174,-0.680279016494751,0.04509985074400902,-0.34283506870269775,-0.8487704992294312,-0.05834328010678291,-0.3068838119506836,-0.5820306539535522,-0.07742166519165039,-0.26599952578544617,-0.5349636673927307,-0.06093917042016983,-0.1362675577402115,-0.7025290727615356,-0.014700600877404213,-0.20060710608959198,-0.8524085283279419,-0.11610262840986252,-0.1823730766773224,-0.5851658582687378,-0.06942230463027954,-0.14723125100135803,-0.5193544030189514,-0.008911442011594772,0.018755214288830757,-0.7050186395645142,-0.08049609512090683,-0.06610278785228729,-0.842978298664093,-0.11954677104949951,-0.06725310534238815,-0.6355306506156921,-0.06076782941818237,-0.03273788094520569,-0.5543560981750488,-0.001309362007305026
A,0.0,0.0,0.0,-0.262563019990921,-0.10305141657590866,-0.025080393999814987,-0.44357922673225403,-0.3519388437271118,-0.02775377407670021,-0.5070694088935852,-0.6225196719169617,-0.04907403141260147,-0.5565287470817566,-0.8308283090591431,-0.05570443719625473,-0.37701529264450073,-0.6309841871261597,0.09734006226062775,-0.4544084370136261,-0.8199653625488281,0.0008078622631728649,-0.4259823262691498,-0.6044868230819702,-0.050124142318964005,-0.38018932938575745,-0.5063174366950989,-0.06512615084648132,-0.25708073377609253,-0.6729575991630554,0.06858222931623459,-0.3214431703090668,-0.8354808688163757,-0.02278442494571209,-0.300819456577301,-0.5773784518241882,-0.041217297315597534,-0.25847864151000977,-0.5204414129257202,-0.02510400488972664,-0.1242700070142746,-0.6865066885948181,0.015907546505331993,-0.18620872497558594,-0.8423599004745483,-0.07640516012907028,-0.17972616851329803,-0.5894409418106079,-0.03578583896160126,-0.14201176166534424,-0.5158926248550415,0.02022543177008629,0.020820893347263336,-0.6798108816146851,-0.042550407350063324,-0.05550593137741089,-0.8232331871986389,-0.0795491635799408,-0.061715204268693924,-0.6350029110908508,-0.028118524700403214,-0.024128694087266922,-0.554071843624115,0.026634804904460907
A,0.0,0.0,0.0,-0.23340646922588348,-0.13499800860881805,-0.013296143151819706,-0.3810262382030487,-0.4282868802547455,-0.013971684500575066,-0.43890810012817383,-0.6735912561416626,-0.03221462294459343,-0.49328598380088806,-0.869867205619812,-0.03824767470359802,-0.2689193785190582,-0.7319459915161133,0.07281409204006195,-0.34850403666496277,-0.8616606593132019,-0.01840956322848797,-0.3312734067440033,-0.6347950100898743,-0.06671466678380966,-0.28532740473747253,-0.5326265096664429,-0.08381584286689758,-0.14796671271324158,-0.7569438815116882,0.03772297874093056,-0.2301715910434723,-0.8526586294174194,-0.048101671040058136,-0.22653672099113464,-0.588451087474823,-0.062347445636987686,-0.1778557002544403,-0.5272837281227112,-0.04848942160606384,-0.015402423217892647,-0.7519376277923584,-0.016342082992196083,-0.09565465152263641,-0.8356785774230957,-0.10654805600643158,-0.10543878376483917,-0.573194682598114,-0.0630626380443573,-0.06592843681573868,-0.5005865097045898,-0.008903375826776028,0.12618707120418549,-0.7197090983390808,-0.07425282895565033,0.04212533310055733,-0.8083406090736389,-0.11495373398065567,0.011852661147713661,-0.6016508936882019,-0.06389734148979187,0.04001636058092117,-0.5176643133163452,-0.010475318878889084
A,0.0,0.0,0.0,-0.21768483519554138,-0.1367616355419159,-0.035596780478954315,-0.35770383477211,-0.43246400356292725,-0.039723727852106094,-0.41253870725631714,-0.6859835386276245,-0.05636671185493469,-0.4309123456478119,-0.9023937582969666,-0.05338748171925545,-0.21528533101081848,-0.764889657497406,0.09065915644168854,-0.28967559337615967,-0.8612136840820312,0.0003312256885692477,-0.2776110768318176,-0.614124596118927,-0.04434538632631302,-0.23261331021785736,-0.5259943008422852,-0.05605136603116989,-0.10120358318090439,-0.7846588492393494,0.07082048803567886,-0.17751948535442352,-0.8335734009742737,-0.016563646495342255,-0.18577656149864197,-0.5649787187576294,-0.024220550432801247,-0.13701356947422028,-0.5233458876609802,-6.351171032292768e-05,0.01692316122353077,-0.7686508893966675,0.025851598009467125,-0.051208920776844025,-0.7987128496170044,-0.06637264788150787,-0.0712367594242096,-0.5430341362953186,-0.022404223680496216,-0.030691012740135193,-0.4982393980026245,0.0377640537917614,0.14002619683742523,-0.7267248630523682,-0.026261040940880775,0.08584827184677124,-0.7873374819755554,-0.05763138458132744,0.04334786534309387,-0.5999187231063843,-0.008032875135540962,0.06465699523687363,-0.5363079905509949,0.04666830971837044
A,0.0,0.0,0.0,-0.21907305717468262,-0.13655513525009155,-0.057877372950315475,-0.3683513402938843,-0.42446368932724,-0.06692588329315186,-0.42115917801856995,-0.6802316308021545,-0.08370992541313171,-0.45401161909103394,-0.8909957408905029,-0.08395931869745255,-0.24265867471694946,-0.6799746155738831,0.05864494666457176,-0.26807141304016113,-0.8276100158691406,-0.03520701453089714,-0.2585262060165405,-0.6221511363983154,-0.0900740996003151,-0.23340058326721191,-0.501747727394104,-0.10840961337089539,-0.11263918876647949,-0.6915425658226013,0.050551362335681915,-0.12731222808361053,-0.8201904296875,-0.04207519069314003,-0.14354564249515533,-0.5859150290489197,-0.06900296360254288,-0.13388505578041077,-0.4949612617492676,-0.059999238699674606,0.014032010920345783,-0.6728488206863403,0.018563903868198395,0.009759165346622467,-0.7925102114677429,-0.07792846858501434,-0.020924750715494156,-0.5741906762123108,-0.05492309108376503,-0.018561389297246933,-0.48141422867774963,-0.009008840657770634,0.13550780713558197,-0.6301431655883789,-0.020326361060142517,0.14000579714775085,-0.7662613391876221,-0.06615512818098068,0.10010657459497452,-0.6121257543563843,-0.0318279042840004,0.09229367971420288,-0.5171629786491394,0.012003686279058456
A,0.0,0.0,0.0,-0.23377104103565216,-0.11949314177036285,-0.04948572441935539,-0.3885369896888733,-0.40741392970085144,-0.05400266498327255,-0.4421398639678955,-0.6814602017402649,-0.06740473955869675,-0.4706912934780121,-0.882297933101654,-0.06279072165489197,-0.2854655385017395,-0.6250635385513306,0.05709216743707657,-0.2929917871952057,-0.8159545660018921,-0.032679665833711624,-0.2676103413105011,-0.6034096479415894,-0.07471342384815216,-0.24849189817905426,-0.49010249972343445,-0.08476265519857407,-0.1461302936077118,-0.6489888429641724,0.04679413139820099,-0.1404438614845276,-0.8140386939048767,-0.04139484465122223,-0.13947950303554535,-0.5601904392242432,-0.05581048130989075,-0.1386370211839676,-0.478069007396698,-0.03981037065386772,-0.011023961007595062,-0.6437617540359497,0.013666754588484764,0.004412229172885418,-0.797724187374115,-0.08101794868707657,-0.014995923265814781,-0.5654727220535278,-0.050963811576366425,-0.024263089522719383,-0.47490373253822327,-0.002182585187256336,0.11990024894475937,-0.6140725612640381,-0.024897819384932518,0.13470615446567535,-0.7733789086341858,-0.06937393546104431,0.104821115732193,-0.6126009821891785,-0.03255090117454529,0.09076187759637833,-0.5203872919082642,0.011269631795585155
A,0.0,0.0,0.0,-0.22746542096138,-0.12815631926059723,-0.04686626046895981,-0.3721354901790619,-0.4297865331172943,-0.049922019243240356,-0.4115130603313446,-0.6983945369720459,-0.06377094984054565,-0.44085046648979187,-0.897580623626709,-0.061197105795145035,-0.26146769523620605,-0.6472683548927307,0.06752990931272507,-0.26389506459236145,-0.8174746036529541,-0.02560601569712162,-0.24991700053215027,-0.6009785532951355,-0.07079320400953293,-0.23121428489685059,-0.5006750822067261,-0.08319364488124847,-0.12701527774333954,-0.664409339427948,0.05227644741535187,-0.12472159415483475,-0.8120782375335693,-0.0407148040831089,-0.13857178390026093,-0.5584554076194763,-0.056604668498039246,-0.12837393581867218,-0.48915234208106995,-0.03980174660682678,0.001926584169268608,-0.6549886465072632,0.012754303403198719,0.011651827953755856,-0.7869127988815308,-0.0808691531419754,-0.017725933343172073,-0.5496302247047424,-0.04597656801342964,-0.014631927944719791,-0.4724673330783844,0.005938516929745674,0.1291564702987671,-0.6262848377227783,-0.03371116518974304,0.13694334030151367,-0.762538731098175,-0.07331419736146927,0.10058443993330002,-0.5938417315483093,-0.031625185161828995,0.09581084549427032,-0.5097498893737793,0.015058893710374832
A,0.0,0.0,0.0,-0.23862777650356293,-0.1328553855419159,-0.04025258123874664,-0.38501617312431335,-0.42369991540908813,-0.04110102728009224,-0.42640620470046997,-0.6923857927322388,-0.053128644824028015,-0.4538056254386902,-0.8911007642745972,-0.04915986955165863,-0.2723669409751892,-0.6493820548057556,0.07432927936315536,-0.2795606255531311,-0.8066087365150452,-0.010648740455508232,-0.2629731297492981,-0.5827915668487549,-0.053038306534290314,-0.23992590606212616,-0.47583961486816406,-0.06394404172897339,-0.13677194714546204,-0.6645548939704895,0.059060707688331604,-0.1364818513393402,-0.802338182926178,-0.02320829965174198,-0.14574949443340302,-0.5480095744132996,-0.03581727296113968,-0.13422739505767822,-0.47686344385147095,-0.0188033115118742,-0.006074210163205862,-0.650115966796875,0.020684782415628433,0.002086761873215437,-0.7803513407707214,-0.06618040800094604,-0.025066299363970757,-0.5456315279006958,-0.03056168183684349,-0.023676123470067978,-0.4660520851612091,0.020461473613977432,0.11897896975278854,-0.6143009066581726,-0.023333987221121788,0.12693549692630768,-0.7572370171546936,-0.0561138354241848,0.09124452620744705,-0.5887959003448486,-0.010535534471273422,0.08688871562480927,-0.5022044777870178,0.03764176741242409
A,0.0,0.0,0.0,-0.1723896563053131,-0.0787416324019432,-0.2236192524433136,-0.32108449935913086,-0.3481523394584656,-0.3047792315483093,-0.3816168010234833,-0.6296391487121582,-0.3532716929912567,-0.41131100058555603,-0.8651578426361084,-0.36471685767173767,-0.2849733233451843,-0.8928283452987671,-0.08582370728254318,-0.21659956872463226,-0.9762605428695679,-0.2093771994113922,-0.20842903852462769,-0.6445867419242859,-0.26900622248649597,-0.23012416064739227,-0.5678438544273376,-0.29467764496803284,-0.14753589034080505,-0.923454761505127,-0.012820183299481869,-0.0667445957660675,-0.9882175922393799,-0.16614997386932373,-0.09329421073198318,-0.642270565032959,-0.20242632925510406,-0.12643297016620636,-0.5904452204704285,-0.18747660517692566,-0.012603308074176311,-0.8850756883621216,0.02690480649471283,0.06699170917272568,-0.9459736347198486,-0.1297818273305893,0.02116888202726841,-0.6593641638755798,-0.11741949617862701,-0.01399141550064087,-0.6086679100990295,-0.0663190707564354,0.11219856142997742,-0.8277519345283508,0.04969348758459091,0.17807304859161377,-0.8890222311019897,-0.04481340944766998,0.12157847732305527,-0.695490837097168,-0.03469928726553917,0.0851472020149231,-0.6474927067756653,0.0026646091137081385
A,0.0,0.0,0.0,-0.20953382551670074,-0.10590607672929764,-0.1434752345085144,-0.37147340178489685,-0.3859829306602478,-0.1864035278558731,-0.4318787455558777,-0.6760007739067078,-0.21399365365505219,-0.4493240416049957,-0.8933688402175903,-0.21260662376880646,-0.2798707187175751,-0.7124810814857483,-0.028475116938352585,-0.238709956407547,-0.8446122407913208,-0.12774419784545898,-0.20035603642463684,-0.5754724144935608,-0.161353200674057,-0.20485660433769226,-0.5051667094230652,-0.16935832798480988,-0.12830911576747894,-0.7284753918647766,0.0066116126254200935,-0.0779254361987114,-0.8279187679290771,-0.11059156060218811,-0.07716283947229385,-0.5384550094604492,-0.12530721724033356,-0.10915914177894592,-0.502800703048706,-0.10615640878677368,0.010189278051257133,-0.7098724246025085,0.013066919520497322,0.06582880765199661,-0.8029091358184814,-0.11470559239387512,0.04145952686667442,-0.5472282767295837,-0.08783284574747086,-0.000940991856623441,-0.504685640335083,-0.03720676153898239,0.1320064514875412,-0.6762412786483765,0.007985894568264484,0.18427664041519165,-0.7751032710075378,-0.06459060311317444,0.1490829437971115,-0.5897248387336731,-0.04204917326569557,0.10570618510246277,-0.5270846486091614,-0.005349143873900175
A,0.0,0.0,0.0,-0.2141469568014145,-0.1342514157295227,-0.12383822351694107,-0.3569735884666443,-0.407989501953125,-0.16134776175022125,-0.4121254086494446,-0.6919742822647095,-0.18775694072246552,-0.4319296181201935,-0.9019073247909546,-0.1873306930065155,-0.2513655126094818,-0.6673197150230408,-0.025978215038776398,-0.21842803061008453,-0.779146671295166,-0.09948603808879852,-0.17381340265274048,-0.5402479767799377,-0.11333522200584412,-0.16974833607673645,-0.5044783353805542,-0.11443370580673218,-0.09404405951499939,-0.6733008623123169,0.0013251550262793899,-0.05559276044368744,-0.7465211153030396,-0.0941736176609993,-0.05751141160726547,-0.502711832523346,-0.10242325067520142,-0.0785679891705513,-0.49697571992874146,-0.08713682740926743,0.0472431443631649,-0.6413735747337341,0.005013909190893173,0.09033752232789993,-0.7267434597015381,-0.1030450090765953,0.06720209866762161,-0.5191462635993958,-0.07776500284671783,0.03356388956308365,-0.49896737933158875,-0.03445333242416382,0.17164519429206848,-0.5964860916137695,-0.001201390870846808,0.2276294082403183,-0.720644474029541,-0.06368889659643173,0.19293759763240814,-0.5945405960083008,-0.0457366518676281,0.15483437478542328,-0.5526628494262695,-0.015961404889822006
A,0.0,0.0,0.0,-0.21184632182121277,-0.10577163845300674,-0.11496289074420929,-0.3646700978279114,-0.38787195086479187,-0.14637121558189392,-0.422411173582077,-0.684185802936554,-0.1687234342098236,-0.43607816100120544,-0.8999088406562805,-0.16677749156951904,-0.2754216194152832,-0.6415207386016846,-0.014500416815280914,-0.22452573478221893,-0.7956106662750244,-0.10939513891935349,-0.19935424625873566,-0.5497272610664368,-0.1429799199104309,-0.20801787078380585,-0.46310892701148987,-0.15070371329784393,-0.12613816559314728,-0.6563223004341125,0.007795998360961676,-0.06914350390434265,-0.7762038707733154,-0.10277485102415085,-0.07508043944835663,-0.512681245803833,-0.1216903105378151,-0.11261960119009018,-0.44850727915763855,-0.10754463821649551,0.008665107190608978,-0.6481530666351318,0.00493970513343811,0.07320354133844376,-0.7441040277481079,-0.1188717931509018,0.04370555281639099,-0.5065935254096985,-0.1031026840209961,-0.008801206946372986,-0.4364526569843292,-0.059633273631334305,0.13355816900730133,-0.6243953108787537,-0.005978578235954046,0.19355659186840057,-0.7390938401222229,-0.0790059044957161,0.1636277735233307,-0.5722260475158691,-0.06332378089427948,0.11552724987268448,-0.49530720710754395,-0.031189890578389168
A,0.0,0.0,0.0,-0.22191505134105682,-0.1207842156291008,-0.08899776637554169,-0.3634188175201416,-0.41354164481163025,-0.11128578335046768,-0.4001820385456085,-0.6967895030975342,-0.13085760176181793,-0.4231899380683899,-0.9060410857200623,-0.13227292895317078,-0.228651225566864,-0.6414703130722046,-0.008786046877503395,-0.18821503221988678,-0.759011447429657,-0.10235552489757538,-0.1582755744457245,-0.528654158115387,-0.14466199278831482,-0.16968980431556702,-0.41099464893341064,-0.15704888105392456,-0.07895069569349289,-0.6520249247550964,-0.0004856876330450177,-0.029980989173054695,-0.7247119545936584,-0.10143280774354935,-0.025993207469582558,-0.47021880745887756,-0.12787623703479767,-0.06512094289064407,-0.3806551694869995,-0.12317944318056107,0.052047524601221085,-0.6258748769760132,-0.012408480048179626,0.10655338317155838,-0.6994486451148987,-0.12817223370075226,0.09154018759727478,-0.4637853801250458,-0.11381139606237411,0.04161275550723076,-0.36471718549728394,-0.07336141914129257,0.16585350036621094,-0.5763461589813232,-0.02963900752365589,0.22859613597393036,-0.6902450919151306,-0.09889040142297745,0.20847798883914948,-0.534099280834198,-0.07632642984390259,0.1584283411502838,-0.4470716714859009,-0.03917517140507698
A,0.0,0.0,0.0,-0.2325925976037979,-0.10549122840166092,-0.09845646470785141,-0.37906327843666077,-0.39382413029670715,-0.11958254128694534,-0.4122728407382965,-0.6896474361419678,-0.12993553280830383,-0.43533995747566223,-0.9002662301063538,-0.12051025032997131,-0.2776787579059601,-0.6468759775161743,-0.025532077997922897,-0.22270400822162628,-0.7217147946357727,-0.1022394448518753,-0.18335403501987457,-0.5013227462768555,-0.1313166618347168,-0.19768814742565155,-0.4098093807697296,-0.13933466374874115,-0.13312581181526184,-0.6901038885116577,-0.005958020221441984,-0.05866703763604164,-0.7098619341850281,-0.08135806769132614,-0.04303440451622009,-0.46360456943511963,-0.09504043310880661,-0.09120448678731918,-0.4019617438316345,-0.08868787437677383,0.003498347010463476,-0.6838608980178833,-0.004722821991890669,0.08392464369535446,-0.6957663893699646,-0.10152707993984222,0.07761193811893463,-0.4651919901371002,-0.08368680626153946,0.018424896523356438,-0.3937521278858185,-0.048892196267843246,0.12470144033432007,-0.6436597108840942,-0.009911938570439816,0.20189279317855835,-0.6926023960113525,-0.0697697252035141,0.18780359625816345,-0.5250135064125061,-0.046723488718271255,0.133135586977005,-0.456709623336792,-0.013157855719327927
A,0.0,0.0,0.0,-0.22632507979869843,-0.09677280485630035,-0.08306402713060379,-0.37842103838920593,-0.38781267404556274,-0.09844816476106644,-0.4176158010959625,-0.6867561340332031,-0.10910876095294952,-0.4372332990169525,-0.8993480801582336,-0.10053687542676926,-0.2773093581199646,-0.6428219676017761,0.0009858112316578627,-0.2366487681865692,-0.7246643900871277,-0.08325647562742233,-0.20035448670387268,-0.5016789436340332,-0.11772166192531586,-0.1979523003101349,-0.40964052081108093,-0.12694258987903595,-0.13162526488304138,-0.6774614453315735,0.009686412289738655,-0.0726192370057106,-0.6940475702285767,-0.07060454785823822,-0.0623033232986927,-0.4570559859275818,-0.08265651017427444,-0.08837457001209259,-0.39755940437316895,-0.07228846848011017,0.0039336481131613255,-0.6675287485122681,-0.002816014690324664,0.0751132220029831,-0.6729037761688232,-0.09999711811542511,0.06352978944778442,-0.4516223967075348,-0.08069630712270737,0.020475665107369423,-0.38307374715805054,-0.043478917330503464,0.13132695853710175,-0.6317195892333984,-0.022049617022275925,0.19554494321346283,-0.6758705973625183,-0.07918903231620789,0.17466211318969727,-0.503543496131897,-0.05692227929830551,0.12631955742835999,-0.4269828200340271,-0.023424865677952766
A,0.0,0.0,0.0,-0.24428300559520721,-0.09833085536956787,-0.08249868452548981,-0.3855890929698944,-0.3857291340827942,-0.09981375932693481,-0.41765281558036804,-0.6887919306755066,-0.10575838387012482,-0.43269604444503784,-0.9015399217605591,-0.09320604056119919,-0.264742910861969,-0.6868677735328674,-0.025368712842464447,-0.2377840131521225,-0.7102035880088806,-0.0691734030842781,-0.2036476880311966,-0.4993010461330414,-0.07808171957731247,-0.18933959305286407,-0.4253377616405487,-0.08011738955974579,-0.11276973783969879,-0.728330671787262,-0.008733238093554974,-0.07230072468519211,-0.6692519783973694,-0.051197074353694916,-0.06565837562084198,-0.4503325819969177,-0.05206172540783882,-0.0765800029039383,-0.39026448130607605,-0.04412836953997612,0.026963315904140472,-0.710663914680481,-0.005158449523150921,0.07308613508939743,-0.640636682510376,-0.07011764496564865,0.06141747161746025,-0.4385024607181549,-0.046670615673065186,0.03569876775145531,-0.3653228282928467,-0.016122279688715935,0.15411657094955444,-0.6640851497650146,-0.007940377108752728,0.19407014548778534,-0.6574840545654297,-0.04973754286766052,0.17684714496135712,-0.49826112389564514,-0.024768540635704994,0.14761781692504883,-0.4231056869029999,0.007488599978387356
A,0.0,0.0,0.0,-0.22519542276859283,-0.07394550740718842,-0.10120042413473129,-0.37601813673973083,-0.3792142868041992,-0.11987168341875076,-0.41594675183296204,-0.6878175735473633,-0.12709057331085205,-0.43739137053489685,-0.8992713093757629,-0.11182307451963425,-0.280100554227829,-0.646859347820282,-0.03051462024450302,-0.24385803937911987,-0.7378860712051392,-0.10127364099025726,-0.19847844541072845,-0.5067371129989624,-0.11566107720136642,-0.192430779337883,-0.42254123091697693,-0.11461328715085983,-0.13283216953277588,-0.6871973276138306,-0.010846528224647045,-0.07978491485118866,-0.6981945037841797,-0.08609236776828766,-0.06465046852827072,-0.44533178210258484,-0.08735035359859467,-0.09056442230939865,-0.3873078525066376,-0.07004346698522568,0.005743334069848061,-0.6734892129898071,-0.0108329551294446,0.06880977004766464,-0.6676715612411499,-0.10866212099790573,0.061168696731328964,-0.4336257576942444,-0.08226029574871063,0.021693868562579155,-0.3634994626045227,-0.040203142911195755,0.1366100013256073,-0.6321434378623962,-0.018131738528609276,0.193739652633667,-0.6813219785690308,-0.08160405606031418,0.17720352113246918,-0.5117408037185669,-0.05912088602781296,0.13288792967796326,-0.43777763843536377,-0.024456141516566277
A,0.0,0.0,0.0,-0.2305031567811966,-0.09413866698741913,-0.09270060062408447,-0.37727704644203186,-0.39208483695983887,-0.10934890806674957,-0.41015625,-0.6946364045143127,-0.11638141423463821,-0.4276663064956665,-0.9039366841316223,-0.10191003978252411,-0.27670806646347046,-0.664406955242157,-0.01378040760755539,-0.2380390167236328,-0.731882631778717,-0.07758831977844238,-0.194829061627388,-0.5074701905250549,-0.09636582434177399,-0.19020412862300873,-0.42008358240127563,-0.10001686960458755,-0.13032105565071106,-0.7040235996246338,0.0030584842897951603,-0.0757467970252037,-0.7055104374885559,-0.06366654485464096,-0.05797906965017319,-0.4605010151863098,-0.07003109157085419,-0.08646310120820999,-0.3958490192890167,-0.058427728712558746,0.007790764328092337,-0.6857179403305054,0.0014443680411204696,0.07054908573627472,-0.6801359057426453,-0.08685588836669922,0.06470316648483276,-0.4570549428462982,-0.06331326812505722,0.02285088784992695,-0.37955865263938904,-0.02568933740258217,0.13355500996112823,-0.6374065279960632,-0.007135953288525343,0.19286617636680603,-0.6912919878959656,-0.06444384902715683,0.1753595769405365,-0.5267602205276489,-0.04062977060675621,0.1278161108493805,-0.44657719135284424,-0.006188028957694769
A,0.0,0.0,0.0,-0.22298666834831238,-0.08787763118743896,-0.10892152786254883,-0.3679274916648865,-0.39819735288619995,-0.12958095967769623,-0.40644845366477966,-0.700289249420166,-0.1383206993341446,-0.4245542883872986,-0.9054024815559387,-0.12434175610542297,-0.2813032567501068,-0.6474404335021973,-0.02708720788359642,-0.2265898734331131,-0.7401179671287537,-0.10533883422613144,-0.19207364320755005,-0.49787890911102295,-0.12700888514518738,-0.19231657683849335,-0.4282996654510498,-0.13125275075435638,-0.12772563099861145,-0.6865668892860413,-0.004769261460751295,-0.05927671119570732,-0.718719482421875,-0.09277059137821198,-0.06188191473484039,-0.4547058939933777,-0.09846371412277222,-0.09328737109899521,-0.4146522283554077,-0.08118706196546555,0.012484288774430752,-0.6746229529380798,-0.003943914547562599,0.08607547730207443,-0.6834622025489807,-0.1087288036942482,0.06426039338111877,-0.4457816779613495,-0.08206513524055481,0.022902684286236763,-0.39839252829551697,-0.038471441715955734,0.13865463435649872,-0.6407880187034607,-0.011487806215882301,0.20175163447856903,-0.6821272969245911,-0.07532009482383728,0.17791995406150818,-0.5050612092018127,-0.05169295519590378,0.13535021245479584,-0.4409024715423584,-0.01653127744793892
A,0.0,0.0,0.0,-0.22586913406848907,-0.08978517353534698,-0.114078588783741,-0.3665275275707245,-0.4044559597969055,-0.13874226808547974,-0.4024839401245117,-0.6978957653045654,-0.15027454495429993,-0.42421767115592957,-0.9055601954460144,-0.14073209464550018,-0.27588844299316406,-0.6693639755249023,-0.04013921320438385,-0.2246387004852295,-0.7521039843559265,-0.12179157137870789,-0.18686579167842865,-0.5077964663505554,-0.15047957003116608,-0.18633036315441132,-0.41679778695106506,-0.1569574773311615,-0.12285853177309036,-0.7003968954086304,-0.013946447521448135,-0.062194596976041794,-0.7259641885757446,-0.10567888617515564,-0.05321432277560234,-0.45362767577171326,-0.11775705963373184,-0.07806609570980072,-0.373800665140152,-0.10181383788585663,0.020122509449720383,-0.6784927845001221,-0.007633404340595007,0.08460217714309692,-0.6840309500694275,-0.116245798766613,0.07121650129556656,-0.4410220682621002,-0.09337537735700607,0.033195119351148605,-0.3520984351634979,-0.0478019043803215,0.14621610939502716,-0.6341691613197327,-0.009188898839056492,0.205959752202034,-0.6889137029647827,-0.0758504793047905,0.18138481676578522,-0.5127751231193542,-0.05174880847334862,0.13609184324741364,-0.420418381690979,-0.013005128130316734
A,0.0,0.0,0.0,-0.22650738060474396,-0.09387210756540298,-0.11177588254213333,-0.36707308888435364,-0.40777888894081116,-0.13510245084762573,-0.40267741680145264,-0.7004871368408203,-0.14606399834156036,-0.424520879983902,-0.9054182171821594,-0.13587911427021027,-0.26899564266204834,-0.6647250652313232,-0.039471451193094254,-0.22673684358596802,-0.7531407475471497,-0.11818024516105652,-0.18762925267219543,-0.5099881887435913,-0.1424451470375061,-0.1872265636920929,-0.41778308153152466,-0.14564059674739838,-0.11686942726373672,-0.6921923756599426,-0.013979673385620117,-0.0637703686952591,-0.7276366949081421,-0.10430679470300674,-0.05455992370843887,-0.4570452868938446,-0.11538302153348923,-0.08084087818861008,-0.3780646026134491,-0.09901923686265945,0.024287648499011993,-0.6683804392814636,-0.007900218479335308,0.08187013864517212,-0.6900744438171387,-0.11649493128061295,0.0691380724310875,-0.4473171830177307,-0.0936380997300148,0.03164372593164444,-0.3560221493244171,-0.04783054441213608,0.147749662399292,-0.6228797435760498,-0.00915222056210041,0.2032126933336258,-0.6945509314537048,-0.07596389204263687,0.17880134284496307,-0.5223879218101501,-0.05152123048901558,0.13361388444900513,-0.4278990924358368,-0.01261406671255827
A,0.0,0.0,0.0,-0.21573065221309662,-0.09128506481647491,-0.11684642732143402,-0.36248019337654114,-0.39315974712371826,-0.14296215772628784,-0.40848976373672485,-0.6941044330596924,-0.15504254400730133,-0.4202501177787781,-0.9074082970619202,-0.14208954572677612,-0.265713095664978,-0.6467370390892029,-0.036288995295763016,-0.2311137467622757,-0.7605879902839661,-0.10856672376394272,-0.1926126927137375,-0.5284735560417175,-0.1225343570113182,-0.1926991194486618,-0.4426926374435425,-0.12064711004495621,-0.11665274202823639,-0.6758987307548523,-0.009657948277890682,-0.07388509064912796,-0.7322269082069397,-0.09176404029130936,-0.06431087106466293,-0.4753069281578064,-0.09485944360494614,-0.09163923561573029,-0.4240786135196686,-0.0766141414642334,0.020745335146784782,-0.6562584638595581,-0.00430331053212285,0.07028809934854507,-0.7071657180786133,-0.10563614219427109,0.05696353316307068,-0.47735893726348877,-0.07748507708311081,0.016224859282374382,-0.41613709926605225,-0.032910168170928955,0.1430128514766693,-0.612957775592804,-0.007541979197412729,0.19638632237911224,-0.6973255276679993,-0.07233116030693054,0.171682670712471,-0.5353285670280457,-0.049151692539453506,0.12293823808431625,-0.464417427778244,-0.013996546156704426
A,0.0,0.0,0.0,-0.2129712998867035,-0.09959932416677475,-0.11660025268793106,-0.3562183082103729,-0.4037434160709381,-0.1444435715675354,-0.40550515055656433,-0.7003563046455383,-0.15998777747154236,-0.4103621244430542,-0.9119226336479187,-0.14985965192317963,-0.25965046882629395,-0.6696842908859253,-0.028471123427152634,-0.22233879566192627,-0.8030800223350525,-0.10817138850688934,-0.19020956754684448,-0.5533278584480286,-0.12795396149158478,-0.18759647011756897,-0.4605092704296112,-0.1284702569246292,-0.10302026569843292,-0.6851909160614014,-0.0048872437328100204,-0.06117500737309456,-0.7766376733779907,-0.09830282628536224,-0.062031298875808716,-0.5086075067520142,-0.10558553785085678,-0.08593766391277313,-0.45565512776374817,-0.08676594495773315,0.041317980736494064,-0.6582368612289429,-0.003661191090941429,0.09067044407129288,-0.7396712899208069,-0.11259860545396805,0.06724008172750473,-0.5021938681602478,-0.08153246343135834,0.02771441638469696,-0.440960556268692,-0.032529424875974655,0.1688212752342224,-0.6108471751213074,-0.011240867897868156,0.22507841885089874,-0.7180289626121521,-0.0773921012878418,0.19412602484226227,-0.5480703711509705,-0.04897603765130043,0.14932407438755035,-0.4702175259590149,-0.009277142584323883
A,0.0,0.0,0.0,-0.2245023101568222,-0.11338285356760025,-0.09768438339233398,-0.3804490566253662,-0.41511034965515137,-0.11820770055055618,-0.43139344453811646,-0.7065134644508362,-0.13350437581539154,-0.4143122732639313,-0.9101347923278809,-0.12324699014425278,-0.27806538343429565,-0.6720062494277954,0.011589216999709606,-0.262596994638443,-0.8158717751502991,-0.07155386358499527,-0.22428494691848755,-0.5641343593597412,-0.09518514573574066,-0.21387454867362976,-0.4895302653312683,-0.09679087996482849,-0.12358704209327698,-0.6834461092948914,0.025092551484704018,-0.09731333702802658,-0.7862770557403564,-0.07115665823221207,-0.09378749877214432,-0.5057287216186523,-0.07708332687616348,-0.10686663538217545,-0.4589471220970154,-0.052421241998672485,0.020793311297893524,-0.6578389406204224,0.014187696389853954,0.051550935953855515,-0.7445247173309326,-0.09651336073875427,0.03395232930779457,-0.4950708746910095,-0.06186472997069359,0.012037385255098343,-0.4379359781742096,-0.005791623145341873,0.15385164320468903,-0.6114813089370728,-0.004564836621284485,0.18955254554748535,-0.7220115065574646,-0.0641574040055275,0.1573438197374344,-0.546122133731842,-0.029744718223810196,0.12523536384105682,-0.4700503647327423,0.01600653864443302
A,0.0,0.0,0.0,-0.2385469526052475,-0.12861980497837067,-0.04359219968318939,-0.38453784584999084,-0.43461939692497253,-0.051751378923654556,-0.40823647379875183,-0.7160626649856567,-0.0678662657737732,-0.3833739757537842,-0.9235932230949402,-0.06707274913787842,-0.23753206431865692,-0.706438422203064,0.04049515724182129,-0.29474008083343506,-0.8272427320480347,-0.047578878700733185,-0.2851470410823822,-0.5772033333778381,-0.0798698365688324,-0.238906130194664,-0.5152906775474548,-0.0883617252111435,-0.08715849369764328,-0.7122824788093567,0.019457899034023285,-0.14734028279781342,-0.806439220905304,-0.07391270995140076,-0.16393932700157166,-0.5389453172683716,-0.07415846735239029,-0.11375933140516281,-0.5003129243850708,-0.04604122415184975,0.0545002706348896,-0.6816564798355103,-0.022580308839678764,0.002067986410111189,-0.7462465763092041,-0.12248912453651428,-0.030086904764175415,-0.49334925413131714,-0.07103211432695389,0.0061086625792086124,-0.4548034369945526,-0.007125133648514748,0.19731758534908295,-0.6305639147758484,-0.07039571553468704,0.14498519897460938,-0.7094743847846985,-0.10977448523044586,0.09994348883628845,-0.5085335969924927,-0.05514546111226082,0.12125051766633987,-0.43745192885398865,0.0011641014134511352
A,0.0,0.0,0.0,-0.2090577483177185,-0.14043791592121124,-0.057359009981155396,-0.3540581464767456,-0.4468476474285126,-0.07113458961248398,-0.39529913663864136,-0.7222084999084473,-0.09084770083427429,-0.3713074028491974,-0.9285100102424622,-0.09001579135656357,-0.2252793163061142,-0.7110720872879028,0.03861267864704132,-0.2541405260562897,-0.8408289551734924,-0.05955928564071655,-0.24600628018379211,-0.5960169434547424,-0.09530723839998245,-0.21869321167469025,-0.5189337730407715,-0.1029997393488884,-0.08176226913928986,-0.7155618667602539,0.02476525865495205,-0.104348324239254,-0.808839738368988,-0.08260954171419144,-0.12314199656248093,-0.5423509478569031,-0.08966889977455139,-0.10205889493227005,-0.49811893701553345,-0.06168307736515999,0.059839095920324326,-0.690403938293457,-0.012738925404846668,0.04096849262714386,-0.7450357675552368,-0.12604695558547974,0.010204773396253586,-0.5005009174346924,-0.08600763231515884,0.021250616759061813,-0.4661768674850464,-0.02520722709596157,0.2048613280057907,-0.6459813117980957,-0.05663042142987251,0.18392440676689148,-0.7025901675224304,-0.10897161811590195,0.14083325862884521,-0.5102810859680176,-0.06789660453796387,0.14035403728485107,-0.45257332921028137,-0.017549782991409302
A,0.0,0.0,0.0,-0.21272411942481995,-0.13884608447551727,-0.06604631245136261,-0.36022302508354187,-0.4446072578430176,-0.08169420063495636,-0.40417033433914185,-0.7184361219406128,-0.10159909725189209,-0.3855772614479065,-0.9226755499839783,-0.09940493106842041,-0.22151005268096924,-0.7132669687271118,0.03380773589015007,-0.24730592966079712,-0.8420051336288452,-0.0655941367149353,-0.24039077758789062,-0.5929332971572876,-0.09847699105739594,-0.21409624814987183,-0.5255255103111267,-0.10380236804485321,-0.08117837458848953,-0.7078530192375183,0.0220856461673975,-0.09451962262392044,-0.807021975517273,-0.08688634634017944,-0.12070196866989136,-0.5375977158546448,-0.0900828167796135,-0.10144637525081635,-0.5016356706619263,-0.059070173650979996,0.05684185400605202,-0.675837516784668,-0.015041586011648178,0.052700225263834,-0.7458658218383789,-0.13038161396980286,0.01498615276068449,-0.4963931441307068,-0.08657823503017426,0.024861127138137817,-0.46539735794067383,-0.022765088826417923,0.1995280683040619,-0.6252434849739075,-0.05972861126065254,0.19582130014896393,-0.6989312171936035,-0.11414850503206253,0.14548040926456451,-0.5034946203231812,-0.07222706824541092,0.14025327563285828,-0.44355452060699463,-0.021240785717964172
A,0.0,0.0,0.0,-0.19673675298690796,-0.1530153453350067,-0.08326182514429092,-0.33185556530952454,-0.4682800769805908,-0.10771818459033966,-0.36613497138023376,-0.7399508953094482,-0.13169577717781067,-0.3401487171649933,-0.9403716921806335,-0.13070747256278992,-0.17689082026481628,-0.7598735094070435,0.006784599274396896,-0.2144615650177002,-0.8732495307922363,-0.10081008076667786,-0.21332833170890808,-0.607374370098114,-0.13437038660049438,-0.17724283039569855,-0.5520358085632324,-0.14052101969718933,-0.036190856248140335,-0.746453046798706,-0.0008927889284677804,-0.058184318244457245,-0.8299017548561096,-0.12042612582445145,-0.0964183509349823,-0.5517019033432007,-0.12011861056089401,-0.06410239636898041,-0.5330339670181274,-0.08431478589773178,0.09827999025583267,-0.697050929069519,-0.03516774624586105,0.08502171188592911,-0.7526419162750244,-0.16131813824176788,0.03311854600906372,-0.5036728978157043,-0.11377542465925217,0.05781394988298416,-0.4880065619945526,-0.045071639120578766,0.2326701283454895,-0.6281259655952454,-0.07869540899991989,0.22324274480342865,-0.6920181512832642,-0.14418333768844604,0.16073648631572723,-0.5041596293449402,-0.10322820395231247,0.16525354981422424,-0.44858676195144653,-0.04952778294682503
A,0.0,0.0,0.0,-0.20935997366905212,-0.1499033123254776,-0.06937612593173981,-0.3476158380508423,-0.45191895961761475,-0.08780138939619064,-0.37682485580444336,-0.7295755743980408,-0.10991579294204712,-0.35402238368988037,-0.935236930847168,-0.11152835935354233,-0.22575567662715912,-0.6952662467956543,0.034250952303409576,-0.24070680141448975,-0.8396625518798828,-0.06683532893657684,-0.238785058259964,-0.5974589586257935,-0.10697566717863083,-0.21976961195468903,-0.5302298069000244,-0.11793908476829529,-0.08459778130054474,-0.6966388821601868,0.025812217965722084,-0.09497097134590149,-0.8091211318969727,-0.08509232103824615,-0.11757786571979523,-0.5522980690002441,-0.09504661709070206,-0.10085960477590561,-0.5088793039321899,-0.06966665387153625,0.04900391772389412,-0.6689110994338989,-0.007783247623592615,0.04087193310260773,-0.7552481889724731,-0.12090464681386948,0.006779829040169716,-0.5188241600990295,-0.0787215307354927,0.012715395539999008,-0.47304242849349976,-0.017840811982750893,0.18032725155353546,-0.6239191293716431,-0.049266744405031204,0.17130312323570251,-0.7018952369689941,-0.10167157649993896,0.12712083756923676,-0.5119902491569519,-0.05823527276515961,0.12200404703617096,-0.4456374943256378,-0.007155262865126133
A,0.0,0.0,0.0,-0.19586090743541718,-0.1675666868686676,-0.056399155408144,-0.3341785669326782,-0.47527238726615906,-0.06868074834346771,-0.37127116322517395,-0.744655966758728,-0.08779105544090271,-0.3363574147224426,-0.9417343735694885,-0.08937743306159973,-0.19698339700698853,-0.6965084075927734,0.05415066331624985,-0.2076067477464676,-0.8426499366760254,-0.0372765026986599,-0.21597018837928772,-0.6252391934394836,-0.07840663194656372,-0.20272918045520782,-0.5440688133239746,-0.09117075055837631,-0.059922728687524796,-0.6798005700111389,0.04139908403158188,-0.07079458981752396,-0.8052248358726501,-0.053920142352581024,-0.10019710659980774,-0.5582379102706909,-0.06442474573850632,-0.08962234854698181,-0.4967045783996582,-0.043045785278081894,0.07204820215702057,-0.6373757123947144,0.004465308040380478,0.06940841674804688,-0.744503915309906,-0.10008919984102249,0.028465496376156807,-0.5090143084526062,-0.06012722849845886,0.025909436866641045,-0.44285938143730164,-0.0027577271685004234,0.20417284965515137,-0.5710492730140686,-0.03862166404724121,0.19743014872074127,-0.6777389049530029,-0.0905238538980484,0.15013255178928375,-0.48293888568878174,-0.04625142365694046,0.13635027408599854,-0.401384562253952,0.004549807403236628
A,0.0,0.0,0.0,-0.20377734303474426,-0.1717713177204132,-0.04149465635418892,-0.3312608003616333,-0.480547696352005,-0.04701545834541321,-0.35703542828559875,-0.7446681261062622,-0.06309258937835693,-0.3322432041168213,-0.943193793296814,-0.0637560784816742,-0.17548933625221252,-0.704322874546051,0.06720222532749176,-0.20373289287090302,-0.8451623916625977,-0.018294312059879303,-0.22262996435165405,-0.6370725631713867,-0.05747281759977341,-0.19774402678012848,-0.5492575168609619,-0.06936762481927872,-0.04360596090555191,-0.6970753073692322,0.04966098070144653,-0.07020767033100128,-0.8097200393676758,-0.04237062856554985,-0.10577299445867538,-0.5674803853034973,-0.05442504957318306,-0.07722000032663345,-0.5071600675582886,-0.03312032297253609,0.08592081069946289,-0.6599159240722656,0.0098420986905694,0.06640728563070297,-0.7516183853149414,-0.08970093727111816,0.020946184173226357,-0.5243959426879883,-0.054183702915906906,0.03636004030704498,-0.4654751718044281,0.0006574754952453077,0.21917356550693512,-0.6017451882362366,-0.03508329018950462,0.20031681656837463,-0.6940345764160156,-0.08161798119544983,0.1472022980451584,-0.5153158903121948,-0.039992474019527435,0.1472921520471573,-0.4423849582672119,0.00936134159564972
A,0.0,0.0,0.0,-0.17877297103405,-0.15810611844062805,-0.10090003162622452,-0.30773916840553284,-0.45652589201927185,-0.12817144393920898,-0.3324248492717743,-0.7466773390769958,-0.15012283623218536,-0.29767706990242004,-0.9546665549278259,-0.14919167757034302,-0.15760046243667603,-0.6948814392089844,0.023142563179135323,-0.13498005270957947,-0.8416168093681335,-0.07489719241857529,-0.16115155816078186,-0.6310715079307556,-0.1186809167265892,-0.16516095399856567,-0.5232092142105103,-0.13068772852420807,-0.025725005194544792,-0.679581880569458,0.037459298968315125,-0.020034437999129295,-0.8064675331115723,-0.06427034735679626,-0.061944250017404556,-0.5660613179206848,-0.07811944931745529,-0.06177389249205589,-0.5008529424667358,-0.05636105686426163,0.09216520190238953,-0.6302986741065979,0.023714808747172356,0.10820604860782623,-0.7195760607719421,-0.0902143120765686,0.05441110208630562,-0.5101075768470764,-0.06494628638029099,0.041689030826091766,-0.45774924755096436,-0.013400786556303501,0.20470578968524933,-0.5591304302215576,0.0013769087381660938,0.2112710028886795,-0.6418458819389343,-0.05970856174826622,0.1562545746564865,-0.4833781123161316,-0.03241202235221863,0.1363353580236435,-0.42281532287597656,0.008828764781355858
A,0.0,0.0,0.0,-0.18856976926326752,-0.17640817165374756,-0.05110668018460274,-0.30793020129203796,-0.4876633286476135,-0.0582125186920166,-0.3196643590927124,-0.7643847465515137,-0.07324231415987015,-0.2820356786251068,-0.9594038724899292,-0.07249310612678528,-0.16335928440093994,-0.6703417301177979,0.0656563937664032,-0.1422547996044159,-0.8246946334838867,-0.014473818242549896,-0.1706162691116333,-0.6439261436462402,-0.05984487012028694,-0.1806672364473343,-0.5388541221618652,-0.07707007974386215,-0.041987475007772446,-0.6579394936561584,0.05729088559746742,-0.03483627736568451,-0.7938117384910583,-0.022823810577392578,-0.07144735753536224,-0.5747600197792053,-0.040531232953071594,-0.07382380962371826,-0.48416706919670105,-0.028893521055579185,0.06915260851383209,-0.617887556552887,0.02616523951292038,0.08458808064460754,-0.7379581332206726,-0.05627097934484482,0.03698112070560455,-0.5374144911766052,-0.026837754994630814,0.023318646475672722,-0.4433417320251465,0.017805442214012146,0.17733776569366455,-0.557075023651123,-0.01168244332075119,0.18850134313106537,-0.6795146465301514,-0.047985319048166275,0.14122682809829712,-0.5345664620399475,-0.011543244123458862,0.12158428132534027,-0.450313538312912,0.029491204768419266
A,0.0,0.0,0.0,-0.17585556209087372,-0.1694028079509735,-0.09524571895599365,-0.3006926476955414,-0.4724659323692322,-0.1161850094795227,-0.32496997714042664,-0.7592937350273132,-0.13349826633930206,-0.28738653659820557,-0.9578147530555725,-0.12728512287139893,-0.19320353865623474,-0.6732651591300964,0.04503534361720085,-0.1306706964969635,-0.8199840784072876,-0.050953458994627,-0.14929956197738647,-0.6180322170257568,-0.09896326065063477,-0.18178559839725494,-0.5372150540351868,-0.11617104709148407,-0.07067127525806427,-0.6713743805885315,0.05933281406760216,-0.02193782664835453,-0.7864686250686646,-0.03761817142367363,-0.050090987235307693,-0.5498150587081909,-0.054269254207611084,-0.08187749981880188,-0.5018845796585083,-0.038764920085668564,0.041111599653959274,-0.6416396498680115,0.04430917650461197,0.10049209743738174,-0.7261900901794434,-0.05909145250916481,0.05951425060629845,-0.5134769082069397,-0.03510183468461037,0.014315977692604065,-0.465535044670105,0.01007339358329773,0.14668045938014984,-0.5905629396438599,0.019782163202762604,0.19038480520248413,-0.6565600633621216,-0.030874263495206833,0.1489250808954239,-0.4974959194660187,-0.006779257673770189,0.10445752739906311,-0.4528873860836029,0.02728351391851902
A,0.0,0.0,0.0,-0.1880079060792923,-0.19015556573867798,-0.07954572886228561,-0.30798864364624023,-0.4879252314567566,-0.09646052122116089,-0.3220399022102356,-0.7747975587844849,-0.11456406116485596,-0.27496030926704407,-0.9614555835723877,-0.10742181539535522,-0.17571845650672913,-0.6974445581436157,0.066572405397892,-0.13021312654018402,-0.8388075828552246,-0.02180609107017517,-0.15599970519542694,-0.6118111610412598,-0.06519870460033417,-0.17339886724948883,-0.5526726245880127,-0.0825188159942627,-0.05736079439520836,-0.6861938834190369,0.0725666806101799,-0.010366142727434635,-0.8098114132881165,-0.03002009727060795,-0.055876024067401886,-0.543302059173584,-0.04931257292628288,-0.08077511191368103,-0.522622287273407,-0.03533608838915825,0.051248662173748016,-0.6466844081878662,0.05136718228459358,0.10938840359449387,-0.7483437657356262,-0.04750443994998932,0.05207325518131256,-0.5224748849868774,-0.012919851578772068,0.015546716749668121,-0.4919705390930176,0.036770809441804886,0.15479223430156708,-0.588208794593811,0.020700378343462944,0.20261669158935547,-0.6829138994216919,-0.018442535772919655,0.1469561904668808,-0.5189103484153748,0.01857626624405384,0.10507943481206894,-0.47412604093551636,0.059280358254909515
A,0.0,0.0,0.0,-0.18629470467567444,-0.18058034777641296,-0.09114888310432434,-0.3049505054950714,-0.4840545356273651,-0.10810355097055435,-0.3228377103805542,-0.7701772451400757,-0.123015396296978,-0.28072312474250793,-0.9597888588905334,-0.11136063933372498,-0.1913648098707199,-0.6979830265045166,0.05954422801733017,-0.14293113350868225,-0.8396090269088745,-0.024537352845072746,-0.15623530745506287,-0.6116572618484497,-0.06150062754750252,-0.17312638461589813,-0.5592681765556335,-0.07464414834976196,-0.07016551494598389,-0.6875999569892883,0.07286196202039719,-0.027570076286792755,-0.8057131767272949,-0.02582380175590515,-0.06345038115978241,-0.5440683364868164,-0.0393192321062088,-0.08765888959169388,-0.5261151790618896,-0.02055344171822071,0.04088735207915306,-0.6486060619354248,0.05709496885538101,0.09252630174160004,-0.7440301775932312,-0.04017488285899162,0.044182319194078445,-0.5207191705703735,-0.007780223619192839,0.010830625891685486,-0.49697020649909973,0.04094848409295082,0.14882242679595947,-0.5923954248428345,0.030848385766148567,0.19355686008930206,-0.6773884892463684,-0.009332715533673763,0.1417611837387085,-0.5184316635131836,0.02113303542137146,0.10236234962940216,-0.48097625374794006,0.0573592334985733
A,0.0,0.0,0.0,-0.18808147311210632,-0.17780479788780212,-0.08118797838687897,-0.30980047583580017,-0.48258790373802185,-0.09609749913215637,-0.3239968717098236,-0.7661043405532837,-0.11222802102565765,-0.28216901421546936,-0.9593647718429565,-0.10522710531949997,-0.18311506509780884,-0.6886663436889648,0.06332985311746597,-0.14654965698719025,-0.8369302153587341,-0.026025351136922836,-0.15963028371334076,-0.6179343461990356,-0.0694572925567627,-0.16937093436717987,-0.5414193272590637,-0.08467014878988266,-0.06605787575244904,-0.6769769191741943,0.06894354522228241,-0.03239024057984352,-0.8010877966880798,-0.030168022960424423,-0.06254328787326813,-0.5465846061706543,-0.04691196233034134,-0.07916028052568436,-0.4996154308319092,-0.029889481142163277,0.04124428331851959,-0.639448344707489,0.046036552637815475,0.08766304701566696,-0.7389323711395264,-0.05269681662321091,0.04437011480331421,-0.5166146755218506,-0.02084248512983322,0.015971221029758453,-0.4723016023635864,0.028761615976691246,0.1462109386920929,-0.5823590159416199,0.01350543461740017,0.18508560955524445,-0.6747359037399292,-0.027655240148305893,0.14112871885299683,-0.5120009183883667,0.006126005668193102,0.10644158720970154,-0.4610058665275574,0.04554204270243645
A,0.0,0.0,0.0,-0.19228842854499817,-0.19229602813720703,-0.049996379762887955,-0.3069024980068207,-0.49744942784309387,-0.05760328471660614,-0.3177846372127533,-0.7705182433128357,-0.07475186884403229,-0.279933363199234,-0.9600194692611694,-0.07446033507585526,-0.17713141441345215,-0.6961712837219238,0.07132522761821747,-0.15740442276000977,-0.8484427332878113,-0.021868830546736717,-0.174467533826828,-0.6331534385681152,-0.07040447741746902,-0.1729595810174942,-0.5316399931907654,-0.08588380366563797,-0.05440397560596466,-0.680662214756012,0.05890638381242752,-0.03254150226712227,-0.8173771500587463,-0.03870848938822746,-0.07138801366090775,-0.5704295635223389,-0.058250296860933304,-0.07812182605266571,-0.49474936723709106,-0.04192063957452774,0.06462699919939041,-0.6415448188781738,0.02227497287094593,0.09407766163349152,-0.7508783936500549,-0.07018427550792694,0.04232834279537201,-0.5272053480148315,-0.03380095586180687,0.02300410345196724,-0.4544520676136017,0.019304530695080757,0.18063928186893463,-0.5773431658744812,-0.021578269079327583,0.20163677632808685,-0.692433774471283,-0.05375669151544571,0.1531364470720291,-0.5306352972984314,-0.008250763639807701,0.1324743926525116,-0.46074554324150085,0.04010286554694176
A,0.0,0.0,0.0,-0.1935928761959076,-0.18396157026290894,-0.06313729286193848,-0.3214390277862549,-0.4769429862499237,-0.07955891638994217,-0.33750611543655396,-0.7575340867042542,-0.10228558629751205,-0.29666370153427124,-0.9549820423126221,-0.10688304901123047,-0.18816988170146942,-0.6851349472999573,0.05593118071556091,-0.16821308434009552,-0.8461912870407104,-0.042101603001356125,-0.18064217269420624,-0.6421264410018921,-0.09328088909387589,-0.1856992542743683,-0.5441890358924866,-0.11071491986513138,-0.06340618431568146,-0.6758937835693359,0.0497719869017601,-0.042005401104688644,-0.802541196346283,-0.04915984719991684,-0.07102503627538681,-0.574211061000824,-0.07123526930809021,-0.08535651117563248,-0.5031039118766785,-0.05843944102525711,0.05511367693543434,-0.6444911956787109,0.017956124618649483,0.08160799741744995,-0.743423581123352,-0.07874258607625961,0.041053276509046555,-0.532863199710846,-0.049243904650211334,0.01668560691177845,-0.46756359934806824,-0.0011687669903039932,0.17085883021354675,-0.5872432589530945,-0.021541528403759003,0.189767986536026,-0.6874251365661621,-0.061198122799396515,0.15024268627166748,-0.5267824530601501,-0.02423601597547531,0.12629073858261108,-0.45902585983276367,0.018373709172010422
A,0.0,0.0,0.0,-0.18810978531837463,-0.18110038340091705,-0.06066300347447395,-0.3112855553627014,-0.47780850529670715,-0.07864393293857574,-0.32710501551628113,-0.7516692876815796,-0.10230505466461182,-0.2915903329849243,-0.9565432667732239,-0.10945305973291397,-0.17372269928455353,-0.685861349105835,0.050065405666828156,-0.1629847139120102,-0.8337990641593933,-0.04342234134674072,-0.18657194077968597,-0.6378539800643921,-0.0948227122426033,-0.18732702732086182,-0.5401893258094788,-0.11562848091125488,-0.04659469053149223,-0.6770477890968323,0.04117293283343315,-0.042346153408288956,-0.7984330058097839,-0.05280672758817673,-0.07972453534603119,-0.574648380279541,-0.07383831590414047,-0.07745480537414551,-0.4959825575351715,-0.062381841242313385,0.07378483563661575,-0.6406612396240234,0.008441967889666557,0.08477107435464859,-0.7328894734382629,-0.08433091640472412,0.036004871129989624,-0.528128981590271,-0.05246993899345398,0.024893449619412422,-0.4592917263507843,-0.005180037580430508,0.19263166189193726,-0.577893853187561,-0.031885962933301926,0.1972426325082779,-0.6629459857940674,-0.07332237809896469,0.14345546066761017,-0.5008424520492554,-0.035142604261636734,0.1196361556649208,-0.4294734299182892,0.007713965140283108
A,0.0,0.0,0.0,-0.19469225406646729,-0.16778111457824707,-0.05612637475132942,-0.3255155682563782,-0.46866002678871155,-0.06765954196453094,-0.34722116589546204,-0.747602641582489,-0.08651762455701828,-0.3063287138938904,-0.9519257545471191,-0.08897262066602707,-0.18117859959602356,-0.6810091733932495,0.06277850270271301,-0.19421660900115967,-0.8379934430122375,-0.03318466618657112,-0.211005300283432,-0.6325130462646484,-0.07769441604614258,-0.20232291519641876,-0.5356029272079468,-0.08994896709918976,-0.05060354992747307,-0.6749119758605957,0.05179314315319061,-0.07103123515844345,-0.7939430475234985,-0.044536489993333817,-0.10054139047861099,-0.5622134804725647,-0.056881245225667953,-0.08058112859725952,-0.5014276504516602,-0.03570936620235443,0.07892683148384094,-0.6406719088554382,0.014487476088106632,0.06590478122234344,-0.7410295605659485,-0.08850421011447906,0.023474182933568954,-0.5183284878730774,-0.05432257428765297,0.029242414981126785,-0.4656740725040436,-0.00043649529106914997,0.21342551708221436,-0.5844266414642334,-0.02934884838759899,0.1957836151123047,-0.6738884449005127,-0.07857433706521988,0.1464584618806839,-0.4934508502483368,-0.040752459317445755,0.1418299376964569,-0.4293113648891449,0.004889579955488443
A,0.0,0.0,0.0,-0.21299298107624054,-0.15676674246788025,-0.04627593234181404,-0.3396976888179779,-0.47246628999710083,-0.05484069138765335,-0.3539065718650818,-0.7506769299507141,-0.07161296904087067,-0.3151344060897827,-0.9490470290184021,-0.07221206277608871,-0.17222340404987335,-0.6880996823310852,0.05668645352125168,-0.1988525092601776,-0.8418580889701843,-0.03129098564386368,-0.21660447120666504,-0.6313878297805786,-0.07501748204231262,-0.1970052868127823,-0.526046097278595,-0.0888700783252716,-0.043900493532419205,-0.6748620867729187,0.04352840408682823,-0.0756957158446312,-0.8000361323356628,-0.04176061227917671,-0.10863295197486877,-0.5644959807395935,-0.05243423953652382,-0.07746253162622452,-0.49503257870674133,-0.03419836238026619,0.08159583806991577,-0.636337161064148,0.007508212700486183,0.05262235179543495,-0.7439939379692078,-0.08083619922399521,0.007402682211250067,-0.528793454170227,-0.04338214173913002,0.02708894945681095,-0.46351727843284607,0.008152282796800137,0.21119967103004456,-0.5781028866767883,-0.03493277728557587,0.18038450181484222,-0.6867591142654419,-0.07195138931274414,0.12943796813488007,-0.5252768397331238,-0.029601676389575005,0.13651925325393677,-0.45360755920410156,0.016509590670466423
A,0.0,0.0,0.0,-0.23533357679843903,-0.15048308670520782,-0.07106281071901321,-0.3716889023780823,-0.44979363679885864,-0.085151307284832,-0.3973788022994995,-0.7340272665023804,-0.10263603925704956,-0.36666956543922424,-0.930351197719574,-0.09681233763694763,-0.23775629699230194,-0.6757103800773621,0.05059275031089783,-0.25631579756736755,-0.8499479293823242,-0.042133066803216934,-0.243833526968956,-0.6069471836090088,-0.07935432344675064,-0.2228095531463623,-0.5335969924926758,-0.08796707540750504,-0.10342118889093399,-0.6709012985229492,0.050615012645721436,-0.12185068428516388,-0.8216588497161865,-0.050048187375068665,-0.13253657519817352,-0.5467764139175415,-0.058130551129579544,-0.11191122978925705,-0.5141289830207825,-0.032955192029476166,0.02770451083779335,-0.6385707259178162,0.024552419781684875,0.019373096525669098,-0.7663699388504028,-0.07717181742191315,-0.01476098783314228,-0.5182086229324341,-0.03249211609363556,-0.004615553189069033,-0.4752448499202728,0.029025863856077194,0.15596820414066315,-0.5924267768859863,-0.009701583534479141,0.14653217792510986,-0.7156834006309509,-0.04588723182678223,0.0947931781411171,-0.5381860733032227,0.0021972774993628263,0.09028610587120056,-0.4730519950389862,0.053645938634872437
A,0.0,0.0,0.0,-0.21356552839279175,-0.15670490264892578,-0.04822331666946411,-0.3388090133666992,-0.4741920232772827,-0.050508592277765274,-0.347938597202301,-0.757156252861023,-0.060019463300704956,-0.3119165301322937,-0.9501095414161682,-0.05218116566538811,-0.18743427097797394,-0.6837276220321655,0.07172000408172607,-0.1750546097755432,-0.8496161699295044,-0.004080209881067276,-0.18817827105522156,-0.6399633288383484,-0.04092459753155708,-0.190416157245636,-0.5372204184532166,-0.050886120647192,-0.05411269888281822,-0.670870304107666,0.06396505981683731,-0.0454668290913105,-0.8067364692687988,-0.01038395520299673,-0.07051175832748413,-0.5656847357749939,-0.02048889547586441,-0.07299331575632095,-0.4948989450931549,-0.0036340472288429737,0.07073376327753067,-0.6330330967903137,0.033421099185943604,0.0772857666015625,-0.7443735003471375,-0.05345306172966957,0.03814144805073738,-0.512617290019989,-0.019405098631978035,0.024648113176226616,-0.434062659740448,0.030376357957720757,0.19587251543998718,-0.5756800770759583,-0.0022645890712738037,0.19708484411239624,-0.7032011151313782,-0.04059858247637749,0.15061351656913757,-0.5280760526657104,0.0015941341407597065,0.13221478462219238,-0.4415610134601593,0.04781324416399002
A,0.0,0.0,0.0,-0.22020989656448364,-0.1628952920436859,-0.04518599063158035,-0.3476751744747162,-0.46812936663627625,-0.04434090852737427,-0.35602015256881714,-0.750802755355835,-0.051995471119880676,-0.3187713325023651,-0.9478316903114319,-0.042969562113285065,-0.1900411695241928,-0.6733829379081726,0.09069754183292389,-0.18542757630348206,-0.8354160785675049,0.018644629046320915,-0.20251773297786713,-0.6222392320632935,-0.018716096878051758,-0.19641897082328796,-0.5213438868522644,-0.02973189577460289,-0.05956101790070534,-0.66684490442276,0.08369362354278564,-0.05668829008936882,-0.7940298914909363,0.014163145795464516,-0.08979954570531845,-0.5605898499488831,0.0005086847231723368,-0.08810961991548538,-0.49319973587989807,0.013373810797929764,0.06290216743946075,-0.6354432106018066,0.052858270704746246,0.0648256167769432,-0.7446228861808777,-0.025165949016809464,0.0185459665954113,-0.5186846256256104,0.006538037676364183,0.009386830031871796,-0.4436042010784149,0.051596060395240784,0.1891091912984848,-0.5862414240837097,0.015951912850141525,0.18372870981693268,-0.698084831237793,-0.014776584692299366,0.13243763148784637,-0.5228031873703003,0.02461029402911663,0.11671791970729828,-0.43994787335395813,0.06674719601869583
A,0.0,0.0,0.0,-0.22578749060630798,-0.13929131627082825,-0.04286079481244087,-0.3626874089241028,-0.45844945311546326,-0.04336606711149216,-0.3702418804168701,-0.7480147480964661,-0.05235447362065315,-0.32938650250434875,-0.9441952109336853,-0.044218193739652634,-0.22024007141590118,-0.6760208010673523,0.07171181589365005,-0.20840923488140106,-0.8453172445297241,-0.012020913884043694,-0.2223358154296875,-0.6240445971488953,-0.050831232219934464,-0.2120450884103775,-0.5305965542793274,-0.06278685480356216,-0.08537718653678894,-0.6749208569526672,0.05654289573431015,-0.07114938646554947,-0.8187940120697021,-0.025334864854812622,-0.10359998792409897,-0.5743887424468994,-0.03320232033729553,-0.09383179992437363,-0.5197980999946594,-0.014028480276465416,0.04646918550133705,-0.6455527544021606,0.017812522128224373,0.05774110555648804,-0.7614032030105591,-0.06570857763290405,0.011910902336239815,-0.5305109620094299,-0.022608453407883644,0.01110062375664711,-0.47527244687080383,0.02986600622534752,0.18397384881973267,-0.5948076248168945,-0.027601346373558044,0.1830781102180481,-0.7158641815185547,-0.06059574335813522,0.13551822304725647,-0.5328097343444824,-0.013205722905695438,0.12938281893730164,-0.4567403495311737,0.034159209579229355
A,0.0,0.0,0.0,-0.22530879080295563,-0.14441147446632385,-0.03509650006890297,-0.3585861325263977,-0.46416497230529785,-0.029461974278092384,-0.358889102935791,-0.7469920516014099,-0.03448591008782387,-0.3298053443431854,-0.9440489411354065,-0.023187050595879555,-0.216020867228508,-0.6856829524040222,0.08037643134593964,-0.20708537101745605,-0.8591601252555847,0.004207056947052479,-0.22410310804843903,-0.6375923156738281,-0.031394898891448975,-0.21369865536689758,-0.5354506969451904,-0.04081016033887863,-0.08154632151126862,-0.681263267993927,0.06426022201776505,-0.07158851623535156,-0.823387861251831,-0.010019553825259209,-0.10911935567855835,-0.5772974491119385,-0.018339410424232483,-0.09981544315814972,-0.5121021866798401,-0.0005144464084878564,0.049590833485126495,-0.6485055088996887,0.02589157596230507,0.059088826179504395,-0.7740258574485779,-0.050311606377363205,0.010855252854526043,-0.5440597534179688,-0.01141152810305357,0.0107410978525877,-0.4764745235443115,0.03681550547480583,0.1858939230442047,-0.5973666906356812,-0.018304433673620224,0.18817006051540375,-0.7330594658851624,-0.046293262392282486,0.13679413497447968,-0.5557774305343628,-0.00025292037753388286,0.13019156455993652,-0.47198787331581116,0.045746758580207825
A,0.0,0.0,0.0,-0.23380061984062195,-0.13614541292190552,-0.039221957325935364,-0.3610788583755493,-0.45765596628189087,-0.03734199330210686,-0.3636085093021393,-0.7465410232543945,-0.04519539698958397,-0.3374670445919037,-0.9413373470306396,-0.036395952105522156,-0.2272471785545349,-0.6801944375038147,0.06713413447141647,-0.22684182226657867,-0.8628361225128174,-0.005155063699930906,-0.22796958684921265,-0.6432216167449951,-0.036721229553222656,-0.2114609032869339,-0.5476732850074768,-0.04484715685248375,-0.08947908133268356,-0.6799963712692261,0.052345212548971176,-0.07857643812894821,-0.8301706314086914,-0.01724166050553322,-0.11125084012746811,-0.5796905159950256,-0.022789940237998962,-0.10557083040475845,-0.5172926783561707,-0.004695954266935587,0.04173937067389488,-0.6485990285873413,0.016582410782575607,0.06168758496642113,-0.781322181224823,-0.06182790920138359,0.01436283066868782,-0.5469802021980286,-0.02158401720225811,0.010579235851764679,-0.47330281138420105,0.028604060411453247,0.17314237356185913,-0.5950594544410706,-0.02485550194978714,0.1883992999792099,-0.7376912832260132,-0.055111803114414215,0.14015144109725952,-0.5685480237007141,-0.007351844571530819,0.1290566325187683,-0.48215603828430176,0.04061368107795715
A,0.0,0.0,0.0,-0.24087244272232056,-0.12822510302066803,-0.04174385592341423,-0.37427204847335815,-0.4458409249782562,-0.040343280881643295,-0.37854301929473877,-0.7430341839790344,-0.04772883653640747,-0.3530270457267761,-0.9356131553649902,-0.03756517544388771,-0.23674479126930237,-0.6748148202896118,0.05483986437320709,-0.23250901699066162,-0.8542118072509766,-0.02264857105910778,-0.2308959662914276,-0.6255704760551453,-0.05464325100183487,-0.2144049108028412,-0.5377783179283142,-0.06298808753490448,-0.09997755289077759,-0.6727586388587952,0.04115878418087959,-0.07967109978199005,-0.8301436901092529,-0.03685354068875313,-0.10998460650444031,-0.5604153871536255,-0.03984889015555382,-0.10792895406484604,-0.4971618950366974,-0.019330231472849846,0.02786237932741642,-0.6440005302429199,0.006510200444608927,0.06303618103265762,-0.7854924201965332,-0.08250488340854645,0.01377514936029911,-0.5333206653594971,-0.04201262444257736,0.00663977675139904,-0.45190492272377014,0.01059814728796482,0.15976150333881378,-0.5966681838035583,-0.03338953107595444,0.18541868031024933,-0.7514796257019043,-0.07324951887130737,0.13902559876441956,-0.5781780481338501,-0.029188521206378937,0.12681975960731506,-0.48759403824806213,0.017813589423894882
A,0.0,0.0,0.0,-0.22778253257274628,-0.11122660338878632,-0.08832024782896042,-0.3633257746696472,-0.44001099467277527,-0.10016164183616638,-0.3760963976383209,-0.7408923506736755,-0.11059596389532089,-0.35174086689949036,-0.9360973834991455,-0.09881298243999481,-0.2417791336774826,-0.6785788536071777,0.023487528786063194,-0.2166471779346466,-0.8528921604156494,-0.06495536863803864,-0.20489737391471863,-0.6023338437080383,-0.09436547011137009,-0.19899266958236694,-0.5288746356964111,-0.10022467374801636,-0.09991903603076935,-0.6732115149497986,0.02859928272664547,-0.0706380307674408,-0.8241196274757385,-0.07271888107061386,-0.09507540613412857,-0.5272893309593201,-0.07706507295370102,-0.10294483602046967,-0.483223557472229,-0.04984273388981819,0.02967788465321064,-0.6459059119224548,0.007252101320773363,0.07144641131162643,-0.772784948348999,-0.10713349282741547,0.022951731458306313,-0.501204788684845,-0.06842038035392761,0.0030093281529843807,-0.4427071511745453,-0.00915626809000969,0.15866461396217346,-0.6043378114700317,-0.022537190467119217,0.18867570161819458,-0.733410120010376,-0.08193772286176682,0.14135928452014923,-0.5433927774429321,-0.044445838779211044,0.116859070956707,-0.4667498469352722,0.0024985845666378736
A,0.0,0.0,0.0,-0.23978537321090698,-0.10840725898742676,-0.08270948380231857,-0.3711354732513428,-0.442837655544281,-0.08995914459228516,-0.3704879581928253,-0.7510063052177429,-0.09505821764469147,-0.3377086818218231,-0.9412506818771362,-0.07668720185756683,-0.23895099759101868,-0.6488286852836609,0.01722116209566593,-0.20389924943447113,-0.8411116003990173,-0.061108727008104324,-0.19801267981529236,-0.5953881740570068,-0.08110445737838745,-0.1989966183900833,-0.5221971869468689,-0.0814550593495369,-0.09363008290529251,-0.6410110592842102,0.025518173351883888,-0.05018708109855652,-0.8052852749824524,-0.06514080613851547,-0.07929370552301407,-0.5200226306915283,-0.06398880481719971,-0.09841669350862503,-0.468606173992157,-0.03749150410294533,0.03261995688080788,-0.6121039390563965,0.009876894764602184,0.08640757948160172,-0.758333146572113,-0.09248138964176178,0.0376179963350296,-0.5006068348884583,-0.05303201451897621,0.009406506083905697,-0.42708441615104675,0.002239097375422716,0.1578797698020935,-0.5751323103904724,-0.013372020795941353,0.20868727564811707,-0.7257238626480103,-0.06415481120347977,0.1631309539079666,-0.5525577068328857,-0.02898808754980564,0.13204577565193176,-0.46873652935028076,0.013078003190457821
A,0.0,0.0,0.0,-0.23736236989498138,-0.13519884645938873,-0.0722019150853157,-0.3676805794239044,-0.46257174015045166,-0.07633664458990097,-0.36319372057914734,-0.7558660507202148,-0.08167221397161484,-0.33260002732276917,-0.9430679678916931,-0.06386153399944305,-0.23647820949554443,-0.6703491806983948,0.041369762271642685,-0.21355479955673218,-0.8514960408210754,-0.03540107235312462,-0.20857955515384674,-0.6100476384162903,-0.062212564051151276,-0.19966381788253784,-0.5444865822792053,-0.06803791224956512,-0.09411822259426117,-0.6607984900474548,0.04570341482758522,-0.060578491538763046,-0.8166947364807129,-0.03869464993476868,-0.09216102212667465,-0.5366293787956238,-0.041184235364198685,-0.09844303876161575,-0.49806544184684753,-0.01848146878182888,0.03238826245069504,-0.6273975968360901,0.025606755167245865,0.07860616594552994,-0.7708467841148376,-0.06746996939182281,0.023711612448096275,-0.5216435790061951,-0.029593629762530327,0.008089551702141762,-0.46560975909233093,0.02254238724708557,0.15666459500789642,-0.5840398073196411,-0.0021162242628633976,0.19779084622859955,-0.7324233055114746,-0.04170600324869156,0.14732226729393005,-0.5710195899009705,-0.0035987214650958776,0.12799803912639618,-0.502629816532135,0.03878572955727577
A,0.0,0.0,0.0,-0.22974275052547455,-0.13064418733119965,-0.0705452561378479,-0.3655838072299957,-0.4546290934085846,-0.07644035667181015,-0.370553195476532,-0.7519075274467468,-0.0845855176448822,-0.33206695318222046,-0.9432558417320251,-0.07051990181207657,-0.23797427117824554,-0.661164402961731,0.042737413197755814,-0.21615886688232422,-0.8486787676811218,-0.039014559239149094,-0.21279530227184296,-0.6185051202774048,-0.06906051188707352,-0.2085689902305603,-0.5380222797393799,-0.0756794810295105,-0.09878526628017426,-0.6533694863319397,0.0436861589550972,-0.06328412145376205,-0.8101268410682678,-0.043905310332775116,-0.09316490590572357,-0.5362041592597961,-0.04669422283768654,-0.10720968246459961,-0.481552392244339,-0.023131990805268288,0.025270452722907066,-0.6226632595062256,0.01952788606286049,0.07194306701421738,-0.7604247331619263,-0.07866530865430832,0.023001674562692642,-0.5120360851287842,-0.041859064251184464,-0.00010565035336185247,-0.44442176818847656,0.010862906463444233,0.14902456104755402,-0.5767605900764465,-0.012112761847674847,0.1911749690771103,-0.7145304083824158,-0.06026520952582359,0.1426326483488083,-0.5422962307929993,-0.024945395067334175,0.1129947304725647,-0.4626006484031677,0.01696167327463627
A,0.0,0.0,0.0,-0.23683114349842072,-0.09710627049207687,-0.07663154602050781,-0.3711830675601959,-0.44450825452804565,-0.08286845684051514,-0.3675312399864197,-0.7598868012428284,-0.08704105764627457,-0.3172350525856018,-0.9483469128608704,-0.06749063730239868,-0.22478342056274414,-0.6407883167266846,0.014731265604496002,-0.1844395101070404,-0.8381905555725098,-0.08403976261615753,-0.18815115094184875,-0.5859434604644775,-0.11980672925710678,-0.2029549926519394,-0.49915409088134766,-0.12679557502269745,-0.07669183611869812,-0.6255913376808167,0.01794409565627575,-0.029612651094794273,-0.7821317315101624,-0.08448279649019241,-0.0618269219994545,-0.49607521295547485,-0.08950190246105194,-0.09470397979021072,-0.43816694617271423,-0.066213458776474,0.051494620740413666,-0.5933039784431458,-0.003106973133981228,0.100913867354393,-0.7259711623191833,-0.1142556220293045,0.05521836131811142,-0.45569658279418945,-0.07058112323284149,0.019157474860548973,-0.37632906436920166,-0.011526529677212238,0.17883959412574768,-0.5548334717750549,-0.031176991760730743,0.22658385336399078,-0.679711639881134,-0.08593274652957916,0.1854814738035202,-0.48858702182769775,-0.04534589499235153,0.1488926261663437,-0.40804827213287354,0.0013363403268158436
A,0.0,0.0,0.0,-0.2325264811515808,-0.11294089257717133,-0.08996713161468506,-0.3626161515712738,-0.4565119445323944,-0.10277242958545685,-0.35958003997802734,-0.7631264925003052,-0.11009859293699265,-0.3143974542617798,-0.949291467666626,-0.09425520896911621,-0.2286285012960434,-0.6693693399429321,0.002146241720765829,-0.17711324989795685,-0.8311445116996765,-0.08797578513622284,-0.17829841375350952,-0.5825754404067993,-0.11879202723503113,-0.19433000683784485,-0.5038612484931946,-0.12542209029197693,-0.07947776466608047,-0.6527028679847717,0.012293459847569466,-0.01861165650188923,-0.7826864719390869,-0.08809246122837067,-0.055156271904706955,-0.5001742243766785,-0.09565845131874084,-0.09207155555486679,-0.44848963618278503,-0.07501660287380219,0.05089108645915985,-0.6148309111595154,-0.0012358049862086773,0.11649519205093384,-0.7236299514770508,-0.11154825985431671,0.05922847241163254,-0.4688437283039093,-0.07747387140989304,0.012437785044312477,-0.40352824330329895,-0.025768741965293884,0.176142618060112,-0.5659989714622498,-0.02215580642223358,0.23541511595249176,-0.686048150062561,-0.0801694318652153,0.1868773251771927,-0.5070158839225769,-0.04700610786676407,0.1406312733888626,-0.433768093585968,-0.005408434197306633
A,0.0,0.0,0.0,-0.23101013898849487,-0.11216985434293747,-0.09919679909944534,-0.3595227599143982,-0.4498230218887329,-0.11498120427131653,-0.357688307762146,-0.7582598328590393,-0.12242443114519119,-0.31516507267951965,-0.9490368366241455,-0.10542944073677063,-0.2294348031282425,-0.6728126406669617,0.001744927722029388,-0.168686181306839,-0.8252038955688477,-0.08006086945533752,-0.17242994904518127,-0.5824503302574158,-0.10909131169319153,-0.19371791183948517,-0.5232290029525757,-0.1189166009426117,-0.08164966106414795,-0.6577101945877075,0.017847318202257156,-0.014028962701559067,-0.7767387628555298,-0.07338042557239532,-0.0542682409286499,-0.4993317127227783,-0.08157692104578018,-0.09977470338344574,-0.46508467197418213,-0.06574971973896027,0.04689782112836838,-0.6164056062698364,0.009844433516263962,0.1204521432518959,-0.7245795726776123,-0.09407243132591248,0.06264038383960724,-0.47480350732803345,-0.06350220739841461,0.01050003245472908,-0.42227184772491455,-0.01808418147265911,0.1711515635251999,-0.565236508846283,-0.006420799996703863,0.23804965615272522,-0.684782087802887,-0.0646800771355629,0.19235354661941528,-0.5117337107658386,-0.036962009966373444,0.14452384412288666,-0.4476902484893799,-0.0009885532781481743
A,0.0,0.0,0.0,-0.2283691018819809,-0.10194392502307892,-0.09063928574323654,-0.3618752956390381,-0.4339466989040375,-0.10264983773231506,-0.3665861487388611,-0.7483382821083069,-0.10903528332710266,-0.332489013671875,-0.9431071281433105,-0.09224342554807663,-0.24402029812335968,-0.6437282562255859,0.009260633029043674,-0.18350836634635925,-0.8194567561149597,-0.08222169429063797,-0.1807820349931717,-0.5793165564537048,-0.11666986346244812,-0.20430898666381836,-0.5107268691062927,-0.12586790323257446,-0.09492727369070053,-0.6352798342704773,0.021501820534467697,-0.03022906556725502,-0.7746772170066833,-0.07581765949726105,-0.05696086212992668,-0.4934766888618469,-0.08397148549556732,-0.10466424375772476,-0.4487154185771942,-0.06507569551467896,0.03599848598241806,-0.6091378927230835,0.009156718850135803,0.09818468242883682,-0.7292364239692688,-0.10168089717626572,0.05636678636074066,-0.4659508764743805,-0.06837283819913864,0.005317201837897301,-0.3926883637905121,-0.016658814623951912,0.1649920642375946,-0.5750346183776855,-0.010487787425518036,0.21486429870128632,-0.6991162896156311,-0.06926561146974564,0.17773588001728058,-0.5145803093910217,-0.03780954331159592,0.13373708724975586,-0.43493980169296265,0.002653298433870077
A,0.0,0.0,0.0,-0.22260017693042755,-0.1037643551826477,-0.09087999910116196,-0.35464760661125183,-0.4377220869064331,-0.10363646596670151,-0.35625168681144714,-0.751427412033081,-0.10991644859313965,-0.3265988528728485,-0.9451630115509033,-0.09266076982021332,-0.22370940446853638,-0.6476560235023499,-0.0009290025918744504,-0.17119485139846802,-0.8163530826568604,-0.09238149970769882,-0.1732863336801529,-0.5702958703041077,-0.122385673224926,-0.19349223375320435,-0.5005940794944763,-0.12905964255332947,-0.08134780824184418,-0.6372061371803284,0.010442380793392658,-0.020076697692275047,-0.7660719156265259,-0.09233283251523972,-0.05293399095535278,-0.48329436779022217,-0.10131283849477768,-0.09729877859354019,-0.4461119472980499,-0.08365464210510254,0.0410950668156147,-0.6086863875389099,-0.0016485571395605803,0.10849548876285553,-0.7227544188499451,-0.11715466529130936,0.05661372095346451,-0.4593062102794647,-0.08374043554067612,0.0037863932084292173,-0.39666324853897095,-0.03305045887827873,0.15975497663021088,-0.5729259848594666,-0.020774712786078453,0.21484604477882385,-0.689903736114502,-0.08502594381570816,0.17441809177398682,-0.4985913336277008,-0.05496414005756378,0.12882597744464874,-0.42451542615890503,-0.015797903761267662
A,0.0,0.0,0.0,-0.22158382833003998,-0.10843031108379364,-0.091861791908741,-0.3514917492866516,-0.43788760900497437,-0.10502860695123672,-0.3552438020706177,-0.7519180774688721,-0.11088442802429199,-0.3261992633342743,-0.9453010559082031,-0.09297304600477219,-0.22923259437084198,-0.6480972170829773,0.0008474432397633791,-0.1721166968345642,-0.8145104646682739,-0.08887186646461487,-0.17461997270584106,-0.5698739886283875,-0.11911407113075256,-0.19734379649162292,-0.5043389797210693,-0.12657830119132996,-0.08745216578245163,-0.6354509592056274,0.014249930158257484,-0.02331802435219288,-0.7660145163536072,-0.08496993780136108,-0.05636964365839958,-0.4857586622238159,-0.09374935925006866,-0.10129714012145996,-0.45442575216293335,-0.07742087543010712,0.03493417799472809,-0.6056195497512817,0.0041108806617558,0.10284733027219772,-0.7202163338661194,-0.10892555862665176,0.05059058964252472,-0.45954135060310364,-0.07673081755638123,-0.0016183924162760377,-0.4015572965145111,-0.027899043634533882,0.1537553369998932,-0.5686978101730347,-0.013030610047280788,0.20735859870910645,-0.6870059370994568,-0.07511798292398453,0.16671520471572876,-0.49893447756767273,-0.04565182700753212,0.12114948779344559,-0.42863142490386963,-0.007817074656486511
A,0.0,0.0,0.0,-0.22158202528953552,-0.12451257556676865,-0.09449191391468048,-0.34425437450408936,-0.45372268557548523,-0.10837683081626892,-0.34348613023757935,-0.7594622373580933,-0.11580290645360947,-0.31773844361305237,-0.9481783509254456,-0.09814585000276566,-0.2191510796546936,-0.6633581519126892,0.0027717887423932552,-0.15316414833068848,-0.8265069723129272,-0.0843651220202446,-0.16009007394313812,-0.5802063941955566,-0.11560888588428497,-0.18691107630729675,-0.5163658261299133,-0.12438290566205978,-0.07787580043077469,-0.6483517289161682,0.018533900380134583,-0.0036566429771482944,-0.770916223526001,-0.07677056640386581,-0.045096904039382935,-0.4962601959705353,-0.08753648400306702,-0.09507589787244797,-0.4662973880767822,-0.07409192621707916,0.04371554031968117,-0.6144323945045471,0.010586114600300789,0.1249406486749649,-0.7331030368804932,-0.097321055829525,0.06528963893651962,-0.48095205426216125,-0.06956499814987183,0.0068915830925107,-0.4190147817134857,-0.02427416294813156,0.1589668244123459,-0.574497640132904,-0.005073197651654482,0.23092828691005707,-0.7062929272651672,-0.0631931871175766,0.19099225103855133,-0.545935869216919,-0.03862442821264267,0.1466338336467743,-0.48348793387413025,-0.004248461686074734
A,0.0,0.0,0.0,-0.21628764271736145,-0.11199621111154556,-0.10214294493198395,-0.3418225646018982,-0.4532131254673004,-0.11841549724340439,-0.34264662861824036,-0.761806070804596,-0.12530222535133362,-0.30471476912498474,-0.9524435997009277,-0.10682383179664612,-0.22408711910247803,-0.6729097366333008,-0.00437813950702548,-0.16267430782318115,-0.8346900939941406,-0.09106745570898056,-0.16409756243228912,-0.5899629592895508,-0.11761220544576645,-0.18852883577346802,-0.5340366363525391,-0.12480854243040085,-0.08198165893554688,-0.6576147079467773,0.011667306534945965,-0.013043851591646671,-0.7842336297035217,-0.08659651130437851,-0.04613714665174484,-0.49775391817092896,-0.09234201163053513,-0.08958739042282104,-0.4782187342643738,-0.07315053045749664,0.04305054247379303,-0.6218233704566956,0.002931279828771949,0.11626748740673065,-0.7322292923927307,-0.10819382220506668,0.06310256570577621,-0.47220322489738464,-0.07342075556516647,0.012490886263549328,-0.4341426491737366,-0.023911263793706894,0.16483266651630402,-0.5779563784599304,-0.014285674318671227,0.21944676339626312,-0.6877831220626831,-0.0752284973859787,0.17567944526672363,-0.5007864236831665,-0.04474876821041107,0.1310402899980545,-0.4456212520599365,-0.006679039914160967
A,0.0,0.0,0.0,-0.2204582244157791,-0.11764929443597794,-0.08747494965791702,-0.3421924114227295,-0.4592428207397461,-0.10088028758764267,-0.3324657678604126,-0.7670795917510986,-0.10950204730033875,-0.2935143709182739,-0.9559547305107117,-0.0954119935631752,-0.21158160269260406,-0.6626046895980835,5.892677654628642e-05,-0.15956921875476837,-0.8379116058349609,-0.09176892787218094,-0.16858386993408203,-0.5944492220878601,-0.12427470088005066,-0.1836646944284439,-0.5252965688705444,-0.13411203026771545,-0.0683126300573349,-0.6438813805580139,0.008451179601252079,-0.01555451937019825,-0.7857816219329834,-0.09298168122768402,-0.056459296494722366,-0.49968886375427246,-0.10014715790748596,-0.08651746809482574,-0.46094372868537903,-0.08163957297801971,0.05696716904640198,-0.6067596673965454,-0.006580614950507879,0.12016086280345917,-0.7402216196060181,-0.11843933165073395,0.05918819084763527,-0.476503849029541,-0.07906287163496017,0.020198455080389977,-0.41290125250816345,-0.02562927082180977,0.1777672916650772,-0.5608052611351013,-0.029220467433333397,0.2242940068244934,-0.6867222785949707,-0.08995822072029114,0.17466725409030914,-0.5002767443656921,-0.055864863097667694,0.13911332190036774,-0.42794564366340637,-0.014792326837778091
A,0.0,0.0,0.0,-0.23527665436267853,-0.09919131547212601,-0.08267626166343689,-0.3597525358200073,-0.44422265887260437,-0.09307613223791122,-0.3441028296947479,-0.7597406506538391,-0.09912388026714325,-0.30955252051353455,-0.9508823156356812,-0.08287481218576431,-0.2292661815881729,-0.6654819846153259,0.008172626607120037,-0.17587144672870636,-0.8352943062782288,-0.07701057195663452,-0.18504683673381805,-0.5930463075637817,-0.10944375395774841,-0.19839873909950256,-0.520774781703949,-0.12102434784173965,-0.0848856121301651,-0.6481658816337585,0.01582295633852482,-0.030131736770272255,-0.7794139981269836,-0.07540761679410934,-0.07016028463840485,-0.4981018006801605,-0.08238529413938522,-0.10145728290081024,-0.4595336318016052,-0.06753858178853989,0.043998319655656815,-0.6103426218032837,0.00058931385865435,0.11174307763576508,-0.7372924089431763,-0.10188943147659302,0.05056042596697807,-0.47786542773246765,-0.06348688900470734,0.008164307102560997,-0.41784536838531494,-0.01540101133286953,0.1711273342370987,-0.564664363861084,-0.022231344133615494,0.22016331553459167,-0.68058180809021,-0.07695867121219635,0.1701553612947464,-0.4944547712802887,-0.04312632232904434,0.13017065823078156,-0.428622841835022,-0.005338642746210098
A,0.0,0.0,0.0,-0.23461376130580902,-0.12267965823411942,-0.05544532835483551,-0.35518407821655273,-0.43820813298225403,-0.05951961874961853,-0.344754159450531,-0.7463638186454773,-0.06603095680475235,-0.31510961055755615,-0.9490553140640259,-0.055039722472429276,-0.2141660898923874,-0.6602497696876526,0.03877147659659386,-0.20220910012722015,-0.8333609700202942,-0.028827747330069542,-0.21252912282943726,-0.6063252091407776,-0.05794927850365639,-0.2074163407087326,-0.5037529468536377,-0.06554388999938965,-0.07915224134922028,-0.6625452637672424,0.0385691337287426,-0.06599630415439606,-0.7820152640342712,-0.023623693734407425,-0.09870176017284393,-0.5376511812210083,-0.026131868362426758,-0.10349249839782715,-0.4598051905632019,-0.010939993895590305,0.04397210851311684,-0.6307687759399414,0.01816088706254959,0.061776116490364075,-0.7303767204284668,-0.05135009065270424,0.018301859498023987,-0.5013917684555054,-0.0150466812774539,0.002746781101450324,-0.41221198439598083,0.027790427207946777,0.164636492729187,-0.5815238356590271,-0.008752360939979553,0.17933803796768188,-0.6760529279708862,-0.03716743737459183,0.1382754147052765,-0.5110259056091309,-0.0007567654247395694,0.12153634428977966,-0.43322861194610596,0.03663918003439903
A,0.0,0.0,0.0,-0.24134476482868195,-0.10832967609167099,-0.04765219986438751,-0.3644702136516571,-0.4430941343307495,-0.04608489200472832,-0.34796157479286194,-0.7535145878791809,-0.04829287528991699,-0.3106164038181305,-0.9505352973937988,-0.0329020619392395,-0.22256729006767273,-0.6602740287780762,0.04256782680749893,-0.21522004902362823,-0.8383811116218567,-0.02127656899392605,-0.21608968079090118,-0.6127012968063354,-0.04730605334043503,-0.20650038123130798,-0.5136451125144958,-0.053884346038103104,-0.08111750334501266,-0.6611250042915344,0.03866206482052803,-0.07266644388437271,-0.7887919545173645,-0.026977162808179855,-0.09536280483007431,-0.5423306226730347,-0.032123059034347534,-0.09871189296245575,-0.45580801367759705,-0.016575295478105545,0.046170081943273544,-0.6301360726356506,0.01604803092777729,0.05867563933134079,-0.735865592956543,-0.053918153047561646,0.02063746750354767,-0.5060632824897766,-0.017258942127227783,0.0051401094533503056,-0.4086746573448181,0.026628807187080383,0.17259088158607483,-0.5846284627914429,-0.01236224826425314,0.1857014149427414,-0.6880298256874084,-0.04044024646282196,0.14247669279575348,-0.521926999092102,-0.0031940166372805834,0.11943766474723816,-0.43596151471138,0.034879282116889954
A,0.0,0.0,0.0,-0.23967552185058594,-0.13595892488956451,-0.029924480244517326,-0.3470967710018158,-0.44852232933044434,-0.03296848386526108,-0.34423184394836426,-0.7368482947349548,-0.04385312646627426,-0.33289822936058044,-0.9429627656936646,-0.041198402643203735,-0.2525029480457306,-0.6862114667892456,0.04144423454999924,-0.2419283539056778,-0.8324764370918274,-0.04251454770565033,-0.2248409539461136,-0.5953869819641113,-0.08208732306957245,-0.2076733410358429,-0.4891326129436493,-0.09468798339366913,-0.11364595592021942,-0.705324113368988,0.023198023438453674,-0.1069212481379509,-0.8007330894470215,-0.06213023513555527,-0.10556177794933319,-0.5474088788032532,-0.07714863866567612,-0.09111613780260086,-0.4611610174179077,-0.06441789120435715,0.025103507563471794,-0.6878490447998047,-0.011869542300701141,0.022241098806262016,-0.7540146708488464,-0.09198352694511414,0.010280325077474117,-0.5155460238456726,-0.05629952996969223,0.0093158558011055,-0.42460229992866516,-0.010620790533721447,0.1599610596895218,-0.6486914157867432,-0.05168156325817108,0.15448574721813202,-0.6887048482894897,-0.08118852227926254,0.1273195743560791,-0.5105071663856506,-0.04263228178024292,0.11617333441972733,-0.441104918718338,-0.001819623401388526
A,0.0,0.0,0.0,-0.23389235138893127,-0.09203048795461655,-0.030046088621020317,-0.3604394197463989,-0.4331989586353302,-0.03054504655301571,-0.3508603572845459,-0.7371547818183899,-0.038935210555791855,-0.3374335467815399,-0.9413493871688843,-0.03343336656689644,-0.2651025056838989,-0.6388617157936096,0.027563557028770447,-0.2769223153591156,-0.8284859657287598,-0.05823560804128647,-0.2694007456302643,-0.5886602401733398,-0.09433366358280182,-0.23631756007671356,-0.48586633801460266,-0.10638103634119034,-0.12691393494606018,-0.655943751335144,0.006318541709333658,-0.1457030326128006,-0.8045681118965149,-0.09179643541574478,-0.14749328792095184,-0.5368189215660095,-0.10076051205396652,-0.10825606435537338,-0.43925702571868896,-0.07995886355638504,0.007920322008430958,-0.6468625664710999,-0.03231290727853775,-0.014393104240298271,-0.7654335498809814,-0.12093107402324677,-0.03242160379886627,-0.5115932822227478,-0.07451802492141724,-0.008029612712562084,-0.4055567681789398,-0.01984093338251114,0.1468479335308075,-0.6310397982597351,-0.07607971876859665,0.1071050837635994,-0.7177398800849915,-0.1149514764547348,0.08211642503738403,-0.5280581116676331,-0.07356299459934235,0.09991518408060074,-0.44341111183166504,-0.030737942084670067
A,0.0,0.0,0.0,-0.24099484086036682,-0.1011803150177002,-0.044198863208293915,-0.380336731672287,-0.41758933663368225,-0.05342556908726692,-0.3859177529811859,-0.7160283327102661,-0.07038673013448715,-0.39287737011909485,-0.9195908904075623,-0.0711204782128334,-0.30687952041625977,-0.6657797694206238,0.033268339931964874,-0.31166183948516846,-0.8682411313056946,-0.0637843981385231,-0.293852299451828,-0.6278693675994873,-0.10953839123249054,-0.2790977656841278,-0.5243909358978271,-0.12539929151535034,-0.16656310856342316,-0.6831184029579163,0.01384024415165186,-0.1708768755197525,-0.8257321715354919,-0.08910297602415085,-0.1658620983362198,-0.5564990639686584,-0.10404321551322937,-0.1585361659526825,-0.474531352519989,-0.0879901796579361,-0.02821485511958599,-0.6677325963973999,-0.02621191181242466,-0.03521927818655968,-0.7776002287864685,-0.12326212227344513,-0.041537899523973465,-0.5238304734230042,-0.07732565701007843,-0.04384825751185417,-0.4329610764980316,-0.021853825077414513,0.10818993300199509,-0.6347398161888123,-0.0726773664355278,0.08911427855491638,-0.7338529825210571,-0.11311288177967072,0.07209302484989166,-0.5406240224838257,-0.06423512101173401,0.06682631373405457,-0.46339720487594604,-0.015295511111617088
A,0.0,0.0,0.0,-0.24213947355747223,-0.13318486511707306,-0.01114328857511282,-0.3631799817085266,-0.44189026951789856,-0.006848006974905729,-0.372823566198349,-0.7213757634162903,-0.016461968421936035,-0.3808705806732178,-0.9246283173561096,-0.014911853708326817,-0.2877102792263031,-0.6657906174659729,0.0676577240228653,-0.31621357798576355,-0.8217867016792297,-0.013953796587884426,-0.2963326573371887,-0.586166262626648,-0.05380228906869888,-0.2721448838710785,-0.4679918587207794,-0.06417851150035858,-0.15755026042461395,-0.6883577108383179,0.04050559177994728,-0.19536150991916656,-0.7824188470840454,-0.04263507202267647,-0.1865745484828949,-0.5277801752090454,-0.05591192841529846,-0.15687042474746704,-0.4290468990802765,-0.04040507599711418,-0.026154110208153725,-0.6849688291549683,-0.003977950196713209,-0.076816625893116,-0.7427561283111572,-0.08108220994472504,-0.07860253751277924,-0.4958346486091614,-0.04074792191386223,-0.056345343589782715,-0.3920074999332428,0.009525581263005733,0.10546758025884628,-0.6592457890510559,-0.05215361341834068,0.04015228524804115,-0.710002064704895,-0.07437536865472794,0.024174120277166367,-0.515931248664856,-0.026597755029797554,0.04076771065592766,-0.43308842182159424,0.02057075686752796
A,0.0,0.0,0.0,-0.23331141471862793,-0.1333995759487152,-0.012946083210408688,-0.3750307261943817,-0.43569833040237427,-0.009406279772520065,-0.3954871892929077,-0.7174367904663086,-0.022319011390209198,-0.38754579424858093,-0.9218504428863525,-0.023452529683709145,-0.2930833101272583,-0.6593746542930603,0.07594842463731766,-0.33404073119163513,-0.8264113664627075,-0.014066175557672977,-0.3254680633544922,-0.6085631847381592,-0.059546586126089096,-0.28906646370887756,-0.47756385803222656,-0.06922595202922821,-0.16625145077705383,-0.6677038669586182,0.04926914721727371,-0.20998449623584747,-0.8012660145759583,-0.04419190436601639,-0.20971164107322693,-0.5441322922706604,-0.059524036943912506,-0.16954685747623444,-0.42697227001190186,-0.03923502936959267,-0.036799948662519455,-0.6569034457206726,0.0035345994401723146,-0.08479953557252884,-0.7688924670219421,-0.09015507996082306,-0.095755435526371,-0.5167064666748047,-0.05551580339670181,-0.06488040834665298,-0.3921540081501007,0.00022517469187732786,0.09827502071857452,-0.6265304684638977,-0.04476480185985565,0.03594459220767021,-0.7433512210845947,-0.08232485502958298,0.012665088288486004,-0.5542653203010559,-0.038591355085372925,0.035535600036382675,-0.4460059702396393,0.011861990205943584
A,0.0,0.0,0.0,-0.23273400962352753,-0.09327477216720581,-0.03829359635710716,-0.3846043646335602,-0.39390048384666443,-0.04052861034870148,-0.40920209884643555,-0.696064293384552,-0.05269141122698784,-0.40467309951782227,-0.9144613742828369,-0.04909367486834526,-0.31227022409439087,-0.6377842426300049,0.05657684803009033,-0.35264837741851807,-0.7965619564056396,-0.03603580966591835,-0.32214847207069397,-0.558869481086731,-0.07469207048416138,-0.27889126539230347,-0.45409464836120605,-0.08135639131069183,-0.1811015009880066,-0.6569148302078247,0.04219496250152588,-0.22301669418811798,-0.7769091725349426,-0.04778911545872688,-0.21113982796669006,-0.5052154064178467,-0.049302130937576294,-0.17407463490962982,-0.4294453263282776,-0.022477244958281517,-0.04822249710559845,-0.6497472524642944,0.005025139078497887,-0.08758660405874252,-0.7679827809333801,-0.09770908206701279,-0.09662506729364395,-0.49275293946266174,-0.05391281843185425,-0.07217524200677872,-0.3883894681930542,0.008287201635539532,0.08872615545988083,-0.6265481114387512,-0.03628144785761833,0.033134497702121735,-0.7369546890258789,-0.0833456888794899,0.008995727635920048,-0.5364591479301453,-0.03862923011183739,0.023033972829580307,-0.4374464154243469,0.013262107037007809
A,0.0,0.0,0.0,-0.2322598695755005,-0.060346800833940506,-0.046240296214818954,-0.3876173496246338,-0.3720270097255707,-0.045535579323768616,-0.4164678454399109,-0.6853906512260437,-0.05015183240175247,-0.4194762706756592,-0.9077663421630859,-0.0382513627409935,-0.322447270154953,-0.6220309734344482,0.03999633342027664,-0.382396399974823,-0.7732439041137695,-0.04357931390404701,-0.3437051773071289,-0.5403980016708374,-0.07121481001377106,-0.2914240062236786,-0.45208901166915894,-0.07262241095304489,-0.18835707008838654,-0.6482459902763367,0.03198258951306343,-0.25133708119392395,-0.7630566358566284,-0.05217982083559036,-0.22929468750953674,-0.485207736492157,-0.043448831886053085,-0.1837148666381836,-0.4262374937534332,-0.010516862384974957,-0.05449478700757027,-0.6411093473434448,0.0015342808328568935,-0.11031775921583176,-0.76030033826828,-0.10172691196203232,-0.11103295534849167,-0.4739537835121155,-0.05223367363214493,-0.07704358547925949,-0.38059812784194946,0.013597835786640644,0.0837496668100357,-0.6198789477348328,-0.03333543241024017,0.020294971764087677,-0.7290767431259155,-0.08342384546995163,-0.00026497943326830864,-0.5208314657211304,-0.03893657028675079,0.019400151446461678,-0.42849719524383545,0.012246543541550636
A,0.0,0.0,0.0,-0.23198509216308594,-0.06839227676391602,-0.06462100893259048,-0.38365617394447327,-0.37226441502571106,-0.07222505658864975,-0.411857545375824,-0.6802831888198853,-0.08291848003864288,-0.41878142952919006,-0.9080870747566223,-0.07541688531637192,-0.32091522216796875,-0.6301382184028625,0.04115458205342293,-0.37415844202041626,-0.7770946621894836,-0.05521996691823006,-0.3393055498600006,-0.5451955199241638,-0.09070207178592682,-0.291997492313385,-0.44985583424568176,-0.0937144085764885,-0.1855616271495819,-0.6613330841064453,0.03949457406997681,-0.24689961969852448,-0.7742506265640259,-0.05820171535015106,-0.22902022302150726,-0.4835958778858185,-0.0560544952750206,-0.18626824021339417,-0.42271026968955994,-0.022199533879756927,-0.05070621520280838,-0.6582368612289429,0.011745166033506393,-0.10237865895032883,-0.7764148712158203,-0.10569129139184952,-0.10781056433916092,-0.4808104932308197,-0.06093195080757141,-0.0764693170785904,-0.3919637203216553,0.007615846581757069,0.08739593625068665,-0.6382948160171509,-0.021782996132969856,0.026721874251961708,-0.7464781403541565,-0.08224181085824966,0.00468460051342845,-0.5341876149177551,-0.040502093732357025,0.02421250380575657,-0.4450203776359558,0.013247000984847546
A,0.0,0.0,0.0,-0.22647583484649658,-0.05524592101573944,-0.06809624284505844,-0.38623493909835815,-0.3642899990081787,-0.07466007024049759,-0.417888343334198,-0.6782011985778809,-0.08290619403123856,-0.42009657621383667,-0.9074794054031372,-0.07175419479608536,-0.3306140899658203,-0.6355905532836914,0.03460000455379486,-0.38089072704315186,-0.7804550528526306,-0.05901521444320679,-0.3414590656757355,-0.541271984577179,-0.09080468118190765,-0.29550784826278687,-0.44619220495224,-0.09294532984495163,-0.19511421024799347,-0.6659830212593079,0.033871300518512726,-0.24986323714256287,-0.778717041015625,-0.061486463993787766,-0.2306167632341385,-0.48515594005584717,-0.056370850652456284,-0.1922815889120102,-0.4205362796783447,-0.021574869751930237,-0.060449857264757156,-0.6598102450370789,0.0071838172152638435,-0.10504144430160522,-0.7705817222595215,-0.10972704738378525,-0.10897013545036316,-0.46914994716644287,-0.06248755380511284,-0.08105028420686722,-0.37467682361602783,0.0067822751589119434,0.07823502272367477,-0.6355539560317993,-0.02573404274880886,0.02309289574623108,-0.7394261360168457,-0.08810124546289444,0.002912492025643587,-0.5247652530670166,-0.046521153301000595,0.018846264109015465,-0.4344162344932556,0.006721473764628172
A,0.0,0.0,0.0,-0.2297385185956955,-0.06940487027168274,-0.048234667629003525,-0.3884725868701935,-0.37082427740097046,-0.051683999598026276,-0.42392992973327637,-0.6795018911361694,-0.06222100555896759,-0.42976024746894836,-0.9029430150985718,-0.05549219995737076,-0.31910720467567444,-0.6327311396598816,0.04381156712770462,-0.36781325936317444,-0.8019838929176331,-0.047188665717840195,-0.3397916853427887,-0.5666235685348511,-0.08180490136146545,-0.2967390716075897,-0.45240575075149536,-0.08560267835855484,-0.18817844986915588,-0.6584088802337646,0.03510795161128044,-0.23866966366767883,-0.7774957418441772,-0.055236127227544785,-0.22354526817798615,-0.49995195865631104,-0.05490078777074814,-0.1860397756099701,-0.4215114116668701,-0.026130544021725655,-0.05689609423279762,-0.6537711024284363,0.0035677810665220022,-0.10118304193019867,-0.7719264030456543,-0.10222581028938293,-0.10499664396047592,-0.48564422130584717,-0.057368990033864975,-0.07715651392936707,-0.3782598078250885,0.006411461159586906,0.08091048896312714,-0.6319278478622437,-0.032766468822956085,0.025929775089025497,-0.7422652840614319,-0.08512455224990845,0.005704514682292938,-0.5355430841445923,-0.0423826240003109,0.022186629474163055,-0.43649351596832275,0.009099366143345833
A,0.0,0.0,0.0,-0.23723602294921875,-0.07216820120811462,-0.03462357446551323,-0.3884231746196747,-0.3780372738838196,-0.033399295061826706,-0.42055609822273254,-0.685661256313324,-0.042146947234869,-0.42719748616218567,-0.9041584134101868,-0.03617536276578903,-0.3109082579612732,-0.621856689453125,0.051719971001148224,-0.3563230037689209,-0.7965359687805176,-0.034651052206754684,-0.33325842022895813,-0.5679728984832764,-0.06972380727529526,-0.29380515217781067,-0.4518430233001709,-0.07460004091262817,-0.1837475448846817,-0.6425362825393677,0.03728952631354332,-0.23050227761268616,-0.7699527144432068,-0.04598497971892357,-0.21839836239814758,-0.498849093914032,-0.047056179493665695,-0.1814388781785965,-0.4171205759048462,-0.021892447024583817,-0.05580902099609375,-0.6339384913444519,0.0019398891599848866,-0.09866076707839966,-0.7605965733528137,-0.09550073742866516,-0.1059550940990448,-0.482819527387619,-0.05223973095417023,-0.07885275036096573,-0.3707911968231201,0.007458399049937725,0.07706274092197418,-0.6096664071083069,-0.03720202296972275,0.02425902895629406,-0.727402925491333,-0.08147579431533813,0.0016717208782210946,-0.5268993377685547,-0.03742149844765663,0.018014982342720032,-0.4240756034851074,0.01225005742162466
A,0.0,0.0,0.0,-0.22685274481773376,-0.08440610766410828,-0.04437573626637459,-0.3704244792461395,-0.39216452836990356,-0.04651554301381111,-0.39571529626846313,-0.696834921836853,-0.0558382086455822,-0.39621809124946594,-0.9181564450263977,-0.05051077902317047,-0.3009471893310547,-0.6228936314582825,0.037478744983673096,-0.3421882092952728,-0.7858906388282776,-0.046753864735364914,-0.3152669072151184,-0.5600444078445435,-0.07878438383340836,-0.27275654673576355,-0.44899648427963257,-0.08221011608839035,-0.16474634408950806,-0.6383824944496155,0.029437335208058357,-0.20685699582099915,-0.7541459798812866,-0.05392099916934967,-0.19692514836788177,-0.4903700351715088,-0.054319389164447784,-0.16458658874034882,-0.40019869804382324,-0.029215503484010696,-0.03182828426361084,-0.6228742599487305,0.000606025627348572,-0.0696072056889534,-0.7432031035423279,-0.09697271883487701,-0.0822455883026123,-0.47755342721939087,-0.056447941809892654,-0.06186728551983833,-0.3595377206802368,0.0010670059127733111,0.10221423953771591,-0.5896841883659363,-0.03208600729703903,0.052951931953430176,-0.7077145576477051,-0.07863255590200424,0.02794954553246498,-0.5166943669319153,-0.03812631592154503,0.03943362087011337,-0.4104473888874054,0.009152214042842388
A,0.0,0.0,0.0,-0.2204960137605667,-0.10878229886293411,-0.04507451876997948,-0.36701443791389465,-0.4245757460594177,-0.05512266606092453,-0.3879747688770294,-0.7092108726501465,-0.07274287194013596,-0.38029736280441284,-0.9248642921447754,-0.07642627507448196,-0.28271910548210144,-0.6545317769050598,0.025900648906826973,-0.31727302074432373,-0.8003544211387634,-0.07909791171550751,-0.291818767786026,-0.5793980956077576,-0.13278387486934662,-0.25918492674827576,-0.4419987201690674,-0.1465839445590973,-0.1459391862154007,-0.6642439365386963,0.010811821557581425,-0.18521712720394135,-0.7551100850105286,-0.08907533437013626,-0.17519162595272064,-0.500937283039093,-0.10396498441696167,-0.15283501148223877,-0.3860359191894531,-0.08516032993793488,-0.014015354216098785,-0.6391496062278748,-0.02482551336288452,-0.05681490898132324,-0.7288258075714111,-0.12413372099399567,-0.05888379365205765,-0.48519107699394226,-0.08427608758211136,-0.04323878511786461,-0.3675067722797394,-0.02716747857630253,0.11413191258907318,-0.5875255465507507,-0.06533856689929962,0.06411344558000565,-0.6854013800621033,-0.11260715872049332,0.04857143014669418,-0.5052021741867065,-0.06668754667043686,0.05753696709871292,-0.4059179425239563,-0.013607564382255077
A,0.0,0.0,0.0,-0.23237815499305725,-0.12842652201652527,-0.04156151041388512,-0.3716292083263397,-0.4474213421344757,-0.04782360419631004,-0.39216968417167664,-0.7218448519706726,-0.059574440121650696,-0.37645193934440613,-0.926436185836792,-0.05819891393184662,-0.2464035600423813,-0.6974508762359619,0.027770044282078743,-0.3044883906841278,-0.7643325924873352,-0.056366145610809326,-0.2862395644187927,-0.5367963314056396,-0.10109271109104156,-0.2510673403739929,-0.40581342577934265,-0.11254322528839111,-0.10764487832784653,-0.6998962163925171,0.016848308965563774,-0.1713920682668686,-0.7018204927444458,-0.058343395590782166,-0.17303849756717682,-0.4726243317127228,-0.06809032708406448,-0.1491437554359436,-0.3656693994998932,-0.051654960960149765,0.01986370049417019,-0.6613991856575012,-0.011978594586253166,-0.04515334591269493,-0.6598809957504272,-0.09034200757741928,-0.059106845408678055,-0.4377707839012146,-0.05405275896191597,-0.042778655886650085,-0.33188217878341675,-0.004858741536736488,0.13946793973445892,-0.5983035564422607,-0.04572124779224396,0.07588419318199158,-0.631051778793335,-0.08015896379947662,0.05179218947887421,-0.4568956196308136,-0.037044186145067215,0.06487374007701874,-0.36678987741470337,0.012030258774757385
A,0.0,0.0,0.0,-0.23763003945350647,-0.10771644115447998,-0.06590187549591064,-0.37651991844177246,-0.4225873053073883,-0.07824885845184326,-0.3876968026161194,-0.7196736931800842,-0.08790531009435654,-0.3610856831073761,-0.9325326681137085,-0.08092086762189865,-0.2651536762714386,-0.7023846507072449,-0.0030229082331061363,-0.30729958415031433,-0.7458456754684448,-0.0840902030467987,-0.27825525403022766,-0.5236538052558899,-0.11653069406747818,-0.2537613809108734,-0.439696341753006,-0.12446420639753342,-0.11986374109983444,-0.7123536467552185,-0.0056853462010622025,-0.1631053388118744,-0.6854239702224731,-0.07660534232854843,-0.16328680515289307,-0.45197370648384094,-0.07472971826791763,-0.15846705436706543,-0.39041945338249207,-0.05469786375761032,0.017211435362696648,-0.669498085975647,-0.027712125331163406,-0.027394620701670647,-0.6320714354515076,-0.11350281536579132,-0.04246748611330986,-0.3936288058757782,-0.07165192812681198,-0.04099433869123459,-0.32196977734565735,-0.02090156264603138,0.14935123920440674,-0.595085620880127,-0.05665094032883644,0.09778914600610733,-0.5922870635986328,-0.10062876343727112,0.07212764024734497,-0.3968765139579773,-0.05850955471396446,0.07478540390729904,-0.31822431087493896,-0.011274291202425957
A,0.0,0.0,0.0,-0.2483060657978058,-0.10198155045509338,-0.07306879758834839,-0.3828330636024475,-0.43374019861221313,-0.08389490097761154,-0.3869290053844452,-0.7312947511672974,-0.0910753533244133,-0.35228511691093445,-0.9358927011489868,-0.07937493175268173,-0.2754635810852051,-0.7341499328613281,0.0014544118894264102,-0.2927645742893219,-0.7350481152534485,-0.07749690860509872,-0.26302817463874817,-0.506009578704834,-0.10874932259321213,-0.2506852149963379,-0.4367644488811493,-0.11749826371669769,-0.11772210150957108,-0.7506057024002075,0.0020720295142382383,-0.14060090482234955,-0.6660438776016235,-0.0714661180973053,-0.1416584551334381,-0.41720259189605713,-0.07052197307348251,-0.14439640939235687,-0.37489038705825806,-0.04940411448478699,0.029659878462553024,-0.70108562707901,-0.017770154401659966,0.0057004825212061405,-0.6174840331077576,-0.10789502412080765,-0.015506517142057419,-0.376864492893219,-0.06904372572898865,-0.024694353342056274,-0.33038192987442017,-0.018717044964432716,0.1671711653470993,-0.6202792525291443,-0.04540408030152321,0.14771248400211334,-0.5929614305496216,-0.09355974197387695,0.11483076214790344,-0.4101773202419281,-0.05581076815724373,0.10156901925802231,-0.3528079390525818,-0.010192734189331532
A,0.0,0.0,0.0,-0.2381703406572342,-0.10333828628063202,-0.08368523418903351,-0.38010236620903015,-0.4322240948677063,-0.09876550734043121,-0.3939783573150635,-0.7329108715057373,-0.10582029819488525,-0.34685221314430237,-0.9379197955131531,-0.09202691912651062,-0.26239410042762756,-0.7493047118186951,-0.016612635925412178,-0.2836812436580658,-0.725553035736084,-0.09093598276376724,-0.25495171546936035,-0.4932347536087036,-0.1139419749379158,-0.24341976642608643,-0.4287715256214142,-0.1179066076874733,-0.10155396163463593,-0.7630363702774048,-0.009422297589480877,-0.1265847384929657,-0.6513257622718811,-0.08103424310684204,-0.12916885316371918,-0.40089723467826843,-0.07578692585229874,-0.13283418118953705,-0.36036062240600586,-0.05228084325790405,0.04756010323762894,-0.7084567546844482,-0.022089164704084396,0.023054659366607666,-0.5990257263183594,-0.11304508149623871,0.0008044913411140442,-0.3629229664802551,-0.0744590163230896,-0.010748596861958504,-0.31970930099487305,-0.024234343320131302,0.18591104447841644,-0.623012900352478,-0.04284512996673584,0.16412702202796936,-0.5854772329330444,-0.0948377326130867,0.1308256983757019,-0.4035765528678894,-0.06015182286500931,0.11413056403398514,-0.3481673300266266,-0.01607695035636425
A,0.0,0.0,0.0,-0.239921435713768,-0.11888191103935242,-0.06489530205726624,-0.367169052362442,-0.43733298778533936,-0.07745082676410675,-0.37955740094184875,-0.7342296838760376,-0.0854092538356781,-0.33940017223358154,-0.9406421184539795,-0.07622100412845612,-0.24308757483959198,-0.7475273013114929,-0.006608211901038885,-0.2808581590652466,-0.7504996657371521,-0.07257521152496338,-0.2568597197532654,-0.5254242420196533,-0.10002297908067703,-0.23415715992450714,-0.4419882595539093,-0.10809795558452606,-0.09159254282712936,-0.7571771740913391,-0.00468469550833106,-0.12832477688789368,-0.6893247961997986,-0.05767878144979477,-0.13008815050125122,-0.44837090373039246,-0.05042130500078201,-0.12189574539661407,-0.37864965200424194,-0.03102966584265232,0.053284481167793274,-0.7003433108329773,-0.01933702826499939,0.02066059038043022,-0.6411851644515991,-0.08940896391868591,-0.002398392651230097,-0.4076094627380371,-0.04647250473499298,-0.005222361534833908,-0.31854864954948425,0.001179693965241313,0.18857131898403168,-0.6085848808288574,-0.04088332876563072,0.15748870372772217,-0.6015538573265076,-0.07755493372678757,0.11970582604408264,-0.419859915971756,-0.036703921854496,0.1068662703037262,-0.3313639760017395,0.008509933948516846
A,0.0,0.0,0.0,-0.23948867619037628,-0.07707863301038742,-0.08098471909761429,-0.382509708404541,-0.410038560628891,-0.09892898052930832,-0.39340123534202576,-0.7243486046791077,-0.1115550547838211,-0.3467027544975281,-0.9379751086235046,-0.10437969863414764,-0.2733060121536255,-0.6873277425765991,-0.025730440393090248,-0.28945645689964294,-0.7643346190452576,-0.11937679350376129,-0.2571846842765808,-0.5196073055267334,-0.15098650753498077,-0.23671148717403412,-0.4156704843044281,-0.15459345281124115,-0.11898547410964966,-0.6949660778045654,-0.02165866829454899,-0.1315843164920807,-0.6973516345024109,-0.10718176513910294,-0.12961478531360626,-0.43032577633857727,-0.09985137730836868,-0.12169969081878662,-0.35865911841392517,-0.07049018144607544,0.028275340795516968,-0.646858274936676,-0.038947172462940216,0.02458341047167778,-0.6379091739654541,-0.1408683806657791,0.0017874555196613073,-0.3772750198841095,-0.09613486379384995,-0.004287055693566799,-0.2949156165122986,-0.0371519960463047,0.17166946828365326,-0.5709962844848633,-0.06320561468601227,0.16628316044807434,-0.60276859998703,-0.11771641671657562,0.13348527252674103,-0.4088311493396759,-0.07767854630947113,0.11976557224988937,-0.32826146483421326,-0.028888216242194176
A,0.0,0.0,0.0,-0.2476935088634491,-0.11418325453996658,-0.0634399875998497,-0.3754759728908539,-0.44460994005203247,-0.07545751333236694,-0.3714914321899414,-0.7349722981452942,-0.08668375760316849,-0.34191566705703735,-0.9397306442260742,-0.08222468942403793,-0.2502641975879669,-0.7045305371284485,-0.010697886347770691,-0.2631415128707886,-0.7625389695167542,-0.09693675488233566,-0.24631713330745697,-0.5372387766838074,-0.13356323540210724,-0.24196697771549225,-0.4310944676399231,-0.14231020212173462,-0.09099128842353821,-0.7077235579490662,-0.013969971798360348,-0.11070780456066132,-0.6960775256156921,-0.08800727128982544,-0.1269674152135849,-0.4527941048145294,-0.08809846639633179,-0.13149100542068481,-0.37440475821495056,-0.06830141693353653,0.05631296709179878,-0.6547580361366272,-0.035976290702819824,0.03889007493853569,-0.6516426801681519,-0.1257641464471817,0.003810924245044589,-0.41322222352027893,-0.08838531374931335,-0.010666152462363243,-0.3181748688220978,-0.03785102069377899,0.1930275708436966,-0.5738775730133057,-0.06370235234498978,0.19039250910282135,-0.6182870864868164,-0.1140865907073021,0.1565922349691391,-0.46238458156585693,-0.07773374021053314,0.14262542128562927,-0.3901229500770569,-0.03160783275961876
A,0.0,0.0,0.0,-0.24546675384044647,-0.10960397124290466,-0.056369662284851074,-0.39165642857551575,-0.41467055678367615,-0.06873995810747147,-0.41351422667503357,-0.71437668800354,-0.08109910041093826,-0.3805196285247803,-0.9247728586196899,-0.07572510838508606,-0.2817642092704773,-0.6559250354766846,0.006974448915570974,-0.28770875930786133,-0.7811871767044067,-0.07656853646039963,-0.2740322947502136,-0.5525088906288147,-0.10739882290363312,-0.2622741758823395,-0.46001067757606506,-0.11274278908967972,-0.12427519261837006,-0.6600642800331116,0.0019342374289408326,-0.12821625173091888,-0.7537212371826172,-0.07157310098409653,-0.1438947319984436,-0.5117071866989136,-0.06927645951509476,-0.15324904024600983,-0.43125391006469727,-0.04682366922497749,0.021625852212309837,-0.6246922612190247,-0.02125389315187931,0.00927265826612711,-0.6877281069755554,-0.10334677994251251,-0.009686226956546307,-0.45703619718551636,-0.06208852306008339,-0.020661232993006706,-0.3650054633617401,-0.011347822844982147,0.15833307802677155,-0.5635026097297668,-0.04967020824551582,0.142377108335495,-0.6281508207321167,-0.08840791136026382,0.12288250774145126,-0.4544687569141388,-0.04763072356581688,0.11862336099147797,-0.37008875608444214,-0.0022659562528133392
A,0.0,0.0,0.0,-0.23261500895023346,-0.110134556889534,-0.05263645201921463,-0.3788602948188782,-0.4191904067993164,-0.06121576949954033,-0.3957332372665405,-0.7229412794113159,-0.07080685347318649,-0.36477547883987427,-0.931095540523529,-0.06206946074962616,-0.25257256627082825,-0.6817180514335632,0.011608296073973179,-0.28842824697494507,-0.8161544799804688,-0.06805972754955292,-0.2701905071735382,-0.576591432094574,-0.0917520672082901,-0.24279998242855072,-0.4871648848056793,-0.09151237457990646,-0.09890010207891464,-0.6869826316833496,0.006407222244888544,-0.13128937780857086,-0.7631847262382507,-0.07294756174087524,-0.13880471885204315,-0.5138368010520935,-0.07107998430728912,-0.1318681836128235,-0.44130438566207886,-0.04575485363602638,0.04305298626422882,-0.6574210524559021,-0.016752595081925392,0.014041381888091564,-0.6924281716346741,-0.10901867598295212,-0.0008636991260573268,-0.4549955427646637,-0.07056566327810287,-0.002019790466874838,-0.3776102364063263,-0.017383188009262085,0.1814492642879486,-0.6105132699012756,-0.04374111071228981,0.15324333310127258,-0.6634171605110168,-0.0859641507267952,0.128141388297081,-0.4754766821861267,-0.04516799747943878,0.1257762312889099,-0.40078410506248474,0.0017598803387954831
A,0.0,0.0,0.0,-0.23345613479614258,-0.08664166182279587,-0.06060730293393135,-0.3840526044368744,-0.40855708718299866,-0.07298707216978073,-0.3929610848426819,-0.7190709114074707,-0.08544512093067169,-0.36335545778274536,-0.9316505789756775,-0.07899273931980133,-0.27271127700805664,-0.6697750091552734,-0.003137303749099374,-0.2865951359272003,-0.8196994662284851,-0.09430541843175888,-0.2632627487182617,-0.5669212937355042,-0.12225499004125595,-0.24484361708164215,-0.47942283749580383,-0.12566405534744263,-0.12132325023412704,-0.6741279363632202,-0.011763784103095531,-0.12991032004356384,-0.7648516893386841,-0.10434196144342422,-0.13680541515350342,-0.4995441734790802,-0.10308966040611267,-0.1427910178899765,-0.42998749017715454,-0.07832805067300797,0.019969860091805458,-0.647555947303772,-0.040203649550676346,0.01622689515352249,-0.6991202235221863,-0.14148984849452972,-0.0005840698722749949,-0.44633713364601135,-0.09619604796171188,-0.015995481982827187,-0.371041476726532,-0.04020314663648605,0.15805228054523468,-0.6032291650772095,-0.07403625547885895,0.1493120640516281,-0.6689385175704956,-0.12363268435001373,0.12599299848079681,-0.46378791332244873,-0.07991081476211548,0.11016999185085297,-0.3856869339942932,-0.03228581324219704
A,0.0,0.0,0.0,-0.23225390911102295,-0.11505100876092911,-0.03769593685865402,-0.3752491772174835,-0.42312783002853394,-0.04240355268120766,-0.3950372338294983,-0.7227993607521057,-0.05305417254567146,-0.3674637973308563,-0.9300378561019897,-0.04734036698937416,-0.251987099647522,-0.6735364198684692,0.03389517962932587,-0.29556146264076233,-0.811955988407135,-0.05151893571019173,-0.27938133478164673,-0.5750501155853271,-0.08217094838619232,-0.2510429620742798,-0.491452157497406,-0.08544931560754776,-0.10190076380968094,-0.6830065846443176,0.020441250875592232,-0.14436854422092438,-0.7709346413612366,-0.06628412008285522,-0.15136879682540894,-0.5133273601531982,-0.06719793379306793,-0.12933392822742462,-0.4478280246257782,-0.03991176560521126,0.04467910900712013,-0.6604078412055969,-0.011588994413614273,-0.0005050476174801588,-0.7136356830596924,-0.10713239014148712,-0.020277727395296097,-0.4672212302684784,-0.06636615097522736,-0.0036590336821973324,-0.3974732458591461,-0.008904902264475822,0.1943637877702713,-0.6215433478355408,-0.04636375233530998,0.13527153432369232,-0.6824707984924316,-0.08423325419425964,0.10663994401693344,-0.4911503493785858,-0.03703785315155983,0.12367388606071472,-0.422719269990921,0.015151474624872208
A,0.0,0.0,0.0,-0.2468816339969635,-0.17561280727386475,-0.010311423800885677,-0.3724004030227661,-0.4648093283176422,-0.0182513315230608,-0.38160306215286255,-0.7435088753700256,-0.028880203142762184,-0.3418721556663513,-0.9397465586662292,-0.027280021458864212,-0.2754787504673004,-0.6692466735839844,0.00638257060199976,-0.2901659607887268,-0.8692595362663269,-0.034599803388118744,-0.26995155215263367,-0.7060171961784363,-0.056676235049963,-0.25115883350372314,-0.5826800465583801,-0.0639035701751709,-0.12976698577404022,-0.6958321928977966,-0.007999314926564693,-0.12968392670154572,-0.8137226700782776,-0.03244716301560402,-0.12834623456001282,-0.6456025242805481,-0.03708687052130699,-0.12548241019248962,-0.5330795645713806,-0.034627366811037064,0.016986392438411713,-0.6881551146507263,-0.026858555153012276,0.009891146793961525,-0.7634565830230713,-0.043814849108457565,0.003965060226619244,-0.6122257113456726,-0.012392254546284676,0.0022495316807180643,-0.5079061388969421,0.01140945591032505,0.1540094017982483,-0.6518433094024658,-0.047639403492212296,0.14124223589897156,-0.7275838851928711,-0.04318278655409813,0.12758168578147888,-0.5978277921676636,-0.00021881041175220162,0.12542316317558289,-0.5135594010353088,0.03648287430405617
A,0.0,0.0,0.0,-0.22009973227977753,-0.19093500077724457,-0.0318094938993454,-0.3416517972946167,-0.4884811043739319,-0.04694376513361931,-0.35433095693588257,-0.765205979347229,-0.06877314299345016,-0.30307331681251526,-0.9529672861099243,-0.0759548619389534,-0.23273807764053345,-0.6570188999176025,0.012464860454201698,-0.23745012283325195,-0.8537712693214417,-0.06111451983451843,-0.22632062435150146,-0.6675768494606018,-0.10024715960025787,-0.21674852073192596,-0.559167742729187,-0.11606813967227936,-0.08939745277166367,-0.6725001335144043,-0.0006850743084214628,-0.0877089649438858,-0.7808408141136169,-0.062310997396707535,-0.08538229018449783,-0.5784053802490234,-0.07041314244270325,-0.08752990514039993,-0.4972611665725708,-0.0628761574625969,0.050854358822107315,-0.6582192778587341,-0.02723400667309761,0.045188888907432556,-0.7417395710945129,-0.08274853974580765,0.0374516062438488,-0.5628238320350647,-0.04570620879530907,0.031833160668611526,-0.4771656095981598,-0.00720931775867939,0.18175600469112396,-0.6166751384735107,-0.058391038328409195,0.1765729933977127,-0.71980220079422,-0.07614081352949142,0.15332408249378204,-0.5857459306716919,-0.03255332633852959,0.1417589783668518,-0.5060366988182068,0.008604460395872593
A,0.0,0.0,0.0,-0.22771653532981873,-0.24562962353229523,-0.01933734305202961,-0.32810622453689575,-0.5329329371452332,-0.02064157836139202,-0.3281625807285309,-0.7706142663955688,-0.03677959740161896,-0.30579063296318054,-0.9520988464355469,-0.03822139650583267,-0.18555395305156708,-0.714859664440155,0.08781135082244873,-0.20241883397102356,-0.8524396419525146,0.022219812497496605,-0.22217874228954315,-0.6666871905326843,-0.02225661650300026,-0.20919354259967804,-0.5780650973320007,-0.042123500257730484,-0.0620078407227993,-0.7039502859115601,0.06606680154800415,-0.07171957939863205,-0.8136790990829468,0.004486969672143459,-0.10135586559772491,-0.6122709512710571,-0.013628590852022171,-0.08094929903745651,-0.5354223251342773,-0.00792019721120596,0.05725760757923126,-0.6612591743469238,0.02635892853140831,0.04695325717329979,-0.7512670755386353,-0.02509719878435135,0.01063865702599287,-0.5746586918830872,0.009193514473736286,0.023906851187348366,-0.4946049153804779,0.04864588379859924,0.17389896512031555,-0.5940559506416321,-0.020215721800923347,0.17585794627666473,-0.7075079679489136,-0.03155051916837692,0.13048000633716583,-0.5948022603988647,0.009914383292198181,0.1279280185699463,-0.5179503560066223,0.05027185007929802
A,0.0,0.0,0.0,-0.22657638788223267,-0.1912575662136078,-0.01623155176639557,-0.3358404040336609,-0.507510244846344,-0.017744047567248344,-0.32456254959106445,-0.775928795337677,-0.03535071387887001,-0.27771803736686707,-0.9606627225875854,-0.037447281181812286,-0.1801178753376007,-0.7621791958808899,0.0862293615937233,-0.22272029519081116,-0.9101017117500305,0.006193654146045446,-0.23863425850868225,-0.6743548512458801,-0.03505157306790352,-0.20054858922958374,-0.565504789352417,-0.04856237769126892,-0.051503244787454605,-0.7509336471557617,0.05656512454152107,-0.0959228128194809,-0.8939406871795654,-0.02758222632110119,-0.12382536381483078,-0.6328415274620056,-0.03497881814837456,-0.07580818235874176,-0.5494011640548706,-0.010832666419446468,0.07577236741781235,-0.7059531211853027,0.006988396868109703,0.03141710162162781,-0.8089503049850464,-0.06872132420539856,-0.008208016864955425,-0.566653311252594,-0.017029443755745888,0.02563338540494442,-0.4951428771018982,0.04314950853586197,0.20794427394866943,-0.6344513297080994,-0.048227641731500626,0.15206775069236755,-0.7373913526535034,-0.06373393535614014,0.10071790218353271,-0.5617430806159973,-0.005266946740448475,0.12023185193538666,-0.4916086792945862,0.049908969551324844
A,0.0,0.0,0.0,-0.23261521756649017,-0.173621267080307,-0.02770843170583248,-0.3471190333366394,-0.4926784336566925,-0.031678590923547745,-0.3369392156600952,-0.7703359127044678,-0.04825320467352867,-0.28817495703697205,-0.9575777649879456,-0.0481383241713047,-0.18496596813201904,-0.7475572228431702,0.07046186178922653,-0.21305981278419495,-0.9073108434677124,-0.009330225177109241,-0.23301120102405548,-0.6714215874671936,-0.048570666462183,-0.20185919106006622,-0.5664644837379456,-0.062000058591365814,-0.050984594970941544,-0.7318757176399231,0.04552938789129257,-0.07979276031255722,-0.873831570148468,-0.034764718264341354,-0.11654094606637955,-0.6130670309066772,-0.03992209583520889,-0.07859008014202118,-0.534511387348175,-0.017030885443091393,0.07993638515472412,-0.68123859167099,0.0002106963802361861,0.051879219710826874,-0.7971016764640808,-0.07794687896966934,0.0034165417309850454,-0.5591706037521362,-0.027612319216132164,0.029024945572018623,-0.488201379776001,0.03052668087184429,0.21563854813575745,-0.6039696335792542,-0.050894927233457565,0.17703042924404144,-0.7235719561576843,-0.07153910398483276,0.11957314610481262,-0.5499140024185181,-0.013143219985067844,0.12990733981132507,-0.47181475162506104,0.04162626713514328
A,0.0,0.0,0.0,-0.2383277267217636,-0.16669021546840668,-0.05487697198987007,-0.3748835623264313,-0.465904176235199,-0.06372235715389252,-0.37512919306755066,-0.7560498118400574,-0.08005592226982117,-0.3317875564098358,-0.9433541297912598,-0.07333841919898987,-0.23819950222969055,-0.7163324356079102,0.0644695833325386,-0.24946489930152893,-0.905188798904419,-0.03015468269586563,-0.2454918771982193,-0.6582939028739929,-0.07556161284446716,-0.2190316915512085,-0.5554720759391785,-0.09064313024282455,-0.10158833861351013,-0.7134332656860352,0.04990227520465851,-0.10679520666599274,-0.8838585615158081,-0.04610550403594971,-0.127059206366539,-0.5998915433883667,-0.05503273755311966,-0.10534294694662094,-0.5431764125823975,-0.03205738961696625,0.02700703777372837,-0.673398494720459,0.009895909577608109,0.03826748579740524,-0.8173086643218994,-0.08446966856718063,-0.0049250125885009766,-0.558260977268219,-0.030445929616689682,0.003734137397259474,-0.5005096197128296,0.03361641988158226,0.15635666251182556,-0.6030586957931519,-0.038940299302339554,0.16387329995632172,-0.7385061383247375,-0.07270243763923645,0.1072801947593689,-0.5541435480117798,-0.01548021100461483,0.09883204847574234,-0.4862346351146698,0.04072578623890877
A,0.0,0.0,0.0,-0.22740794718265533,-0.17295491695404053,-0.052493903785943985,-0.36826929450035095,-0.464563250541687,-0.060622330754995346,-0.37975335121154785,-0.745665431022644,-0.07910386472940445,-0.3389665186405182,-0.9407984018325806,-0.07618647813796997,-0.22845837473869324,-0.7157440185546875,0.08286792039871216,-0.24371246993541718,-0.9075872898101807,-0.006839496083557606,-0.2453179955482483,-0.6736722588539124,-0.04896845296025276,-0.21665842831134796,-0.5769773721694946,-0.06115907430648804,-0.09891512244939804,-0.7125262022018433,0.06915589421987534,-0.10796251147985458,-0.8726616501808167,-0.024071967229247093,-0.1314820647239685,-0.6008713841438293,-0.03486776351928711,-0.10315166413784027,-0.5510687828063965,-0.012474153190851212,0.025529082864522934,-0.6772353649139404,0.02881261333823204,0.029427986592054367,-0.8178794980049133,-0.06855291873216629,-0.013950945809483528,-0.5681145787239075,-0.025402843952178955,0.0009957276051864028,-0.5155646800994873,0.03390715643763542,0.1550423502922058,-0.616490364074707,-0.019309166818857193,0.1514240801334381,-0.7511029839515686,-0.05744706094264984,0.09418347477912903,-0.5753738880157471,-0.009059715084731579,0.09045739471912384,-0.5074929594993591,0.04290793463587761
A,0.0,0.0,0.0,-0.22561433911323547,-0.16724812984466553,-0.062165383249521255,-0.3723506033420563,-0.4635651409626007,-0.07263211905956268,-0.389702707529068,-0.745354175567627,-0.09104980528354645,-0.340538889169693,-0.9402304887771606,-0.08623096346855164,-0.2309192419052124,-0.722682535648346,0.07756047695875168,-0.2458704560995102,-0.9177453517913818,-0.014443178661167622,-0.24391835927963257,-0.6779212951660156,-0.054164301604032516,-0.21672962605953217,-0.5880736708641052,-0.06433875858783722,-0.09583575278520584,-0.7176569700241089,0.06798455864191055,-0.10717572271823883,-0.8775237202644348,-0.0330965481698513,-0.1264118254184723,-0.598786473274231,-0.0444154292345047,-0.10040697455406189,-0.5525205135345459,-0.01907949708402157,0.03338552638888359,-0.6810847520828247,0.030779974535107613,0.03459636867046356,-0.8171215653419495,-0.07412514090538025,-0.003362740855664015,-0.5638654828071594,-0.03168528899550438,0.010252789594233036,-0.5212908387184143,0.029911348596215248,0.16562291979789734,-0.6211073994636536,-0.014405396766960621,0.157012477517128,-0.7493677139282227,-0.05709322169423103,0.1041482612490654,-0.5664262175559998,-0.009781661443412304,0.10182517766952515,-0.5036605596542358,0.04298260435461998
A,0.0,0.0,0.0,-0.2169826775789261,-0.17351728677749634,-0.04979230463504791,-0.36490508913993835,-0.45586320757865906,-0.06621624529361725,-0.3889309763908386,-0.7308945655822754,-0.09429553151130676,-0.33606693148612976,-0.9418381452560425,-0.10231973230838776,-0.22098101675510406,-0.72987300157547,0.07427382469177246,-0.2509697675704956,-0.9327637553215027,-0.02436097152531147,-0.2645805776119232,-0.7137360572814941,-0.07189367711544037,-0.23424214124679565,-0.6033133268356323,-0.08591486513614655,-0.09262962639331818,-0.7215356230735779,0.05618530884385109,-0.11761334538459778,-0.8984166383743286,-0.045263539999723434,-0.1463879495859146,-0.6336579918861389,-0.06041213497519493,-0.11086569726467133,-0.5669798851013184,-0.03759310394525528,0.034947801381349564,-0.6845219135284424,0.012573651038110256,0.013130213133990765,-0.8356357216835022,-0.09118427336215973,-0.029395032674074173,-0.5866008400917053,-0.04829583317041397,-0.005535439122468233,-0.524524450302124,0.014765829779207706,0.16982543468475342,-0.6241058111190796,-0.03789278864860535,0.12738032639026642,-0.7764611840248108,-0.07998201251029968,0.07796230912208557,-0.595889151096344,-0.02766176126897335,0.08989860862493515,-0.5178422331809998,0.029979785904288292
A,0.0,0.0,0.0,-0.22299137711524963,-0.1635560542345047,-0.051002051681280136,-0.3630066514015198,-0.46113473176956177,-0.06381943821907043,-0.37917259335517883,-0.7419406771659851,-0.0879891961812973,-0.3264566659927368,-0.9452122449874878,-0.09391868114471436,-0.2445228546857834,-0.7213090658187866,0.07051000744104385,-0.2635453939437866,-0.9150128960609436,-0.03193109109997749,-0.2685849070549011,-0.6841754913330078,-0.08164876699447632,-0.24314552545547485,-0.5725823640823364,-0.09652988612651825,-0.11237303912639618,-0.7138047814369202,0.050663355737924576,-0.12430260330438614,-0.8813788294792175,-0.053037721663713455,-0.1449207216501236,-0.6104477643966675,-0.06874972581863403,-0.11696681380271912,-0.54007887840271,-0.04629404842853546,0.019599169492721558,-0.6727504134178162,0.005524573381990194,0.00994617398828268,-0.8211718797683716,-0.10369673371315002,-0.024529436603188515,-0.5634267926216125,-0.05925876274704933,-0.010086316615343094,-0.4919438064098358,0.0047129918821156025,0.15739116072654724,-0.6031421422958374,-0.04623398184776306,0.1282411813735962,-0.7402150630950928,-0.09520886838436127,0.08617917448282242,-0.5460789203643799,-0.04140803590416908,0.09089265763759613,-0.46589845418930054,0.017705727368593216
A,0.0,0.0,0.0,-0.21911871433258057,-0.15537279844284058,-0.06440640240907669,-0.3638605773448944,-0.4542860686779022,-0.0795973464846611,-0.3798941969871521,-0.7451115250587463,-0.10284893214702606,-0.3172658383846283,-0.948336660861969,-0.10560040920972824,-0.24488423764705658,-0.7108479738235474,0.06389404088258743,-0.25728079676628113,-0.9105949997901917,-0.03947187215089798,-0.26310938596725464,-0.6729139685630798,-0.0868670716881752,-0.23850184679031372,-0.5680592060089111,-0.1007414162158966,-0.1114468201994896,-0.7063324451446533,0.05202723667025566,-0.11788856238126755,-0.8730668425559998,-0.05392022803425789,-0.14081284403800964,-0.5990287661552429,-0.06608197838068008,-0.11377011239528656,-0.5382922291755676,-0.041244812309741974,0.018869061022996902,-0.6673747301101685,0.012816027738153934,0.01651330478489399,-0.8147222399711609,-0.09866874665021896,-0.020519349724054337,-0.5554656982421875,-0.051817018538713455,-0.006674318108707666,-0.49148648977279663,0.01375087071210146,0.1572462022304535,-0.6031236052513123,-0.03445461392402649,0.13487888872623444,-0.7338855862617493,-0.08447672426700592,0.09121261537075043,-0.5407574772834778,-0.03244922682642937,0.09468349814414978,-0.46729493141174316,0.024866953492164612
A,0.0,0.0,0.0,-0.226930171251297,-0.16639584302902222,-0.0435052253305912,-0.36308813095092773,-0.4652186930179596,-0.050163157284259796,-0.37582480907440186,-0.7475090026855469,-0.070726178586483,-0.32264840602874756,-0.9465188384056091,-0.07386361062526703,-0.2426871806383133,-0.7013790011405945,0.08745472133159637,-0.24641041457653046,-0.9063089489936829,-0.013525820337235928,-0.2535024583339691,-0.6804116368293762,-0.0620046891272068,-0.2381395697593689,-0.5723983645439148,-0.07533319294452667,-0.11591562628746033,-0.6914281249046326,0.06691179424524307,-0.11588139832019806,-0.8663681745529175,-0.03559756651520729,-0.14012674987316132,-0.6010915040969849,-0.05239173769950867,-0.12155550718307495,-0.5346163511276245,-0.030913492664694786,0.011789645999670029,-0.6535679697990417,0.020423660054802895,0.010551182553172112,-0.8096237182617188,-0.08942317217588425,-0.02734079584479332,-0.5501636862754822,-0.04869220033288002,-0.02177603170275688,-0.47470396757125854,0.013647189363837242,0.14737901091575623,-0.5924314260482788,-0.03196839988231659,0.12625595927238464,-0.7328404784202576,-0.08044048398733139,0.0836414247751236,-0.5378379225730896,-0.029729124158620834,0.08331529051065445,-0.4537881016731262,0.02701885811984539
A,0.0,0.0,0.0,-0.2391931265592575,-0.16170217096805573,-0.029217278584837914,-0.3788670301437378,-0.46874672174453735,-0.028569500893354416,-0.39353275299072266,-0.7534608244895935,-0.04466605558991432,-0.3411754071712494,-0.9399996399879456,-0.04445389285683632,-0.26456576585769653,-0.6935551762580872,0.09698351472616196,-0.2569373846054077,-0.9133204221725464,-0.0036346891429275274,-0.2684905230998993,-0.683571457862854,-0.0543116070330143,-0.26009097695350647,-0.5592756271362305,-0.06834068149328232,-0.1387941539287567,-0.6841779947280884,0.07047273218631744,-0.12926794588565826,-0.8722986578941345,-0.030207892879843712,-0.1548011153936386,-0.6090948581695557,-0.04958183318376541,-0.14438501000404358,-0.5318385362625122,-0.030688831582665443,-0.011007191613316536,-0.6512194275856018,0.01970638893544674,-0.005273459944874048,-0.813503623008728,-0.08203951269388199,-0.037621159106492996,-0.5603459477424622,-0.04055625945329666,-0.036360058933496475,-0.4805583655834198,0.019465375691652298,0.12442314624786377,-0.5955190062522888,-0.03655897453427315,0.10998141020536423,-0.7399362325668335,-0.075703926384449,0.07308384031057358,-0.5502796769142151,-0.022259196266531944,0.06999661773443222,-0.46780624985694885,0.033737894147634506
A,0.0,0.0,0.0,-0.24393132328987122,-0.16839683055877686,-0.0217911209911108,-0.37597548961639404,-0.4687376618385315,-0.016869623214006424,-0.39433443546295166,-0.7465378642082214,-0.03037443198263645,-0.3586276173591614,-0.9334806799888611,-0.027503687888383865,-0.27567893266677856,-0.6954706311225891,0.10558103024959564,-0.2818555235862732,-0.9243566393852234,0.000736511021386832,-0.2891191840171814,-0.6894785761833191,-0.051855795085430145,-0.2708081007003784,-0.5594125986099243,-0.06443457305431366,-0.1468079388141632,-0.6868594288825989,0.07454589009284973,-0.1497316211462021,-0.8899429440498352,-0.03169957920908928,-0.1713634580373764,-0.6170811057090759,-0.050294578075408936,-0.15117236971855164,-0.5254135727882385,-0.026714246720075607,-0.013939249329268932,-0.654244601726532,0.018945207819342613,-0.020067455247044563,-0.8232393860816956,-0.08606428653001785,-0.04951181635260582,-0.5603829622268677,-0.041892845183610916,-0.03860483318567276,-0.4683975875377655,0.023097747936844826,0.12792974710464478,-0.5972261428833008,-0.04185818135738373,0.10540726035833359,-0.7485067248344421,-0.0825955867767334,0.06749515980482101,-0.5495938658714294,-0.027717921882867813,0.07060590386390686,-0.4567456841468811,0.03099229373037815
A,0.0,0.0,0.0,-0.2404104769229889,-0.1860731840133667,-0.014114491641521454,-0.35096967220306396,-0.4823312759399414,-0.008611991070210934,-0.3676818311214447,-0.7358062267303467,-0.022499673068523407,-0.4087611138820648,-0.9126414060592651,-0.026594392955303192,-0.23904334008693695,-0.6938784122467041,0.09287913143634796,-0.25593024492263794,-0.9051942229270935,-0.0016629520105198026,-0.28057560324668884,-0.7113020420074463,-0.058037158101797104,-0.26428356766700745,-0.5754639506340027,-0.07612533867359161,-0.1150980144739151,-0.6793893575668335,0.05852338671684265,-0.12442731857299805,-0.869266152381897,-0.03518988564610481,-0.16060513257980347,-0.6267172694206238,-0.06290324777364731,-0.13328470289707184,-0.5178209543228149,-0.05089891329407692,0.009384197182953358,-0.6374249458312988,0.003968543838709593,-0.0034954955335706472,-0.7932807207107544,-0.08683720231056213,-0.04699912294745445,-0.5612706542015076,-0.05550968647003174,-0.029216771945357323,-0.45848333835601807,-0.004473589360713959,0.13724373281002045,-0.5704783201217651,-0.054852571338415146,0.10948158800601959,-0.7114119529724121,-0.09042585641145706,0.06238802894949913,-0.5398554801940918,-0.04150131717324257,0.07035283744335175,-0.44692105054855347,0.010808631777763367
A,0.0,0.0,0.0,-0.2453027218580246,-0.20908762514591217,-0.026435721665620804,-0.3659748435020447,-0.5283957719802856,-0.02444036677479744,-0.35446274280548096,-0.7917571067810059,-0.042671240866184235,-0.2889443039894104,-0.9573459029197693,-0.04762677475810051,-0.23782268166542053,-0.7179991602897644,0.10817345231771469,-0.23711425065994263,-0.9343234896659851,0.007030057720839977,-0.2601607143878937,-0.7231628894805908,-0.05256497487425804,-0.25378870964050293,-0.5922247171401978,-0.07243447005748749,-0.11645865440368652,-0.6969133019447327,0.07882842421531677,-0.11637131869792938,-0.8953694105148315,-0.022846078500151634,-0.14937013387680054,-0.6551111936569214,-0.05165216326713562,-0.13310281932353973,-0.5528609156608582,-0.03822595626115799,0.0059891389682888985,-0.6572343111038208,0.024917546659708023,0.000917363737244159,-0.8322169780731201,-0.07138263434171677,-0.040320463478565216,-0.6037406921386719,-0.03762008622288704,-0.03444092720746994,-0.5011315941810608,0.017398091033101082,0.13358402252197266,-0.591361939907074,-0.03550700470805168,0.11213333159685135,-0.7509520649909973,-0.07017569243907928,0.06675110012292862,-0.5792573094367981,-0.019680112600326538,0.06482553482055664,-0.4816776514053345,0.03378364443778992
A,0.0,0.0,0.0,-0.23097404837608337,-0.20378568768501282,-0.020003236830234528,-0.34247198700904846,-0.5269282460212708,-0.02215459756553173,-0.326768696308136,-0.7948076128959656,-0.042643558233976364,-0.25883951783180237,-0.9659203290939331,-0.05030223727226257,-0.2098543345928192,-0.7465701699256897,0.08563504368066788,-0.20602260529994965,-0.9528712034225464,-0.01693212240934372,-0.2288830727338791,-0.7261197566986084,-0.07487860321998596,-0.22321105003356934,-0.5837815403938293,-0.09298974275588989,-0.08103884011507034,-0.7212539911270142,0.05209290608763695,-0.07668294757604599,-0.9051246047019958,-0.048493754118680954,-0.1103251725435257,-0.6403093338012695,-0.06936677545309067,-0.09628044813871384,-0.525938868522644,-0.05064105615019798,0.04814087226986885,-0.6682348251342773,-0.0032249880023300648,0.05168536305427551,-0.8303890228271484,-0.09773020446300507,0.008751189336180687,-0.5804288387298584,-0.05339691787958145,0.009462524205446243,-0.4707077145576477,0.007274005562067032,0.17785486578941345,-0.5862297415733337,-0.06397267431020737,0.16574686765670776,-0.7229335308074951,-0.09931216388940811,0.11634741723537445,-0.5376419425010681,-0.04340589419007301,0.10558068752288818,-0.44205713272094727,0.014222429133951664
A,0.0,0.0,0.0,-0.2164972573518753,-0.19890464842319489,-0.047717150300741196,-0.3386910557746887,-0.5105929374694824,-0.04930465295910835,-0.34015873074531555,-0.7841845750808716,-0.06470190733671188,-0.2781672179698944,-0.9605326652526855,-0.06269146502017975,-0.20173044502735138,-0.7094686031341553,0.11145073920488358,-0.1728592962026596,-0.9015597105026245,0.011280765756964684,-0.19603489339351654,-0.6908453106880188,-0.047395043075084686,-0.20279841125011444,-0.5734077095985413,-0.06778588891029358,-0.08120503276586533,-0.68951016664505,0.09413944184780121,-0.058307792991399765,-0.8586342334747314,-0.009495994076132774,-0.09019188582897186,-0.6121264100074768,-0.036266397684812546,-0.09158895164728165,-0.5220838785171509,-0.020969942212104797,0.032623954117298126,-0.6458843946456909,0.04820913448929787,0.0586698092520237,-0.786165714263916,-0.05120299011468887,0.022020459175109863,-0.5605155825614929,-0.016826799139380455,0.012379663065075874,-0.4794003367424011,0.0382729135453701,0.1492573767900467,-0.5755684971809387,-0.006288302596658468,0.16214200854301453,-0.6920837163925171,-0.04589053615927696,0.12121754139661789,-0.5186817646026611,-0.0015751199098303914,0.10413140803575516,-0.4422868490219116,0.04764261096715927
A,0.0,0.0,0.0,-0.21761757135391235,-0.19566284120082855,-0.06107695773243904,-0.3482407033443451,-0.5185143351554871,-0.06272013485431671,-0.34414738416671753,-0.7910498976707458,-0.07457392662763596,-0.2734915018081665,-0.9618744254112244,-0.06607073545455933,-0.2042035311460495,-0.714120090007782,0.11096172034740448,-0.16607175767421722,-0.9047036170959473,0.011737815104424953,-0.19093641638755798,-0.6864635944366455,-0.04322729632258415,-0.20654438436031342,-0.5802527070045471,-0.0610564760863781,-0.08140385895967484,-0.6906213164329529,0.1010434702038765,-0.0475788377225399,-0.8588609099388123,-0.0051338933408260345,-0.08636659383773804,-0.6060770153999329,-0.03199027478694916,-0.10292135924100876,-0.5282477140426636,-0.015773126855492592,0.031050948426127434,-0.6452209949493408,0.060180358588695526,0.07251809537410736,-0.7812902927398682,-0.0442969836294651,0.029193028807640076,-0.5489810109138489,-0.014844057150185108,0.004751279018819332,-0.4778667986392975,0.03841554746031761,0.1430569738149643,-0.5782303214073181,0.010198304429650307,0.17289844155311584,-0.6927032470703125,-0.03263450041413307,0.13020899891853333,-0.5136958956718445,0.007163172587752342,0.10385709255933762,-0.4425147473812103,0.05369414761662483
A,0.0,0.0,0.0,-0.21882493793964386,-0.18947991728782654,-0.04018617048859596,-0.3461955487728119,-0.5152100324630737,-0.03208102285861969,-0.3433133363723755,-0.7932853102684021,-0.03590962290763855,-0.28577470779418945,-0.9582968354225159,-0.01819201186299324,-0.20859412848949432,-0.7058197259902954,0.10737714916467667,-0.15196049213409424,-0.913163959980011,0.01217794232070446,-0.17216536402702332,-0.686267614364624,-0.03663693368434906,-0.19284559786319733,-0.5802612900733948,-0.05098099634051323,-0.0892154648900032,-0.676636278629303,0.08990342915058136,-0.03084537945687771,-0.8558797240257263,-0.015948720276355743,-0.06774508953094482,-0.5883192420005798,-0.0403888113796711,-0.09817289561033249,-0.5234581232070923,-0.024623945355415344,0.02129208669066429,-0.6309863328933716,0.04617820307612419,0.08261199295520782,-0.7755767703056335,-0.05683999881148338,0.03906086087226868,-0.5347025990486145,-0.02148299105465412,0.000907940324395895,-0.46761128306388855,0.033449627459049225,0.1308530867099762,-0.5670366287231445,-0.0041445582173764706,0.18031837046146393,-0.7058064341545105,-0.04433872550725937,0.13920898735523224,-0.5237724781036377,0.001985986018553376,0.10182088613510132,-0.4464993476867676,0.05200478062033653
A,0.0,0.0,0.0,-0.21242579817771912,-0.1963372379541397,-0.042701710015535355,-0.3395945429801941,-0.513530433177948,-0.03593321144580841,-0.3379291594028473,-0.7842885255813599,-0.043254777789115906,-0.2839529812335968,-0.958838164806366,-0.03185639530420303,-0.196945458650589,-0.6954426169395447,0.11811815202236176,-0.15154661238193512,-0.8999415636062622,0.022955022752285004,-0.1717805564403534,-0.6851263642311096,-0.02861025184392929,-0.18758325278759003,-0.5720474720001221,-0.043388620018959045,-0.07690226286649704,-0.6678421497344971,0.100753054022789,-0.02988973632454872,-0.8442462086677551,-0.0050238557159900665,-0.0645357221364975,-0.589127242565155,-0.033035971224308014,-0.08778946846723557,-0.5009915828704834,-0.017049282789230347,0.03228731453418732,-0.6257021427154541,0.05564764887094498,0.07929089665412903,-0.7660446166992188,-0.048995207995176315,0.039332885295152664,-0.5302740931510925,-0.019989192485809326,0.00856767874211073,-0.4444630742073059,0.03445488214492798,0.14021068811416626,-0.5665463209152222,0.00369272637180984,0.17593003809452057,-0.7031048536300659,-0.0387854278087616,0.13978974521160126,-0.5270050168037415,0.004090579226613045,0.1123630702495575,-0.4407394826412201,0.05413816496729851
A,0.0,0.0,0.0,-0.21142442524433136,-0.19108590483665466,-0.05618719756603241,-0.33098262548446655,-0.5113502740859985,-0.05678156763315201,-0.32548490166664124,-0.7810297608375549,-0.06603929400444031,-0.2780765891075134,-0.9605588912963867,-0.05563243478536606,-0.1943289041519165,-0.7072904706001282,0.0929345190525055,-0.1410679817199707,-0.8955268263816833,-0.0037833063397556543,-0.16514751315116882,-0.6865863800048828,-0.05552772432565689,-0.1880151629447937,-0.5767929553985596,-0.07040102779865265,-0.07338224351406097,-0.6767755746841431,0.08310379087924957,-0.02221955731511116,-0.8423232436180115,-0.020133649930357933,-0.05867866426706314,-0.5935993790626526,-0.04531794413924217,-0.08534912019968033,-0.510216236114502,-0.02901754342019558,0.03675207495689392,-0.6269028186798096,0.045909784734249115,0.08746759593486786,-0.7591783404350281,-0.058778733015060425,0.04903215914964676,-0.5311377644538879,-0.03087519481778145,0.018465904518961906,-0.4530485272407532,0.021726537495851517,0.145138218998909,-0.5581864714622498,0.0014998667174950242,0.18414995074272156,-0.6795180439949036,-0.04479191079735756,0.1484278440475464,-0.5102354884147644,-0.005345383193343878,0.11955386400222778,-0.4323534369468689,0.04245956614613533
A,0.0,0.0,0.0,-0.20210982859134674,-0.2129896730184555,-0.04875505343079567,-0.3353898227214813,-0.5242488980293274,-0.056042905896902084,-0.345726877450943,-0.7845540642738342,-0.07713945209980011,-0.28418245911598206,-0.958770215511322,-0.08212132751941681,-0.183608278632164,-0.7354819178581238,0.0936223492026329,-0.16559143364429474,-0.9177916049957275,-0.011150523088872433,-0.18360431492328644,-0.7150536179542542,-0.07563957571983337,-0.19515275955200195,-0.5969758629798889,-0.09964363276958466,-0.05925071984529495,-0.7167345881462097,0.07495944947004318,-0.03257898613810539,-0.8568522334098816,-0.03153467923402786,-0.05945844575762749,-0.62239670753479,-0.06907034665346146,-0.07270719856023788,-0.5450901985168457,-0.0635332316160202,0.06130765751004219,-0.6729938983917236,0.030075380578637123,0.09349426627159119,-0.7938785552978516,-0.07473097741603851,0.06025039777159691,-0.5810106992721558,-0.050998106598854065,0.04119887948036194,-0.5128948092460632,-0.003796626115217805,0.17544281482696533,-0.5975693464279175,-0.021792955696582794,0.20474404096603394,-0.7081708908081055,-0.06658855080604553,0.1680482029914856,-0.5402835011482239,-0.023922638967633247,0.1479955017566681,-0.47158533334732056,0.02551690675318241
A,0.0,0.0,0.0,-0.215873122215271,-0.18338431417942047,-0.06180183216929436,-0.35755228996276855,-0.4978615343570709,-0.06795947998762131,-0.37374475598335266,-0.7649184465408325,-0.08312243223190308,-0.32456013560295105,-0.9458650946617126,-0.07711949944496155,-0.20896700024604797,-0.723603367805481,0.08738162368535995,-0.19679908454418182,-0.8962746858596802,-0.00990763958543539,-0.20439234375953674,-0.6775286197662354,-0.06152648478746414,-0.20241902768611908,-0.575175404548645,-0.07753580063581467,-0.08387356996536255,-0.7054603695869446,0.07930389046669006,-0.05747143551707268,-0.8398449420928955,-0.025111068040132523,-0.08032169193029404,-0.5900225639343262,-0.04915104806423187,-0.08973342925310135,-0.5215024352073669,-0.03271603584289551,0.032599374651908875,-0.6575384140014648,0.04297172650694847,0.06412898004055023,-0.7824997901916504,-0.06125733628869057,0.03455265983939171,-0.5650030970573425,-0.03128612041473389,0.019677311182022095,-0.502486526966095,0.021398670971393585,0.14389365911483765,-0.5825618505477905,-0.0015209050616249442,0.17422759532928467,-0.7016801834106445,-0.04706976190209389,0.13669714331626892,-0.5438061952590942,-0.007401852402836084,0.11418896168470383,-0.4768700897693634,0.04050068184733391
A,0.0,0.0,0.0,-0.2033897489309311,-0.19495901465415955,-0.04090075194835663,-0.33888930082321167,-0.4991871118545532,-0.04638293385505676,-0.36795663833618164,-0.7497120499610901,-0.0646052286028862,-0.3399801552295685,-0.940432608127594,-0.06601577997207642,-0.21360090374946594,-0.7286121845245361,0.08629149943590164,-0.2265661209821701,-0.8969854116439819,-0.006682970095425844,-0.2359800785779953,-0.69913250207901,-0.05912550166249275,-0.2228202372789383,-0.5833673477172852,-0.07536981999874115,-0.09639233350753784,-0.7200350165367126,0.06889910250902176,-0.10285073518753052,-0.8571838736534119,-0.020559148862957954,-0.12128104269504547,-0.6187742352485657,-0.04017842561006546,-0.10705050081014633,-0.5436495542526245,-0.024302657693624496,0.024602413177490234,-0.6752921342849731,0.027099061757326126,0.026427552103996277,-0.7951730489730835,-0.06027057021856308,-0.0008578922133892775,-0.5847817063331604,-0.02599894441664219,0.007074231747537851,-0.5164737105369568,0.02469809353351593,0.14368723332881927,-0.5988922119140625,-0.02144487388432026,0.14132170379161835,-0.7147188186645508,-0.054436612874269485,0.10127625614404678,-0.5573996901512146,-0.008182171732187271,0.09530369192361832,-0.48661288619041443,0.04190978780388832
A,0.0,0.0,0.0,-0.21317759156227112,-0.1725994199514389,-0.05278680473566055,-0.35738375782966614,-0.4748794734477997,-0.06079280003905296,-0.38781726360321045,-0.7397963404655457,-0.07969867438077927,-0.3570270240306854,-0.9340940713882446,-0.08069902658462524,-0.22583205997943878,-0.6937271356582642,0.08419612050056458,-0.1997106373310089,-0.8619545698165894,-0.02057957835495472,-0.2064768373966217,-0.6582316160202026,-0.08110284060239792,-0.21685615181922913,-0.5308606624603271,-0.10174427181482315,-0.10295592993497849,-0.6916197538375854,0.0708678737282753,-0.07614338397979736,-0.8192754983901978,-0.03568527102470398,-0.08542058616876602,-0.5813882946968079,-0.06826477497816086,-0.09719545394182205,-0.5031113624572754,-0.060360025614500046,0.015542200766503811,-0.6668974161148071,0.03144708648324013,0.045028284192085266,-0.7764959335327148,-0.07441035658121109,0.022958820685744286,-0.5605982542037964,-0.05085418000817299,0.0021340271923691034,-0.49092480540275574,-0.004424945451319218,0.13234847784042358,-0.613649308681488,-0.014746371656656265,0.15699772536754608,-0.7073042392730713,-0.06269773840904236,0.12328547239303589,-0.539264440536499,-0.02596280723810196,0.09600456804037094,-0.47307008504867554,0.018520217388868332
A,0.0,0.0,0.0,-0.20016470551490784,-0.14010804891586304,-0.08464222401380539,-0.3439438045024872,-0.46039652824401855,-0.09219186007976532,-0.3763238191604614,-0.747197687625885,-0.10133569687604904,-0.33812254667282104,-0.9411020874977112,-0.08425714075565338,-0.22930282354354858,-0.6833885908126831,0.07638078927993774,-0.22376449406147003,-0.844402551651001,-0.012882762588560581,-0.220468670129776,-0.6205602884292603,-0.04730619862675667,-0.2138010412454605,-0.5706472992897034,-0.05681470036506653,-0.11616250872612,-0.6862996816635132,0.08067627996206284,-0.10514751821756363,-0.8305346965789795,-0.017482496798038483,-0.12041918188333511,-0.5598962306976318,-0.022288436070084572,-0.1161770150065422,-0.5517957210540771,0.006024366244673729,-0.003999349195510149,-0.6589558124542236,0.053086668252944946,0.021111303940415382,-0.7751312851905823,-0.055848319083452225,-0.010562000796198845,-0.5300946831703186,-0.015686141327023506,-0.01569223217666149,-0.5148327946662903,0.04419093579053879,0.11421474814414978,-0.61581951379776,0.014817762188613415,0.12920302152633667,-0.7109217643737793,-0.035750240087509155,0.08889007568359375,-0.536392092704773,0.001032190048135817,0.07391677051782608,-0.5004661679267883,0.04554705321788788
A,0.0,0.0,0.0,-0.20688612759113312,-0.15673227608203888,-0.07503598928451538,-0.3485944867134094,-0.4582310914993286,-0.08343438804149628,-0.3823649287223816,-0.7404355406761169,-0.09576191008090973,-0.34372711181640625,-0.9390695095062256,-0.08381084352731705,-0.24270926415920258,-0.6799817681312561,0.08038065582513809,-0.2430405467748642,-0.8424335718154907,-0.010792472399771214,-0.23443366587162018,-0.6176404356956482,-0.04782279580831528,-0.22642099857330322,-0.5592893958091736,-0.057556625455617905,-0.12674614787101746,-0.6803897023200989,0.08064470440149307,-0.12589676678180695,-0.8330109119415283,-0.017346233129501343,-0.13160459697246552,-0.5561376810073853,-0.0205678828060627,-0.12497903406620026,-0.533898115158081,0.009088301099836826,-0.010519404895603657,-0.6471725106239319,0.05007629096508026,0.007457780186086893,-0.7792405486106873,-0.057941749691963196,-0.015932748094201088,-0.5254558324813843,-0.014165607281029224,-0.020537875592708588,-0.4933408796787262,0.048353489488363266,0.10955728590488434,-0.5961608290672302,0.010034020058810711,0.12060505896806717,-0.7031875848770142,-0.03805200383067131,0.08258247375488281,-0.5215039253234863,0.0030082056764513254,0.06590506434440613,-0.4727995991706848,0.05043909698724747
A,0.0,0.0,0.0,-0.22071582078933716,-0.15469135344028473,-0.05315893888473511,-0.36915281414985657,-0.4672052562236786,-0.05434515327215195,-0.40385040640830994,-0.7405829429626465,-0.0648103579878807,-0.3605506718158722,-0.9327396154403687,-0.0553055964410305,-0.2416064590215683,-0.6823654770851135,0.08253328502178192,-0.25631362199783325,-0.8527311682701111,-0.0071968743577599525,-0.25158411264419556,-0.6248541474342346,-0.044858966022729874,-0.23263566195964813,-0.5415393710136414,-0.053344134241342545,-0.1207599863409996,-0.6781801581382751,0.07199177891016006,-0.14003443717956543,-0.8268763422966003,-0.022695260122418404,-0.149174302816391,-0.5619895458221436,-0.029886722564697266,-0.1251373291015625,-0.516225278377533,-0.0030530025251209736,0.002910277107730508,-0.6454217433929443,0.03427379950881004,-0.010181840509176254,-0.7782419919967651,-0.06439179927110672,-0.03839794918894768,-0.530430257320404,-0.020724622532725334,-0.026861220598220825,-0.47887641191482544,0.04049687460064888,0.13329166173934937,-0.5923299789428711,-0.010886282660067081,0.10325289517641068,-0.7154386043548584,-0.0489840991795063,0.06564044207334518,-0.5351828932762146,-0.0015615514712408185,0.07029055804014206,-0.4703761339187622,0.05005677416920662
A,0.0,0.0,0.0,-0.20420695841312408,-0.16322572529315948,-0.04833277314901352,-0.34360143542289734,-0.4492563307285309,-0.05891108885407448,-0.386237233877182,-0.7200474143028259,-0.08069340139627457,-0.3668226897716522,-0.9302908778190613,-0.08520343899726868,-0.23737354576587677,-0.6640333533287048,0.07941419631242752,-0.2546793818473816,-0.8428307771682739,-0.01401651930063963,-0.25581344962120056,-0.6374697685241699,-0.05956747382879257,-0.23298977315425873,-0.5344404578208923,-0.07244895398616791,-0.12117141485214233,-0.6721752285957336,0.06475641578435898,-0.14485464990139008,-0.8274409770965576,-0.02853945828974247,-0.15607374906539917,-0.5838537216186523,-0.04101356491446495,-0.1279161423444748,-0.5182254314422607,-0.018358195200562477,-0.0008532945648767054,-0.6499978303909302,0.02416074275970459,-0.01696901209652424,-0.7774486541748047,-0.07150527834892273,-0.04250236600637436,-0.5489124059677124,-0.03282036632299423,-0.029016949236392975,-0.4889494478702545,0.023900792002677917,0.12378758937120438,-0.6065096855163574,-0.023533988744020462,0.0931302085518837,-0.7216371297836304,-0.06274344027042389,0.0585135817527771,-0.5470952391624451,-0.017702430486679077,0.06423883885145187,-0.4781777560710907,0.03227377310395241
A,0.0,0.0,0.0,-0.22323301434516907,-0.17062869668006897,-0.0286874920129776,-0.3533311188220978,-0.4593029022216797,-0.0335155613720417,-0.3844420611858368,-0.7182942032814026,-0.05391840264201164,-0.38081878423690796,-0.924649715423584,-0.061537545174360275,-0.25700050592422485,-0.6549620628356934,0.08077171444892883,-0.2743367850780487,-0.8360701203346252,-0.011094590649008751,-0.27662405371665955,-0.6396304965019226,-0.06380471587181091,-0.2557298243045807,-0.5199968814849854,-0.0820441022515297,-0.13532699644565582,-0.6634185314178467,0.05682091787457466,-0.15483248233795166,-0.821864902973175,-0.03446899726986885,-0.16968145966529846,-0.5960487127304077,-0.058900926262140274,-0.14363710582256317,-0.5016254186630249,-0.04721168056130409,-0.009693935513496399,-0.6450780034065247,0.011495126411318779,-0.031001422554254532,-0.7838725447654724,-0.07428878545761108,-0.058443743735551834,-0.5694566965103149,-0.04120681807398796,-0.0446663536131382,-0.4788988530635834,0.008172676898539066,0.11847714334726334,-0.6016836762428284,-0.03937890753149986,0.08810646086931229,-0.7266000509262085,-0.07164139300584793,0.05048985406756401,-0.5649333000183105,-0.026246612891554832,0.053434599190950394,-0.4787868559360504,0.02219128981232643
A,0.0,0.0,0.0,-0.21981307864189148,-0.17737343907356262,-0.04305433854460716,-0.36241647601127625,-0.4477640390396118,-0.061638738960027695,-0.3996119201183319,-0.7094352841377258,-0.09136088937520981,-0.3968263864517212,-0.917893648147583,-0.1063116043806076,-0.29656246304512024,-0.6817310452461243,0.05061348155140877,-0.3388797640800476,-0.855781614780426,-0.061934132128953934,-0.3214404284954071,-0.6517453789710999,-0.12680156528949738,-0.28599655628204346,-0.540205180644989,-0.1517907828092575,-0.16783088445663452,-0.703196108341217,0.02645304799079895,-0.20360375940799713,-0.8633889555931091,-0.08820143342018127,-0.2030322253704071,-0.6362214088439941,-0.11970658600330353,-0.16817215085029602,-0.5348186492919922,-0.1096542626619339,-0.03305733576416969,-0.6982587575912476,-0.02069992758333683,-0.06630958616733551,-0.827768087387085,-0.11866811662912369,-0.08720003068447113,-0.616670548915863,-0.08721756190061569,-0.07191977649927139,-0.5239574313163757,-0.036985959857702255,0.10420501977205276,-0.6648443937301636,-0.07508305460214615,0.06031569838523865,-0.7738615274429321,-0.11184774339199066,0.02104552835226059,-0.6070287823677063,-0.06911589950323105,0.02060951478779316,-0.5181379914283752,-0.021781204268336296
A,0.0,0.0,0.0,-0.22009721398353577,-0.14166809618473053,-0.07336920499801636,-0.3671916425228119,-0.4434497058391571,-0.09144923835992813,-0.4011625349521637,-0.7159578204154968,-0.1149158924818039,-0.4056823253631592,-0.9140141010284424,-0.11867736279964447,-0.3062135577201843,-0.733231246471405,0.03879891708493233,-0.3462282717227936,-0.8586205244064331,-0.08411405980587006,-0.3116470277309418,-0.6249716281890869,-0.14570443332195282,-0.2789376974105835,-0.5432764291763306,-0.16623224318027496,-0.16267427802085876,-0.7560980319976807,0.02336096577346325,-0.18898944556713104,-0.8536926507949829,-0.10251960903406143,-0.17750106751918793,-0.5737425684928894,-0.1196756362915039,-0.14958655834197998,-0.5164561867713928,-0.09519205242395401,-0.016425639390945435,-0.7376580238342285,-0.02142094448208809,-0.032648809254169464,-0.8149064779281616,-0.1393251121044159,-0.04769111052155495,-0.5547832250595093,-0.09518077969551086,-0.03614860773086548,-0.5023027062416077,-0.0305708646774292,0.13393832743167877,-0.6969943046569824,-0.0771547257900238,0.11773950606584549,-0.7781239151954651,-0.12472489476203918,0.0837354063987732,-0.5837903022766113,-0.07576635479927063,0.08015860617160797,-0.5220325589179993,-0.020464422181248665
A,0.0,0.0,0.0,-0.1927376389503479,-0.07921434938907623,-0.17015929520130157,-0.3134881258010864,-0.2982112169265747,-0.2672913670539856,-0.28935644030570984,-0.5151181221008301,-0.35176482796669006,-0.20713044703006744,-0.6776713728904724,-0.40958884358406067,-0.23143047094345093,-0.8024080395698547,-0.1116175651550293,-0.3114566206932068,-0.95026034116745,-0.26704204082489014,-0.3096174895763397,-0.6631774306297302,-0.33572161197662354,-0.25296205282211304,-0.5879693031311035,-0.3634277582168579,-0.11195673793554306,-0.8327494263648987,-0.09129425138235092,-0.18260613083839417,-0.9816059470176697,-0.2673555314540863,-0.2033064067363739,-0.6600770950317383,-0.2909277379512787,-0.14561347663402557,-0.5966571569442749,-0.25974565744400024,0.01167010422796011,-0.8256341218948364,-0.10235285013914108,-0.05727997422218323,-0.9308043122291565,-0.2632000744342804,-0.0967792496085167,-0.6314206123352051,-0.22143839299678802,-0.052046433091163635,-0.5784564018249512,-0.14963628351688385,0.1380481719970703,-0.792870819568634,-0.1295684576034546,0.07268287241458893,-0.8671118021011353,-0.20640893280506134,0.011977992951869965,-0.650257408618927,-0.1673688143491745,0.03674550727009773,-0.5850440859794617,-0.11308097839355469
A,0.0,0.0,0.0,-0.24169959127902985,-0.11438282579183578,-0.02669759839773178,-0.39272263646125793,-0.43646425008773804,-0.02832074463367462,-0.40989455580711365,-0.71144038438797,-0.04225385561585426,-0.40165403485298157,-0.9157915115356445,-0.042665090411901474,-0.27286475896835327,-0.7236146330833435,0.04720618948340416,-0.352161169052124,-0.8580430150032043,-0.05003898963332176,-0.33991336822509766,-0.6038437485694885,-0.09059222787618637,-0.29235267639160156,-0.5294958353042603,-0.10235454142093658,-0.12582562863826752,-0.7318128943443298,0.015509759075939655,-0.20352798700332642,-0.853370726108551,-0.08942228555679321,-0.21744465827941895,-0.5641924738883972,-0.09466229379177094,-0.16535934805870056,-0.5007756948471069,-0.06577605754137039,0.02699555829167366,-0.7086092829704285,-0.03648936748504639,-0.047843851149082184,-0.8226970434188843,-0.1457444131374359,-0.08026273548603058,-0.5391805171966553,-0.09387879818677902,-0.04379630833864212,-0.4631296396255493,-0.02590360678732395,0.18821389973163605,-0.6675036549568176,-0.09258680045604706,0.10091811418533325,-0.7698626518249512,-0.14230409264564514,0.05607020482420921,-0.5501552224159241,-0.08700297772884369,0.07964743673801422,-0.4616168737411499,-0.026911307126283646
A,0.0,0.0,0.0,-0.22185330092906952,-0.11860992759466171,-0.06852637976408005,-0.36406511068344116,-0.44109007716178894,-0.08027420192956924,-0.3966575562953949,-0.7256389856338501,-0.0939892902970314,-0.37133264541625977,-0.9284998774528503,-0.08502040803432465,-0.2593211233615875,-0.7037972211837769,0.013432689942419529,-0.30458128452301025,-0.8400574326515198,-0.07990346103906631,-0.26723119616508484,-0.5719109177589417,-0.10033046454191208,-0.22691981494426727,-0.519449770450592,-0.09770427644252777,-0.10991116613149643,-0.7107622623443604,0.004651578143239021,-0.14092212915420532,-0.8263776302337646,-0.0982014462351799,-0.13696038722991943,-0.5216024518013,-0.08155640959739685,-0.09912719577550888,-0.49465060234069824,-0.036621689796447754,0.040078770369291306,-0.6885372400283813,-0.029009956866502762,0.02163923904299736,-0.7855894565582275,-0.14481493830680847,0.004762608092278242,-0.5032368302345276,-0.08236093819141388,0.03393968194723129,-0.470320463180542,-0.0040439520962536335,0.19236449897289276,-0.6512152552604675,-0.07010889798402786,0.16841833293437958,-0.7731847763061523,-0.12342466413974762,0.1367209106683731,-0.5674005746841431,-0.0671204924583435,0.1532709002494812,-0.5025274157524109,-0.005019668024033308
A,0.0,0.0,0.0,-0.24054604768753052,-0.12965728342533112,-0.06003342941403389,-0.3787156939506531,-0.43941640853881836,-0.06722153723239899,-0.40925097465515137,-0.7268505096435547,-0.07740907371044159,-0.3852907717227936,-0.9227952361106873,-0.06304774433374405,-0.26852983236312866,-0.7013195157051086,0.028963712975382805,-0.3172135651111603,-0.8319451808929443,-0.04559135064482689,-0.28156059980392456,-0.5631068348884583,-0.056310392916202545,-0.23553438484668732,-0.5241692662239075,-0.052474625408649445,-0.12730951607227325,-0.7089235782623291,0.02166210301220417,-0.17162473499774933,-0.8233970403671265,-0.06921711564064026,-0.16797380149364471,-0.5219928622245789,-0.0499715581536293,-0.11600124090909958,-0.5125928521156311,-0.006452905014157295,0.013320807367563248,-0.684695303440094,-0.008596437983214855,-0.012506733648478985,-0.7877931594848633,-0.10686980187892914,-0.03360982611775398,-0.5170690417289734,-0.04221051186323166,0.007522383704781532,-0.4957633912563324,0.03212813660502434,0.15346932411193848,-0.6484154462814331,-0.04670491814613342,0.1304481476545334,-0.7677209973335266,-0.08389986306428909,0.08537779003381729,-0.5767041444778442,-0.02800532430410385,0.10472005605697632,-0.5228360295295715,0.02911929413676262
A,0.0,0.0,0.0,-0.22118452191352844,-0.14689797163009644,-0.04265414550900459,-0.3504888415336609,-0.460368275642395,-0.045481204986572266,-0.37638118863105774,-0.7358978986740112,-0.058712247759103775,-0.3533211946487427,-0.9355021715164185,-0.05136992037296295,-0.2487463504076004,-0.698820173740387,0.058298226445913315,-0.2903187572956085,-0.8488956093788147,-0.029868412762880325,-0.26934391260147095,-0.6083210110664368,-0.060276374220848083,-0.22901535034179688,-0.5387722253799438,-0.06541082262992859,-0.11277426034212112,-0.7055599093437195,0.04009144753217697,-0.15230681002140045,-0.8179048299789429,-0.05043511837720871,-0.15434974431991577,-0.5413158535957336,-0.043911926448345184,-0.10880430042743683,-0.5126367211341858,-0.010076222941279411,0.024384373798966408,-0.684602677822113,-0.0020967363379895687,-0.004357390571385622,-0.7851911187171936,-0.10022590309381485,-0.025845946744084358,-0.5298304557800293,-0.04382782056927681,0.009648319333791733,-0.4884810745716095,0.025429679080843925,0.16595417261123657,-0.6429610848426819,-0.051350485533475876,0.13814660906791687,-0.7720468640327454,-0.0919053703546524,0.10080686211585999,-0.592001736164093,-0.03781852126121521,0.12077324092388153,-0.5255717635154724,0.01995421014726162
A,0.0,0.0,0.0,-0.22586020827293396,-0.12842823565006256,-0.04741387814283371,-0.36637118458747864,-0.4297945499420166,-0.053038790822029114,-0.3865911066532135,-0.7146635055541992,-0.06765325367450714,-0.37682175636291504,-0.9262857437133789,-0.061007458716630936,-0.28109636902809143,-0.6829347014427185,0.05351698398590088,-0.33001598715782166,-0.8540328741073608,-0.05644671246409416,-0.3039410412311554,-0.6077237725257874,-0.10075242817401886,-0.2636287808418274,-0.5066044330596924,-0.10733300447463989,-0.14018476009368896,-0.6984556317329407,0.03877459466457367,-0.19400754570960999,-0.8037984371185303,-0.0711832121014595,-0.17937201261520386,-0.5196983814239502,-0.07510918378829956,-0.1362832635641098,-0.4808090031147003,-0.042319487780332565,0.0007700232672505081,-0.6926577091217041,-0.001650625723414123,-0.045433588325977325,-0.7738403677940369,-0.11650773882865906,-0.05177426338195801,-0.505222499370575,-0.06499176472425461,-0.017446773126721382,-0.4648517668247223,0.006402797996997833,0.14314348995685577,-0.6714481115341187,-0.04831043258309364,0.09289709478616714,-0.7737606763839722,-0.09758550673723221,0.06663724035024643,-0.5684616565704346,-0.0425252690911293,0.0891459733247757,-0.5033502578735352,0.020029420033097267
A,0.0,0.0,0.0,-0.24413645267486572,-0.1287204921245575,-0.02272072248160839,-0.3927038609981537,-0.4188898205757141,-0.02147992141544819,-0.4286372661590576,-0.6915720105171204,-0.03497731313109398,-0.43422767519950867,-0.9008030891418457,-0.03236142545938492,-0.3042985796928406,-0.66934734582901,0.08272840082645416,-0.3564559519290924,-0.7925407290458679,-0.008448037318885326,-0.3206735849380493,-0.5618197917938232,-0.05306505784392357,-0.2742295563220978,-0.48326990008354187,-0.06611993908882141,-0.17519748210906982,-0.6929223537445068,0.055961329489946365,-0.22647613286972046,-0.780716598033905,-0.03227437660098076,-0.20378611981868744,-0.5176895260810852,-0.039337433874607086,-0.1552239954471588,-0.4778791069984436,-0.016359621658921242,-0.04298471659421921,-0.6908400654792786,0.006939981132745743,-0.08534064143896103,-0.7660927176475525,-0.08693347126245499,-0.08370310068130493,-0.5123366713523865,-0.03949078917503357,-0.045605871826410294,-0.4643819034099579,0.021854620426893234,0.09420700371265411,-0.6686225533485413,-0.04710278660058975,0.04739318788051605,-0.7597809433937073,-0.07864279299974442,0.02835129387676716,-0.5660108327865601,-0.02128876931965351,0.05205048993229866,-0.5018529295921326,0.036840569227933884
A,0.0,0.0,0.0,-0.24304066598415375,-0.12791642546653748,-0.0292600616812706,-0.3952562212944031,-0.4226730167865753,-0.026350682601332664,-0.42753440141677856,-0.699669599533081,-0.03599129617214203,-0.4277227222919464,-0.9039099812507629,-0.026843883097171783,-0.3007756173610687,-0.672116756439209,0.07914529740810394,-0.35544779896736145,-0.8035674691200256,-0.0045285914093256,-0.3172313868999481,-0.5664792656898499,-0.038955386728048325,-0.271258682012558,-0.5015552639961243,-0.046325091272592545,-0.16908778250217438,-0.692995548248291,0.05860533192753792,-0.2237175852060318,-0.7811640501022339,-0.027838557958602905,-0.20405828952789307,-0.5131211876869202,-0.02730146422982216,-0.15395532548427582,-0.48386842012405396,0.0021518024150282145,-0.034584663808345795,-0.6844695210456848,0.015043679624795914,-0.07984301447868347,-0.7692316174507141,-0.07492148876190186,-0.08085954189300537,-0.5177031755447388,-0.022101357579231262,-0.04021456465125084,-0.477047860622406,0.0430687740445137,0.10376475751399994,-0.6598180532455444,-0.03421473875641823,0.054737403988838196,-0.7548275589942932,-0.06144217029213905,0.031230486929416656,-0.5682218074798584,-0.0035312725231051445,0.05714993551373482,-0.5120719075202942,0.054651856422424316
A,0.0,0.0,0.0,-0.24074801802635193,-0.11197830736637115,-0.04376561939716339,-0.37857913970947266,-0.4197222590446472,-0.046017371118068695,-0.4055592119693756,-0.7056944370269775,-0.05627603828907013,-0.41105106472969055,-0.9116123914718628,-0.04762587323784828,-0.28744301199913025,-0.6435220241546631,0.04856058582663536,-0.32961010932922363,-0.7874749302864075,-0.04000135138630867,-0.30655667185783386,-0.5501344203948975,-0.07176534086465836,-0.26641175150871277,-0.48423004150390625,-0.07795621454715729,-0.15501534938812256,-0.6643121242523193,0.032914742827415466,-0.2051970511674881,-0.7603718042373657,-0.056911882013082504,-0.19911380112171173,-0.49101823568344116,-0.051487989723682404,-0.1471487283706665,-0.4732275903224945,-0.020027749240398407,-0.023295864462852478,-0.6545234322547913,-0.006138734985142946,-0.06469366699457169,-0.7392435073852539,-0.10133063793182373,-0.07882121205329895,-0.48474612832069397,-0.04682702198624611,-0.03694798797369003,-0.4519747495651245,0.01846327632665634,0.1104746013879776,-0.628983199596405,-0.05224095284938812,0.06915552914142609,-0.7183763980865479,-0.08881869912147522,0.03610535338521004,-0.5292528867721558,-0.036187198013067245,0.06093805283308029,-0.47147905826568604,0.018283389508724213
A,0.0,0.0,0.0,-0.24624614417552948,-0.10911166667938232,-0.0401424802839756,-0.3968676030635834,-0.4095322787761688,-0.040862683206796646,-0.42258748412132263,-0.6957746744155884,-0.05147011950612068,-0.42387333512306213,-0.9057214856147766,-0.044223353266716,-0.30826669931411743,-0.6420950889587402,0.06400328129529953,-0.3573521077632904,-0.7801507115364075,-0.021847400814294815,-0.325200617313385,-0.5465880036354065,-0.05515684187412262,-0.28248000144958496,-0.479257732629776,-0.06222160533070564,-0.17733395099639893,-0.6614667773246765,0.046923525631427765,-0.2267732322216034,-0.763587474822998,-0.04183726757764816,-0.212054044008255,-0.49179553985595703,-0.0392879992723465,-0.16562703251838684,-0.4635794460773468,-0.009182453155517578,-0.04588755965232849,-0.6505230069160461,0.006093732547014952,-0.08282741904258728,-0.7524758577346802,-0.09260369092226028,-0.08887425810098648,-0.4921315610408783,-0.040625058114528656,-0.053291283547878265,-0.44454890489578247,0.025133807212114334,0.09000124037265778,-0.6235583424568176,-0.04075101017951965,0.04484022408723831,-0.7300689816474915,-0.08212165534496307,0.01897495426237583,-0.5342697501182556,-0.02861189655959606,0.03834020346403122,-0.46373477578163147,0.02828521654009819
A,0.0,0.0,0.0,-0.24446819722652435,-0.10551171004772186,-0.03582305833697319,-0.3943400979042053,-0.402973473072052,-0.03320017457008362,-0.4263918697834015,-0.6922844052314758,-0.04213160648941994,-0.42920801043510437,-0.9032055735588074,-0.03398766368627548,-0.3132551908493042,-0.6304369568824768,0.07400649040937424,-0.3621612787246704,-0.7828200459480286,-0.010617127642035484,-0.326199471950531,-0.5487840175628662,-0.04253776744008064,-0.28186875581741333,-0.48297539353370667,-0.04810081794857979,-0.1802983283996582,-0.6546717882156372,0.05497957766056061,-0.22840848565101624,-0.7696882486343384,-0.03304869681596756,-0.21513208746910095,-0.4977724552154541,-0.03346942365169525,-0.1712968796491623,-0.46986037492752075,-0.0043412852101027966,-0.04612167179584503,-0.6492148041725159,0.012262048199772835,-0.08390859514474869,-0.7518447637557983,-0.08712741732597351,-0.09052403271198273,-0.4864303171634674,-0.03859906643629074,-0.056519459933042526,-0.4408757984638214,0.026090987026691437,0.0927506759762764,-0.6277323961257935,-0.03564779460430145,0.04416130110621452,-0.7355386018753052,-0.07459903508424759,0.019946297630667686,-0.5352835059165955,-0.020319072529673576,0.04162820056080818,-0.46500909328460693,0.03712945803999901
A,0.0,0.0,0.0,-0.258959025144577,-0.12338506430387497,-0.019177261739969254,-0.42094630002975464,-0.41954654455184937,-0.017755428329110146,-0.4446057975292206,-0.7003044486045837,-0.033502861857414246,-0.4394577443599701,-0.8982632756233215,-0.03489689528942108,-0.3215913772583008,-0.6653684377670288,0.06172739714384079,-0.36909282207489014,-0.8419544100761414,-0.029801184311509132,-0.35241997241973877,-0.6089799404144287,-0.0665113627910614,-0.3143218159675598,-0.535893440246582,-0.07664886116981506,-0.18209834396839142,-0.6883171200752258,0.027235496789216995,-0.23024338483810425,-0.8256837725639343,-0.06885364651679993,-0.23640954494476318,-0.5507948994636536,-0.07253691554069519,-0.1918649673461914,-0.5112573504447937,-0.046892326325178146,-0.04116964712738991,-0.6827009320259094,-0.028175797313451767,-0.08301877230405807,-0.8017926216125488,-0.13033825159072876,-0.1051846593618393,-0.5361450910568237,-0.08113866299390793,-0.06864164769649506,-0.4773738980293274,-0.018226049840450287,0.10567454248666763,-0.6594666242599487,-0.08773971349000931,0.05695704370737076,-0.7890029549598694,-0.13171134889125824,0.025168946012854576,-0.5978997945785522,-0.07789290696382523,0.05199958384037018,-0.5266088843345642,-0.021297158673405647
B,0.0,0.0,0.0,-0.11424639075994492,-0.0985984355211258,-0.03518468514084816,-0.16592034697532654,-0.2619993984699249,-0.056298721581697464,-0.13374269008636475,-0.4023391306400299,-0.07856293022632599,-0.08428217470645905,-0.4908660650253296,-0.10038570314645767,-0.16007594764232635,-0.5065675973892212,-0.006690477021038532,-0.16767257452011108,-0.7006025314331055,-0.03874468803405762,-0.16325967013835907,-0.817560076713562,-0.07474587112665176,-0.155774787068367,-0.9199277758598328,-0.1029120460152626,-0.08747661113739014,-0.5256178379058838,-0.020958086475729942,-0.09203610569238663,-0.7496711611747742,-0.042950183153152466,-0.08972720056772232,-0.8815862536430359,-0.07490362226963043,-0.08721786737442017,-0.996189296245575,-0.10076203942298889,-0.01765349879860878,-0.5043202638626099,-0.042682912200689316,-0.018837377429008484,-0.7117189764976501,-0.06142941489815712,-0.019942738115787506,-0.8357804417610168,-0.08151911944150925,-0.02114655263721943,-0.9419590830802917,-0.09994034469127655,0.05593551695346832,-0.45062217116355896,-0.07020913064479828,0.058367013931274414,-0.6080514192581177,-0.08401554077863693,0.05896071717143059,-0.7085254788398743,-0.08717843145132065,0.058258116245269775,-0.7987188696861267,-0.09226801991462708
B,0.0,0.0,0.0,-0.1132168173789978,-0.09802285581827164,-0.03773193433880806,-0.16281230747699738,-0.2638051211833954,-0.05859227105975151,-0.12597516179084778,-0.4028772711753845,-0.0800672322511673,-0.07997078448534012,-0.48869988322257996,-0.10120458900928497,-0.15915623307228088,-0.5018842816352844,-0.008910243399441242,-0.16777227818965912,-0.6976697444915771,-0.04074525088071823,-0.16412681341171265,-0.8155312538146973,-0.07602208107709885,-0.15747034549713135,-0.9194006323814392,-0.1037726104259491,-0.08493578433990479,-0.5239123106002808,-0.02173662930727005,-0.09088654816150665,-0.7491768598556519,-0.04337982460856438,-0.08917443454265594,-0.8812742829322815,-0.0751577615737915,-0.0875745564699173,-0.9961579442024231,-0.10102445632219315,-0.01428823359310627,-0.5034437775611877,-0.042200177907943726,-0.015333116985857487,-0.7111881375312805,-0.06076868623495102,-0.015835242345929146,-0.8348361253738403,-0.08160454034805298,-0.016752658411860466,-0.9409969449043274,-0.10078279674053192,0.058416061103343964,-0.4501578211784363,-0.06867755204439163,0.062172289937734604,-0.6045628190040588,-0.08252875506877899,0.06420335173606873,-0.7047337293624878,-0.08653524518013,0.06533656269311905,-0.795246422290802,-0.09256325662136078
B,0.0,0.0,0.0,-0.11196280270814896,-0.09905452281236649,-0.03591017797589302,-0.16195140779018402,-0.2642078101634979,-0.056103453040122986,-0.12789291143417358,-0.4038757085800171,-0.07719315588474274,-0.08624264597892761,-0.492396742105484,-0.09781333059072495,-0.15939533710479736,-0.5030891299247742,-0.007335069589316845,-0.16776801645755768,-0.6986476182937622,-0.039042163640260696,-0.16389182209968567,-0.8160918354988098,-0.07411625981330872,-0.1570834070444107,-0.9197806119918823,-0.1016196757555008,-0.0857895240187645,-0.525109589099884,-0.0210767462849617,-0.0910361036658287,-0.7496519684791565,-0.04278341308236122,-0.08901096135377884,-0.8813467621803284,-0.0739988461136818,-0.08695526421070099,-0.9962121844291687,-0.0993770882487297,-0.015238676220178604,-0.5050970315933228,-0.04238138720393181,-0.016405504196882248,-0.7132274508476257,-0.06107766181230545,-0.01688850112259388,-0.8374336361885071,-0.08106794953346252,-0.017408298328518867,-0.944879949092865,-0.0996088832616806,0.05776137858629227,-0.4520595669746399,-0.06956566125154495,0.05966702848672867,-0.6079140901565552,-0.08380614966154099,0.060303330421447754,-0.7082598209381104,-0.08736105263233185,0.06004424765706062,-0.7990335822105408,-0.09286226332187653
B,0.0,0.0,0.0,-0.1145608052611351,-0.09904839843511581,-0.03547704592347145,-0.16800598800182343,-0.26209449768066406,-0.05520492047071457,-0.1373312771320343,-0.4028623104095459,-0.0757569819688797,-0.09571767598390579,-0.4932936429977417,-0.09517604112625122,-0.16317926347255707,-0.508605420589447,-0.003964174538850784,-0.17140664160251617,-0.7038314938545227,-0.034403178840875626,-0.16658362746238708,-0.8210133910179138,-0.06897729635238647,-0.15903718769550323,-0.9234264492988586,-0.09594050794839859,-0.09021852165460587,-0.5301123261451721,-0.016667582094669342,-0.09566552937030792,-0.7532250881195068,-0.03667699173092842,-0.09404198080301285,-0.8831390738487244,-0.06614893674850464,-0.09203779697418213,-0.9957555532455444,-0.09013480693101883,-0.01943427324295044,-0.5104787349700928,-0.037133507430553436,-0.021939126774668694,-0.7173178195953369,-0.05367812141776085,-0.023888425901532173,-0.8407402634620667,-0.07136070728302002,-0.025572335347533226,-0.9467272758483887,-0.08828913420438766,0.05513770878314972,-0.4575313627719879,-0.0636603832244873,0.05656785890460014,-0.6127519607543945,-0.07561621069908142,0.05560881271958351,-0.7116212844848633,-0.07732626050710678,0.053777359426021576,-0.8008231520652771,-0.08132109045982361
B,0.0,0.0,0.0,-0.11285358667373657,-0.0962647795677185,-0.03944085165858269,-0.165409654378891,-0.2593832314014435,-0.059160348027944565,-0.13609294593334198,-0.40198075771331787,-0.07859637588262558,-0.10253170877695084,-0.49474769830703735,-0.09617630392313004,-0.16255596280097961,-0.5085123181343079,-0.005074772518128157,-0.17102037370204926,-0.7027564644813538,-0.03504977002739906,-0.16720591485500336,-0.8196125030517578,-0.06978940963745117,-0.16115863621234894,-0.9228084087371826,-0.0968896895647049,-0.09009521454572678,-0.5294171571731567,-0.01521732471883297,-0.0965801551938057,-0.7512103319168091,-0.03511468693614006,-0.09610390663146973,-0.8810779452323914,-0.06534683704376221,-0.09526123106479645,-0.995452344417572,-0.08995906263589859,-0.020738819614052773,-0.5093207359313965,-0.033495333045721054,-0.02287442237138748,-0.7152185440063477,-0.05010572075843811,-0.02451319433748722,-0.8395542502403259,-0.06917770951986313,-0.025328652933239937,-0.9472216367721558,-0.0870911255478859,0.05236757546663284,-0.45711618661880493,-0.05817699804902077,0.054855525493621826,-0.611506998538971,-0.07071998715400696,0.05495722219347954,-0.7113860845565796,-0.07404223084449768,0.055208005011081696,-0.802506148815155,-0.07912655174732208
B,0.0,0.0,0.0,-0.11465669423341751,-0.10065442323684692,-0.034670326858758926,-0.16477616131305695,-0.2646179795265198,-0.05434640496969223,-0.13637380301952362,-0.4064308702945709,-0.07486505061388016,-0.10069488734006882,-0.5008648037910461,-0.0943087562918663,-0.160792738199234,-0.5026172995567322,-0.005485374480485916,-0.17012903094291687,-0.7004552483558655,-0.03700141981244087,-0.16648899018764496,-0.8186036944389343,-0.07188445329666138,-0.15974101424217224,-0.9233541488647461,-0.09889183938503265,-0.08813361823558807,-0.5237468481063843,-0.018889615312218666,-0.09539836645126343,-0.7477754354476929,-0.04071925953030586,-0.09449612349271774,-0.8797321319580078,-0.07208198308944702,-0.0931302085518837,-0.9956539869308472,-0.09740495681762695,-0.01766376383602619,-0.5042961239814758,-0.03975915163755417,-0.021042030304670334,-0.712003231048584,-0.05880042910575867,-0.02218024805188179,-0.8374799489974976,-0.07879385352134705,-0.02313326671719551,-0.9459425210952759,-0.09697932004928589,0.05716127157211304,-0.4530194401741028,-0.06626620888710022,0.058104921132326126,-0.6104393601417542,-0.080828458070755,0.05739942565560341,-0.7116344571113586,-0.08455643802881241,0.055717285722494125,-0.8032354116439819,-0.08976703882217407
B,0.0,0.0,0.0,-0.11525382101535797,-0.09995155781507492,-0.031090382486581802,-0.16859115660190582,-0.2648724615573883,-0.05019665136933327,-0.13060499727725983,-0.3987847864627838,-0.07153131067752838,-0.07990322262048721,-0.47431960701942444,-0.09336204081773758,-0.15968404710292816,-0.5025397539138794,-0.005912465043365955,-0.16961178183555603,-0.6956613063812256,-0.03768159821629524,-0.16738969087600708,-0.8119547367095947,-0.07292424887418747,-0.16203413903713226,-0.914894700050354,-0.10064848512411118,-0.08642950654029846,-0.5232753157615662,-0.02223300002515316,-0.09516587853431702,-0.7466239929199219,-0.04437966272234917,-0.09648891538381577,-0.8794807195663452,-0.07585972547531128,-0.09648604691028595,-0.9953343272209167,-0.10146066546440125,-0.01553980354219675,-0.503520667552948,-0.04560360312461853,-0.018261287361383438,-0.7110482454299927,-0.06424151360988617,-0.020705759525299072,-0.8369640111923218,-0.08498462289571762,-0.0231632087379694,-0.9451637268066406,-0.10392717272043228,0.05795487388968468,-0.4507690370082855,-0.0744982436299324,0.05964125320315361,-0.6074447631835938,-0.08870355784893036,0.05750042572617531,-0.7101083993911743,-0.09284083545207977,0.05416331812739372,-0.8026796579360962,-0.09880264848470688
B,0.0,0.0,0.0,-0.11461911350488663,-0.09314581751823425,-0.034308016300201416,-0.16951262950897217,-0.25478893518447876,-0.05466824397444725,-0.1350935995578766,-0.3923807144165039,-0.07653967291116714,-0.0842568501830101,-0.47640737891197205,-0.09838753193616867,-0.16329194605350494,-0.5013940930366516,-0.008332105353474617,-0.17262671887874603,-0.6962529420852661,-0.03993266448378563,-0.17067326605319977,-0.8135250210762024,-0.07462803274393082,-0.1656820923089981,-0.9162119626998901,-0.10193055868148804,-0.08920495212078094,-0.5219722390174866,-0.023431841284036636,-0.09766143560409546,-0.7465564012527466,-0.04537832364439964,-0.10012468695640564,-0.8800287842750549,-0.07658341526985168,-0.10124686360359192,-0.994861364364624,-0.10190209001302719,-0.017369916662573814,-0.5016605257987976,-0.04580943286418915,-0.020599626004695892,-0.7085880637168884,-0.06487652659416199,-0.023447532206773758,-0.8342675566673279,-0.08570052683353424,-0.02562898024916649,-0.9426957368850708,-0.10460168868303299,0.055581994354724884,-0.4480190873146057,-0.07389908283948898,0.05790746584534645,-0.6053305864334106,-0.08907794207334518,0.05709521472454071,-0.7083784341812134,-0.09379756450653076,0.055874258279800415,-0.8019030690193176,-0.09989183396100998
B,0.0,0.0,0.0,-0.11181152611970901,-0.09317678958177567,-0.03415095433592796,-0.16661831736564636,-0.2570130228996277,-0.053471751511096954,-0.13916969299316406,-0.40062153339385986,-0.07393701374530792,-0.0994732603430748,-0.4934515655040741,-0.09371735900640488,-0.16283293068408966,-0.502373218536377,-0.007121032569557428,-0.17494001984596252,-0.698682963848114,-0.03889569267630577,-0.17345722019672394,-0.8161353468894958,-0.07357149571180344,-0.16821685433387756,-0.9190754294395447,-0.10057931393384933,-0.09154126793146133,-0.5253124237060547,-0.021573377773165703,-0.10245385020971298,-0.7490113377571106,-0.04358920082449913,-0.10433338582515717,-0.8810180425643921,-0.074249267578125,-0.10496074706315994,-0.994476318359375,-0.0989205464720726,-0.021574953570961952,-0.5066276788711548,-0.04339149221777916,-0.026882709935307503,-0.7135859131813049,-0.0625908300280571,-0.029700180515646935,-0.8389378786087036,-0.08238159120082855,-0.03196549788117409,-0.9468237161636353,-0.10059264302253723,0.05203982815146446,-0.45466431975364685,-0.07090263068675995,0.05370235815644264,-0.6104966998100281,-0.086179718375206,0.053568270057439804,-0.7120946049690247,-0.09050582349300385,0.052537694573402405,-0.8036097884178162,-0.09619937092065811
B,0.0,0.0,0.0,-0.11131011694669724,-0.09399554133415222,-0.03546543046832085,-0.1664697527885437,-0.25691065192222595,-0.05455739423632622,-0.140909343957901,-0.4009251892566681,-0.07441525161266327,-0.10797388106584549,-0.49978336691856384,-0.09298965334892273,-0.16381283104419708,-0.504813015460968,-0.005960427690297365,-0.17557159066200256,-0.7004743814468384,-0.03788132593035698,-0.17260462045669556,-0.8178843855857849,-0.07273642718791962,-0.16577322781085968,-0.9202752709388733,-0.09964216500520706,-0.09303862601518631,-0.5283051133155823,-0.019137710332870483,-0.1033366397023201,-0.7511125206947327,-0.04085302725434303,-0.1047368273139,-0.8819613456726074,-0.07086187601089478,-0.10499978065490723,-0.9944722652435303,-0.09514618664979935,-0.023987572640180588,-0.509725034236908,-0.04011564701795578,-0.028580138459801674,-0.7161391377449036,-0.05889188125729561,-0.030906297266483307,-0.8401337265968323,-0.07749718427658081,-0.03253700211644173,-0.9467800855636597,-0.09500493109226227,0.049144547432661057,-0.45729905366897583,-0.06705985218286514,0.051813989877700806,-0.611615777015686,-0.08175677806138992,0.05226035788655281,-0.7119628190994263,-0.08546167612075806,0.05173957347869873,-0.802546501159668,-0.0908069834113121
B,0.0,0.0,0.0,-0.11078391969203949,-0.09898622334003448,-0.032614439725875854,-0.16230842471122742,-0.26399609446525574,-0.04963654279708862,-0.13130222260951996,-0.4051697850227356,-0.06815151870250702,-0.09607701003551483,-0.4920462667942047,-0.08578266948461533,-0.15830908715724945,-0.5031483769416809,-0.0018077307613566518,-0.16973601281642914,-0.6978775262832642,-0.031001275405287743,-0.1684270203113556,-0.8142592310905457,-0.0644516795873642,-0.16386359930038452,-0.9157103300094604,-0.09026546031236649,-0.08827054500579834,-0.5242973566055298,-0.01567775383591652,-0.09783874452114105,-0.7488389015197754,-0.03472662717103958,-0.10029914230108261,-0.8816864490509033,-0.06381959468126297,-0.10092584043741226,-0.9948939681053162,-0.08724046498537064,-0.018363887444138527,-0.5054505467414856,-0.03691700100898743,-0.022662580013275146,-0.7145860195159912,-0.052666645497083664,-0.025413936004042625,-0.8407379984855652,-0.07046225666999817,-0.026186183094978333,-0.9477688074111938,-0.08710740506649017,0.05540088936686516,-0.4543921649456024,-0.06402421742677689,0.05744452029466629,-0.6115475296974182,-0.07552278786897659,0.05735078081488609,-0.7134333848953247,-0.07708784192800522,0.05813547223806381,-0.8043065071105957,-0.08065705746412277
B,0.0,0.0,0.0,-0.11238705366849899,-0.0907151997089386,-0.041187845170497894,-0.16688492894172668,-0.24910449981689453,-0.06465332955121994,-0.13569900393486023,-0.3902462422847748,-0.08772224187850952,-0.10060609877109528,-0.48646122217178345,-0.10967585444450378,-0.16534298658370972,-0.49802470207214355,-0.017516426742076874,-0.17447860538959503,-0.696550190448761,-0.05257594585418701,-0.16926291584968567,-0.8162292838096619,-0.08956529945135117,-0.1602153182029724,-0.9211021065711975,-0.11780904978513718,-0.09391612559556961,-0.5202121138572693,-0.029032526537775993,-0.1023489311337471,-0.7462265491485596,-0.05284849926829338,-0.10233882069587708,-0.879266083240509,-0.0848621353507042,-0.10112704336643219,-0.9948734641075134,-0.11076561361551285,-0.02406344935297966,-0.5009923577308655,-0.048206884413957596,-0.028060361742973328,-0.7114549279212952,-0.06808926165103912,-0.030141597613692284,-0.835309624671936,-0.08800619840621948,-0.030955784022808075,-0.9417353868484497,-0.10650702565908432,0.04972628131508827,-0.4478358328342438,-0.07371509075164795,0.05248580500483513,-0.6036681532859802,-0.08864663541316986,0.054299287497997284,-0.702951192855835,-0.09260044246912003,0.055834364145994186,-0.7916690111160278,-0.09828762710094452
B,0.0,0.0,0.0,-0.11424954235553741,-0.09123893082141876,-0.03928377851843834,-0.17249754071235657,-0.25194281339645386,-0.062054555863142014,-0.1363426297903061,-0.390559583902359,-0.08496619015932083,-0.08374544978141785,-0.4722166955471039,-0.10694075375795364,-0.16929690539836884,-0.5011115670204163,-0.014306739903986454,-0.1771721988916397,-0.7000108361244202,-0.04631064087152481,-0.1718384474515915,-0.8178730607032776,-0.08121947944164276,-0.16325505077838898,-0.9221911430358887,-0.10882176458835602,-0.09726762771606445,-0.5218430161476135,-0.02630981244146824,-0.10410051047801971,-0.7483067512512207,-0.04706301540136337,-0.10300232470035553,-0.8801234364509583,-0.07695993781089783,-0.10110103338956833,-0.9948761463165283,-0.10194796323776245,-0.026767602190375328,-0.5011148452758789,-0.045854758471250534,-0.029110291972756386,-0.7092385292053223,-0.06268292665481567,-0.029563356190919876,-0.8318739533424377,-0.08200488984584808,-0.029860060662031174,-0.9371393322944641,-0.10060577839612961,0.047324907034635544,-0.4473856985569,-0.07176526635885239,0.05077623203396797,-0.6024667024612427,-0.08418331295251846,0.052153073251247406,-0.7013477683067322,-0.08763163536787033,0.053247593343257904,-0.78983473777771,-0.09347207844257355
B,0.0,0.0,0.0,-0.11539220064878464,-0.09261143207550049,-0.03900894150137901,-0.17191700637340546,-0.25332218408584595,-0.059233058243989944,-0.13661973178386688,-0.39235904812812805,-0.07946397364139557,-0.09008056670427322,-0.4748794138431549,-0.09837224334478378,-0.16946613788604736,-0.5011704564094543,-0.0071329278871417046,-0.17830832302570343,-0.6979178786277771,-0.035814251750707626,-0.17497029900550842,-0.8145602345466614,-0.06951367110013962,-0.16911691427230835,-0.9165525436401367,-0.09614375233650208,-0.09657825529575348,-0.5236700177192688,-0.01764381118118763,-0.10366367548704147,-0.7506310939788818,-0.03502267599105835,-0.1043795496225357,-0.8821814656257629,-0.06382045149803162,-0.10410147160291672,-0.9945666790008545,-0.08794531226158142,-0.02579677477478981,-0.5044984221458435,-0.035952989012002945,-0.027353687211871147,-0.7139809727668762,-0.0492800697684288,-0.02742905542254448,-0.8383263945579529,-0.06714387983083725,-0.026566796004772186,-0.9433435797691345,-0.08506213128566742,0.04777446761727333,-0.451675683259964,-0.06077984347939491,0.05195692926645279,-0.6035136580467224,-0.06963993608951569,0.05429624021053314,-0.7011783719062805,-0.07060259580612183,0.05758148059248924,-0.7878048419952393,-0.07481513917446136
B,0.0,0.0,0.0,-0.11493154615163803,-0.09281782805919647,-0.03911786153912544,-0.17134572565555573,-0.2547183036804199,-0.05935352295637131,-0.14039646089076996,-0.39774447679519653,-0.07944105565547943,-0.10259053856134415,-0.48863622546195984,-0.09791459143161774,-0.17243218421936035,-0.5003072023391724,-0.008960306644439697,-0.18304747343063354,-0.6980172395706177,-0.039489082992076874,-0.18043820559978485,-0.8159902095794678,-0.07341758161783218,-0.17476987838745117,-0.9192833304405212,-0.0996580496430397,-0.10003219544887543,-0.5228894948959351,-0.01990748941898346,-0.10939411073923111,-0.7486476302146912,-0.039648424834012985,-0.11105760931968689,-0.8805489540100098,-0.06872912496328354,-0.11098961532115936,-0.9938215613365173,-0.09227412194013596,-0.02890385314822197,-0.5036396980285645,-0.03864385560154915,-0.03293218836188316,-0.712676465511322,-0.05459175258874893,-0.03554307669401169,-0.8370563387870789,-0.07229648530483246,-0.03651437908411026,-0.9436056017875671,-0.089260995388031,0.045694343745708466,-0.4512139558792114,-0.06375303119421005,0.047348301857709885,-0.6059206128120422,-0.0754239484667778,0.04838572442531586,-0.7058621048927307,-0.07721661776304245,0.05046849325299263,-0.7957031726837158,-0.08114739507436752
B,0.0,0.0,0.0,-0.11624620109796524,-0.10132908821105957,-0.03533298894762993,-0.1748054325580597,-0.26470714807510376,-0.05333415046334267,-0.14651480317115784,-0.40808191895484924,-0.07230807095766068,-0.11039166152477264,-0.4988180100917816,-0.08873550593852997,-0.17271816730499268,-0.5144218802452087,0.001693152473308146,-0.1843038648366928,-0.7124487161636353,-0.030929654836654663,-0.1835700422525406,-0.8340892791748047,-0.06732673197984695,-0.18128857016563416,-0.9381572008132935,-0.09504717588424683,-0.10348609834909439,-0.5312894582748413,-0.011858276091516018,-0.1155950203537941,-0.7498446702957153,-0.034760646522045135,-0.11921486258506775,-0.88052898645401,-0.06631133705377579,-0.12027959525585175,-0.9927400350570679,-0.09043633192777634,-0.034783702343702316,-0.5086137652397156,-0.033681873232126236,-0.040928952395915985,-0.7122617959976196,-0.05415009334683418,-0.043328963220119476,-0.8381054401397705,-0.07230772823095322,-0.04331390932202339,-0.9452940821647644,-0.08793807029724121,0.040821969509124756,-0.4525402784347534,-0.06168336793780327,0.04863232001662254,-0.6055471897125244,-0.07735197246074677,0.05274232476949692,-0.7072420120239258,-0.07910362631082535,0.05780469998717308,-0.7979846596717834,-0.08148639649152756
B,0.0,0.0,0.0,-0.10454507917165756,-0.10478434711694717,-0.03158668801188469,-0.15465320646762848,-0.2616345286369324,-0.04804300516843796,-0.13252077996730804,-0.40524783730506897,-0.06586853414773941,-0.10887902230024338,-0.5047614574432373,-0.08057720214128494,-0.15081606805324554,-0.5253047347068787,0.005749463569372892,-0.160299614071846,-0.7160432934761047,-0.021503442898392677,-0.15725630521774292,-0.8287171125411987,-0.05402762442827225,-0.15178042650222778,-0.9247100949287415,-0.07956686615943909,-0.07978502660989761,-0.5446606874465942,-0.00849141925573349,-0.08988406509160995,-0.7620988488197327,-0.02715766243636608,-0.09100210666656494,-0.8898203372955322,-0.05411708727478981,-0.09135749936103821,-0.9958181381225586,-0.07553567737340927,-0.008064029738307,-0.5242030620574951,-0.030826114118099213,-0.01171772088855505,-0.727687656879425,-0.04863397777080536,-0.01581737771630287,-0.8449310660362244,-0.06312777101993561,-0.021224524825811386,-0.9457930326461792,-0.07622500509023666,0.07135270535945892,-0.4704243540763855,-0.05903768911957741,0.07605596631765366,-0.6298743486404419,-0.07417307049036026,0.07505378872156143,-0.728926956653595,-0.07591809332370758,0.07101736962795258,-0.8180968761444092,-0.0779515728354454
B,0.0,0.0,0.0,-0.10106504708528519,-0.10897386819124222,-0.03003409318625927,-0.14499600231647491,-0.27238795161247253,-0.04692631587386131,-0.11480339616537094,-0.4078321158885956,-0.0659833773970604,-0.0857602134346962,-0.4938247501850128,-0.08390188217163086,-0.12867766618728638,-0.5168896317481995,-0.0010131116723641753,-0.13495327532291412,-0.7081511616706848,-0.033657319843769073,-0.12857677042484283,-0.824805498123169,-0.06875046342611313,-0.11975925415754318,-0.926665723323822,-0.09538950026035309,-0.05818187817931175,-0.5298582911491394,-0.01728721521794796,-0.061604924499988556,-0.7480076551437378,-0.040934640914201736,-0.05783718451857567,-0.8812676072120667,-0.07084538787603378,-0.052985165268182755,-0.9985952973365784,-0.09409429877996445,0.009948325343430042,-0.5054208636283875,-0.04118669033050537,0.009502368047833443,-0.7064788937568665,-0.061890859156847,0.007297561038285494,-0.8267812132835388,-0.07853306084871292,0.005137937609106302,-0.93277508020401,-0.09289395809173584,0.0817311629652977,-0.4499306380748749,-0.07082252949476242,0.08486082404851913,-0.6048634648323059,-0.08644560724496841,0.08410005271434784,-0.7035712599754333,-0.08877478539943695,0.08110398799180984,-0.7932721972465515,-0.09175772964954376
B,0.0,0.0,0.0,-0.09574106335639954,-0.11282037943601608,-0.03187677264213562,-0.13478688895702362,-0.28330937027931213,-0.0507432222366333,-0.09368165582418442,-0.4168454706668854,-0.07199122756719589,-0.04278789460659027,-0.4705306887626648,-0.09299083799123764,-0.122072234749794,-0.5234265923500061,-0.003683007089421153,-0.1256120800971985,-0.7148082256317139,-0.03480687364935875,-0.12079717218875885,-0.8305583000183105,-0.06926237791776657,-0.11531029641628265,-0.9337930083274841,-0.09690653532743454,-0.05085097625851631,-0.5344017744064331,-0.020438285544514656,-0.05118299648165703,-0.7511451244354248,-0.04284494370222092,-0.04761316627264023,-0.88263338804245,-0.07241059094667435,-0.04454416781663895,-0.9990074038505554,-0.09609634429216385,0.01923355832695961,-0.507526159286499,-0.0445835180580616,0.021264076232910156,-0.7090823650360107,-0.06477528065443039,0.023127853870391846,-0.8291863799095154,-0.08238506317138672,0.02276170440018177,-0.9357012510299683,-0.09760405868291855,0.09124647080898285,-0.450397253036499,-0.07468792051076889,0.09705036878585815,-0.60575270652771,-0.08968380093574524,0.09926408529281616,-0.7046443223953247,-0.09195587784051895,0.0991361066699028,-0.7935661673545837,-0.095565564930439
B,0.0,0.0,0.0,-0.10409072041511536,-0.11725763976573944,-0.03887317702174187,-0.14085902273654938,-0.2766939699649811,-0.06506133824586868,-0.09572555869817734,-0.40369606018066406,-0.09217258542776108,-0.04377460479736328,-0.45750054717063904,-0.11768222600221634,-0.13922962546348572,-0.5223352909088135,-0.011422818526625633,-0.14669856429100037,-0.7213551998138428,-0.04546818509697914,-0.14324164390563965,-0.8385975956916809,-0.08235665410757065,-0.13737791776657104,-0.9430637955665588,-0.11071869730949402,-0.06810418516397476,-0.5315589904785156,-0.024712640792131424,-0.07411936670541763,-0.7496757507324219,-0.04790797457098961,-0.07380495220422745,-0.8821128010749817,-0.08007854223251343,-0.07136684656143188,-0.9974501132965088,-0.10594718903303146,0.001784730120562017,-0.5047365427017212,-0.04543260857462883,0.0049773952923715115,-0.7108736038208008,-0.0640406385064125,0.004511629696935415,-0.8312424421310425,-0.08316218107938766,0.0041229878552258015,-0.9365209341049194,-0.10020511597394943,0.07496736943721771,-0.4497275948524475,-0.07260137796401978,0.07883758842945099,-0.607704758644104,-0.0859261155128479,0.0795929953455925,-0.706487774848938,-0.08741681277751923,0.08075203001499176,-0.7950015664100647,-0.09029751271009445
B,0.0,0.0,0.0,-0.1077265739440918,-0.1147356629371643,-0.04131579399108887,-0.14916712045669556,-0.2822376489639282,-0.06794093549251556,-0.09628217667341232,-0.4139386713504791,-0.09509439021348953,-0.027072284370660782,-0.4489477276802063,-0.12134403735399246,-0.14515404403209686,-0.5240499973297119,-0.013614467345178127,-0.14755171537399292,-0.7201551795005798,-0.04881511628627777,-0.1421133428812027,-0.8374810814857483,-0.08655717968940735,-0.1355217695236206,-0.943061113357544,-0.11653419584035873,-0.07261441648006439,-0.5334711074829102,-0.0269768126308918,-0.07626555114984512,-0.747860312461853,-0.053039491176605225,-0.07462657243013382,-0.8794561624526978,-0.0869157686829567,-0.07235902547836304,-0.9973787069320679,-0.11408505588769913,-0.0023979083634912968,-0.5044934153556824,-0.04803650081157684,0.0035402155481278896,-0.7076187133789062,-0.07093559950590134,0.005462192464619875,-0.8314024806022644,-0.09343842417001724,0.006889513228088617,-0.9424870014190674,-0.11248559504747391,0.07023084163665771,-0.4461615979671478,-0.07565099745988846,0.07734090089797974,-0.5991913676261902,-0.0936879813671112,0.07773316651582718,-0.7009344696998596,-0.09914570301771164,0.07781114429235458,-0.7944322824478149,-0.10512427240610123
B,0.0,0.0,0.0,-0.10821516066789627,-0.10933642089366913,-0.04744892939925194,-0.15386654436588287,-0.2828286290168762,-0.07632295787334442,-0.09022197872400284,-0.4105897545814514,-0.10376393795013428,-0.0013896861346438527,-0.434974730014801,-0.13081997632980347,-0.14602477848529816,-0.5110359787940979,-0.029854515567421913,-0.1509445458650589,-0.7064365744590759,-0.06685063242912292,-0.14689236879348755,-0.8274140357971191,-0.1037561371922493,-0.13854900002479553,-0.9353678226470947,-0.13300026953220367,-0.07064983248710632,-0.5235431790351868,-0.04029199481010437,-0.07734081894159317,-0.737090528011322,-0.06853201985359192,-0.07796332240104675,-0.8746005892753601,-0.1020595133304596,-0.07593283802270889,-0.9971129894256592,-0.1282932311296463,0.00301908771507442,-0.4935261309146881,-0.05803953856229782,0.0034547154791653156,-0.6941743493080139,-0.0842483788728714,0.0014031815808266401,-0.8238376379013062,-0.11124303191900253,-0.0004930406576022506,-0.941318690776825,-0.13244177401065826,0.07623442262411118,-0.432289719581604,-0.08222923427820206,0.08719991892576218,-0.5837674736976624,-0.10541990399360657,0.08970446139574051,-0.6903446316719055,-0.11643961817026138,0.09168760478496552,-0.7890926003456116,-0.12554563581943512
B,0.0,0.0,0.0,-0.1088859885931015,-0.11007650196552277,-0.043941378593444824,-0.15968357026576996,-0.26011601090431213,-0.07513593882322311,-0.11541856080293655,-0.3928582966327667,-0.10494086891412735,-0.04091349244117737,-0.4347825050354004,-0.13419845700263977,-0.15925006568431854,-0.5028635859489441,-0.03657439723610878,-0.16880522668361664,-0.7053503394126892,-0.07485222071409225,-0.16563905775547028,-0.8259531855583191,-0.11193286627531052,-0.1611260175704956,-0.9344366788864136,-0.14224974811077118,-0.08224982768297195,-0.5176644325256348,-0.05064808949828148,-0.0939735472202301,-0.7347197532653809,-0.0827132910490036,-0.09647638350725174,-0.8706281185150146,-0.11870889365673065,-0.10170330852270126,-0.9948147535324097,-0.14741644263267517,-0.004147424828261137,-0.48962828516960144,-0.07113301008939743,-0.007545066066086292,-0.6907092928886414,-0.10217946022748947,-0.010888475924730301,-0.8176924586296082,-0.13249462842941284,-0.018922286108136177,-0.9344893097877502,-0.15590663254261017,0.07600941509008408,-0.4289415776729584,-0.09693121910095215,0.08065702766180038,-0.586403489112854,-0.1264035999774933,0.07682265341281891,-0.6928109526634216,-0.14230459928512573,0.06928481161594391,-0.7908654808998108,-0.15454179048538208
B,0.0,0.0,0.0,-0.10645032674074173,-0.10503487288951874,-0.04158321022987366,-0.15556591749191284,-0.26437199115753174,-0.07050279527902603,-0.11369501799345016,-0.3929388225078583,-0.09987282752990723,-0.044229499995708466,-0.4473658502101898,-0.1289948672056198,-0.158975750207901,-0.5161343216896057,-0.025844544172286987,-0.1703004539012909,-0.7113630771636963,-0.06557241827249527,-0.17028215527534485,-0.83131343126297,-0.10419563204050064,-0.16703519225120544,-0.9388375878334045,-0.13473722338676453,-0.08371123671531677,-0.5305951833724976,-0.04164765402674675,-0.09698589891195297,-0.7423349618911743,-0.0750206708908081,-0.10376028716564178,-0.8745747804641724,-0.11182520538568497,-0.1104152724146843,-0.9938855171203613,-0.14007790386676788,-0.006206050049513578,-0.5052863955497742,-0.06471612304449081,-0.01133474987000227,-0.7041473388671875,-0.09618665277957916,-0.019263163208961487,-0.8266977071762085,-0.12390077114105225,-0.030683789402246475,-0.9380365610122681,-0.1446772664785385,0.07431375235319138,-0.4473465085029602,-0.09355033934116364,0.07765314728021622,-0.6070649027824402,-0.12112715095281601,0.07017705589532852,-0.7132726311683655,-0.13465052843093872,0.057641323655843735,-0.8111199736595154,-0.14488424360752106
B,0.0,0.0,0.0,-0.10501089692115784,-0.10575564205646515,-0.042403507977724075,-0.14913880825042725,-0.26638102531433105,-0.0717845931649208,-0.09947158396244049,-0.39432892203330994,-0.10150720924139023,-0.0285962987691164,-0.44106796383857727,-0.13174112141132355,-0.1499631255865097,-0.5085482001304626,-0.029818151146173477,-0.15819376707077026,-0.703774094581604,-0.06930334120988846,-0.15698549151420593,-0.8230564594268799,-0.10803937166929245,-0.153556689620018,-0.9318225979804993,-0.13900022208690643,-0.07524600625038147,-0.5236928462982178,-0.0450320802628994,-0.08642227947711945,-0.7387265563011169,-0.07763297855854034,-0.09156683087348938,-0.8724892735481262,-0.1145537868142128,-0.0977509468793869,-0.9952109456062317,-0.143901988863945,0.001272684894502163,-0.49857282638549805,-0.06719174981117249,-0.0023907902650535107,-0.6972088813781738,-0.09720536321401596,-0.008165919221937656,-0.820750892162323,-0.12505970895290375,-0.018219413235783577,-0.933703601360321,-0.1469033807516098,0.08041517436504364,-0.4417967200279236,-0.09525904059410095,0.08285229653120041,-0.6031476259231567,-0.12092944234609604,0.07669653743505478,-0.7098869681358337,-0.1338052749633789,0.06584843248128891,-0.8079031109809875,-0.14463086426258087
B,0.0,0.0,0.0,-0.10492896288633347,-0.09844298660755157,-0.046624258160591125,-0.1549115628004074,-0.26765161752700806,-0.0768967941403389,-0.09971249103546143,-0.39959266781806946,-0.10676498711109161,-0.016456367447972298,-0.43456459045410156,-0.13747714459896088,-0.14421838521957397,-0.5105893015861511,-0.03479807823896408,-0.15166054666042328,-0.7021673321723938,-0.07545433938503265,-0.14949218928813934,-0.8228381872177124,-0.11522966623306274,-0.14418554306030273,-0.9319030046463013,-0.14759036898612976,-0.06809701025485992,-0.5248742699623108,-0.04834376648068428,-0.07959359884262085,-0.736564576625824,-0.08231716603040695,-0.08433471620082855,-0.871353268623352,-0.12019675970077515,-0.08910144865512848,-0.996022641658783,-0.15020811557769775,0.007823484018445015,-0.4970521330833435,-0.06905638426542282,0.004098639823496342,-0.6961833238601685,-0.10046389698982239,-0.0015480451984331012,-0.8206747770309448,-0.1302691400051117,-0.01063615269958973,-0.9349721670150757,-0.1534409373998642,0.08506329357624054,-0.4365295469760895,-0.09601877629756927,0.08817331492900848,-0.5944147706031799,-0.12383396178483963,0.08173695206642151,-0.7016359567642212,-0.13960182666778564,0.07136724144220352,-0.801009476184845,-0.15259070694446564
B,0.0,0.0,0.0,-0.10456915944814682,-0.10619619488716125,-0.04612886905670166,-0.1545996367931366,-0.2768988013267517,-0.07698404043912888,-0.09697921574115753,-0.40894588828086853,-0.10721432417631149,-0.010390453971922398,-0.42634594440460205,-0.13889968395233154,-0.13956880569458008,-0.5097725987434387,-0.03926048055291176,-0.14488928020000458,-0.7021282911300659,-0.07839617133140564,-0.1409662514925003,-0.8212213516235352,-0.11751677840948105,-0.13435016572475433,-0.9313958883285522,-0.15083688497543335,-0.0656169056892395,-0.5226837992668152,-0.053396813571453094,-0.07646781951189041,-0.7337757349014282,-0.08731691539287567,-0.07800337672233582,-0.8684488534927368,-0.12608656287193298,-0.08113846182823181,-0.9967028498649597,-0.1578354835510254,0.007763735484331846,-0.4918372631072998,-0.07408768683671951,0.005279363598674536,-0.6907899975776672,-0.10677133500576019,0.0029197921976447105,-0.8189883232116699,-0.1401132345199585,-0.0038681160658597946,-0.9369750022888184,-0.16627635061740875,0.08254655450582504,-0.4283657371997833,-0.10066582262516022,0.08754763007164001,-0.5892177820205688,-0.1310563087463379,0.0849137157201767,-0.7003965973854065,-0.1505018174648285,0.07830068469047546,-0.8026300072669983,-0.1668315827846527
B,0.0,0.0,0.0,-0.10265010595321655,-0.10562119632959366,-0.04516831412911415,-0.15141534805297852,-0.26724544167518616,-0.07698553800582886,-0.09607592225074768,-0.3991487920284271,-0.10805478692054749,-0.009131822735071182,-0.42059609293937683,-0.14046287536621094,-0.13788388669490814,-0.4986811578273773,-0.03854229673743248,-0.14108765125274658,-0.6957542896270752,-0.07652489095926285,-0.13702993094921112,-0.8163405060768127,-0.11541292071342468,-0.13147558271884918,-0.9266022443771362,-0.1479472517967224,-0.06508779525756836,-0.5130171179771423,-0.05226840451359749,-0.07264867424964905,-0.7306401133537292,-0.08351686596870422,-0.07198900729417801,-0.8670281767845154,-0.11999359726905823,-0.07303408533334732,-0.9973294734954834,-0.15026773512363434,0.006661282852292061,-0.48462536931037903,-0.07229119539260864,0.008179547265172005,-0.6899527311325073,-0.1006753221154213,0.00782313384115696,-0.8173223733901978,-0.12959840893745422,0.004033948294818401,-0.9343331456184387,-0.15330807864665985,0.08073125779628754,-0.425039142370224,-0.09835211932659149,0.0851532369852066,-0.5905072689056396,-0.12363357841968536,0.08491814136505127,-0.6995689868927002,-0.13763390481472015,0.08131368458271027,-0.7983274459838867,-0.15032650530338287
B,0.0,0.0,0.0,-0.10123875737190247,-0.10872988402843475,-0.0427633598446846,-0.1503037065267563,-0.27238813042640686,-0.07381600141525269,-0.09541403502225876,-0.4076843559741974,-0.10446223616600037,-0.006871453020721674,-0.427763432264328,-0.13663432002067566,-0.13734865188598633,-0.5007361769676208,-0.037924349308013916,-0.14098931849002838,-0.6986599564552307,-0.07487760484218597,-0.13587787747383118,-0.8177123069763184,-0.11309390515089035,-0.1299160122871399,-0.9271200895309448,-0.14557361602783203,-0.06465185433626175,-0.5147208571434021,-0.052786558866500854,-0.07173164188861847,-0.7333048582077026,-0.08383680880069733,-0.06992915272712708,-0.8676050901412964,-0.12026668339967728,-0.07125066220760345,-0.9974584579467773,-0.1509942263364792,0.00683129858225584,-0.4859181046485901,-0.07364080101251602,0.00807909294962883,-0.6908098459243774,-0.1021893098950386,0.00738599244505167,-0.8215832710266113,-0.13222792744636536,0.003100427333265543,-0.9422115683555603,-0.15729789435863495,0.08137442916631699,-0.4257437586784363,-0.10020890831947327,0.08494672179222107,-0.5915052890777588,-0.1257481724023819,0.08298293501138687,-0.7025220394134521,-0.140799418091774,0.0771809071302414,-0.8024960160255432,-0.15487858653068542
B,0.0,0.0,0.0,-0.10262883454561234,-0.11035885661840439,-0.04539079964160919,-0.14699845016002655,-0.2782880663871765,-0.07620207965373993,-0.09048092365264893,-0.405769020318985,-0.10674493759870529,-0.005315757822245359,-0.4314524531364441,-0.13823646306991577,-0.13325141370296478,-0.5082522034645081,-0.0342826247215271,-0.13442113995552063,-0.7018282413482666,-0.07263631373643875,-0.1282041221857071,-0.8212400078773499,-0.11113846302032471,-0.1186344102025032,-0.9314253926277161,-0.14317651093006134,-0.058959297835826874,-0.5189894437789917,-0.04829152300953865,-0.0638369768857956,-0.733889639377594,-0.07952497154474258,-0.060005072504282,-0.869137167930603,-0.11657953262329102,-0.05605829507112503,-0.9984275102615356,-0.14731304347515106,0.015115036629140377,-0.48856019973754883,-0.06922104209661484,0.018584735691547394,-0.689468502998352,-0.09884783625602722,0.020836051553487778,-0.8166154026985168,-0.1294223964214325,0.019078034907579422,-0.9360144734382629,-0.15427835285663605,0.08973528444766998,-0.4280502200126648,-0.09619760513305664,0.09423434734344482,-0.5872405171394348,-0.1225145235657692,0.0930614322423935,-0.6928688287734985,-0.1375579833984375,0.08848707377910614,-0.7919125556945801,-0.15115849673748016
B,0.0,0.0,0.0,-0.10425346344709396,-0.10501053929328918,-0.05088479816913605,-0.14942868053913116,-0.2800215482711792,-0.08199475705623627,-0.09003771841526031,-0.4146355092525482,-0.11124838143587112,0.0002818474604282528,-0.43971359729766846,-0.14040711522102356,-0.13362444937229156,-0.5118272304534912,-0.037409707903862,-0.13348530232906342,-0.7074148058891296,-0.07448649406433105,-0.12532615661621094,-0.8270677924156189,-0.11142901331186295,-0.11365135759115219,-0.9344707727432251,-0.14214670658111572,-0.0581279881298542,-0.524034321308136,-0.04752453416585922,-0.06096627190709114,-0.7396137714385986,-0.07762521505355835,-0.05628390982747078,-0.8738871812820435,-0.1131259948015213,-0.051846567541360855,-0.9986550807952881,-0.14219464361667633,0.01667986996471882,-0.49492761492729187,-0.06505326926708221,0.02190851978957653,-0.6960659623146057,-0.09352138638496399,0.02461823634803295,-0.8226616978645325,-0.12374670058488846,0.023680860176682472,-0.9390147924423218,-0.14811134338378906,0.0915246531367302,-0.4355776011943817,-0.08907526731491089,0.09935358911752701,-0.5945969820022583,-0.11456796526908875,0.10102284699678421,-0.6998679041862488,-0.12996722757816315,0.09995276480913162,-0.7976917028427124,-0.14351654052734375
B,0.0,0.0,0.0,-0.10273047536611557,-0.10672944784164429,-0.04755310341715813,-0.14597295224666595,-0.27697792649269104,-0.07712798565626144,-0.08970452845096588,-0.4126746952533722,-0.10579599440097809,-0.005745572037994862,-0.43789634108543396,-0.13482531905174255,-0.12882272899150848,-0.5115060806274414,-0.03207821771502495,-0.130959615111351,-0.704366147518158,-0.06856376677751541,-0.12402433902025223,-0.8213760256767273,-0.10561615973711014,-0.11389992386102676,-0.9288166761398315,-0.13672339916229248,-0.05374271795153618,-0.5274010896682739,-0.04385552555322647,-0.05776749923825264,-0.741544783115387,-0.0737655982375145,-0.05412239581346512,-0.8740478157997131,-0.10916350781917572,-0.05146290361881256,-0.9986748695373535,-0.13850581645965576,0.020321639254689217,-0.5000730156898499,-0.06299418210983276,0.02511974610388279,-0.7006708383560181,-0.09136383980512619,0.028492655605077744,-0.8260713815689087,-0.12027789652347565,0.027563393115997314,-0.9420031905174255,-0.14384306967258453,0.09483300149440765,-0.4407956600189209,-0.08848059922456741,0.10262289643287659,-0.6012359261512756,-0.1130160540342331,0.10412418097257614,-0.7071341872215271,-0.12709370255470276,0.10219717025756836,-0.8054472804069519,-0.1399691253900528
B,0.0,0.0,0.0,-0.10422994196414948,-0.1051984429359436,-0.049157366156578064,-0.151686891913414,-0.2807908356189728,-0.07973555475473404,-0.09437189996242523,-0.41533106565475464,-0.10986220836639404,-0.0012657780898734927,-0.4280167818069458,-0.14018172025680542,-0.1310333013534546,-0.5175802111625671,-0.03130581974983215,-0.1314472258090973,-0.7097996473312378,-0.06854104995727539,-0.1250304877758026,-0.8269249796867371,-0.10622832924127579,-0.11494318395853043,-0.9353286623954773,-0.13830582797527313,-0.056810472160577774,-0.5297719240188599,-0.04359091818332672,-0.060458168387413025,-0.7408300042152405,-0.07448798418045044,-0.05864037573337555,-0.873806357383728,-0.11064133048057556,-0.05656526982784271,-0.9983989000320435,-0.14035867154598236,0.016628025099635124,-0.4987490177154541,-0.06376323103904724,0.025040222331881523,-0.6970118284225464,-0.09381809830665588,0.03001893125474453,-0.8219022154808044,-0.12441268563270569,0.02987186796963215,-0.9370813369750977,-0.1484805792570114,0.09061519801616669,-0.43532267212867737,-0.0905909314751625,0.10149724781513214,-0.5917374491691589,-0.1171417087316513,0.1006915420293808,-0.6986468434333801,-0.13383570313453674,0.09539248049259186,-0.7983325123786926,-0.14821380376815796
B,0.0,0.0,0.0,-0.10857270658016205,-0.11726415902376175,-0.04276468604803085,-0.15932270884513855,-0.2866894006729126,-0.0714883953332901,-0.10698869079351425,-0.4178759753704071,-0.10156036913394928,-0.019992830231785774,-0.439091295003891,-0.13210999965667725,-0.13709725439548492,-0.5144945979118347,-0.022368788719177246,-0.13962893187999725,-0.7064859867095947,-0.061170630156993866,-0.1319933831691742,-0.8233464956283569,-0.10115256160497665,-0.11978756636381149,-0.9309250116348267,-0.1340000182390213,-0.061474088579416275,-0.5257906913757324,-0.03807536140084267,-0.06703009456396103,-0.734568178653717,-0.07127626985311508,-0.06485606729984283,-0.8700383901596069,-0.11096416413784027,-0.06060335785150528,-0.9981619715690613,-0.1429867297410965,0.013438649475574493,-0.49872544407844543,-0.061673104763031006,0.018187550827860832,-0.6974395513534546,-0.09329844266176224,0.024641353636980057,-0.825171947479248,-0.12514564394950867,0.028859972953796387,-0.9392805695533752,-0.14942346513271332,0.0896792784333229,-0.4413643479347229,-0.09147300571203232,0.09240096807479858,-0.6035502552986145,-0.11845020204782486,0.0872199758887291,-0.7136344909667969,-0.1345643699169159,0.07994577288627625,-0.8138664364814758,-0.14818237721920013
B,0.0,0.0,0.0,-0.10974827408790588,-0.10759052634239197,-0.04612615332007408,-0.16557429730892181,-0.2782858908176422,-0.07301289588212967,-0.11930082738399506,-0.4191179871559143,-0.09986050426959991,-0.03226608410477638,-0.441613107919693,-0.1256716549396515,-0.13843195140361786,-0.5086959004402161,-0.01672409288585186,-0.14459258317947388,-0.6990468502044678,-0.05086008086800575,-0.1386551409959793,-0.8170132040977478,-0.08814015239477158,-0.12704017758369446,-0.9231462478637695,-0.11859551817178726,-0.07002532482147217,-0.5206924080848694,-0.02737218514084816,-0.08165501058101654,-0.728579580783844,-0.05632670223712921,-0.08305232226848602,-0.8664232492446899,-0.09136762470006943,-0.08047983795404434,-0.9967561960220337,-0.11914898455142975,-0.0020524607971310616,-0.49607595801353455,-0.046573542058467865,-0.005661074072122574,-0.6956965327262878,-0.07466484606266022,-0.006228243000805378,-0.8237130045890808,-0.10241759568452835,-0.00579763064160943,-0.9349460005760193,-0.1231742724776268,0.06975565105676651,-0.44433823227882385,-0.07259665429592133,0.07084906101226807,-0.6062057614326477,-0.09586050361394882,0.06663034111261368,-0.7148732542991638,-0.10870743542909622,0.06201552972197533,-0.8136652112007141,-0.11954127252101898
B,0.0,0.0,0.0,-0.1157633438706398,-0.11444087326526642,-0.04263625293970108,-0.17290325462818146,-0.28581926226615906,-0.06780154258012772,-0.12771201133728027,-0.42808935046195984,-0.09484908729791641,-0.047301825135946274,-0.45122525095939636,-0.12150147557258606,-0.14110291004180908,-0.5281081795692444,-0.0004102485254406929,-0.1431482434272766,-0.7121963500976562,-0.03274064138531685,-0.13597123324871063,-0.8273693323135376,-0.07171938568353653,-0.12350978702306747,-0.934173047542572,-0.1043679341673851,-0.07386872172355652,-0.5380163192749023,-0.013870022259652615,-0.08179976791143417,-0.74000084400177,-0.0403541661798954,-0.08099748939275742,-0.8721890449523926,-0.07492321729660034,-0.07771307975053787,-0.9969757795333862,-0.10253190249204636,-0.005285797640681267,-0.5100712776184082,-0.03698556870222092,-0.005204241722822189,-0.7028389573097229,-0.0640508234500885,-0.005910213105380535,-0.8257886171340942,-0.08813727647066116,-0.005490712821483612,-0.9330023527145386,-0.1065726950764656,0.06868069618940353,-0.4529836177825928,-0.06742977350950241,0.07536124438047409,-0.6073691248893738,-0.08920631557703018,0.07621890306472778,-0.7122054100036621,-0.09919732809066772,0.07618696242570877,-0.8106475472450256,-0.10809724032878876
B,0.0,0.0,0.0,-0.12118836492300034,-0.10358229279518127,-0.0434889942407608,-0.18922744691371918,-0.25936073064804077,-0.07146703451871872,-0.1538674533367157,-0.4085153341293335,-0.09807305037975311,-0.06625758856534958,-0.45418864488601685,-0.12376613169908524,-0.153743714094162,-0.5155632495880127,-0.027070416137576103,-0.15571187436580658,-0.7105375528335571,-0.05993006005883217,-0.14896412193775177,-0.8230265974998474,-0.09720693528652191,-0.14325165748596191,-0.9308233857154846,-0.12970873713493347,-0.08198758959770203,-0.5275595784187317,-0.038991618901491165,-0.09087669104337692,-0.7366328239440918,-0.06667084991931915,-0.08986741304397583,-0.8650959134101868,-0.10079607367515564,-0.09357039630413055,-0.9956126809120178,-0.12976330518722534,-0.01291924063116312,-0.4961397349834442,-0.05765420198440552,-0.014513681642711163,-0.6833876371383667,-0.08475904166698456,-0.015850111842155457,-0.8056075572967529,-0.10784389078617096,-0.01905687525868416,-0.9160396456718445,-0.1272788941860199,0.06392928212881088,-0.4335708022117615,-0.08250432461500168,0.06266610324382782,-0.5910621881484985,-0.10610311478376389,0.06178295984864235,-0.6934970617294312,-0.11586623638868332,0.06064247712492943,-0.7887865900993347,-0.125041663646698
B,0.0,0.0,0.0,-0.12201227247714996,-0.1097555011510849,-0.04246081784367561,-0.19731566309928894,-0.25336888432502747,-0.0723910853266716,-0.16845111548900604,-0.39796939492225647,-0.10150425136089325,-0.07782169431447983,-0.447542279958725,-0.13058724999427795,-0.1550798863172531,-0.508985161781311,-0.03297567367553711,-0.158893883228302,-0.7106059789657593,-0.06858912855386734,-0.1534215211868286,-0.8260989189147949,-0.10751998424530029,-0.1493218094110489,-0.9370409250259399,-0.14141960442066193,-0.08486111462116241,-0.5184044241905212,-0.04606408625841141,-0.09503889083862305,-0.733708381652832,-0.0764528214931488,-0.09673839062452316,-0.8630093336105347,-0.11291372776031494,-0.10537464916706085,-0.9944326281547546,-0.14449065923690796,-0.01760243810713291,-0.48761889338493347,-0.06555306911468506,-0.0165148563683033,-0.6788600087165833,-0.09505073726177216,-0.017000852152705193,-0.8011197447776794,-0.12130144983530045,-0.021058280020952225,-0.9097341895103455,-0.1434117555618286,0.05864988639950752,-0.42537641525268555,-0.0909656509757042,0.06540071964263916,-0.5817448496818542,-0.11712607741355896,0.06596565246582031,-0.6852168440818787,-0.13073424994945526,0.06295648217201233,-0.7789909839630127,-0.14325061440467834
B,0.0,0.0,0.0,-0.11608514189720154,-0.1073329895734787,-0.04555843770503998,-0.1873481273651123,-0.25414755940437317,-0.07803892344236374,-0.1553921401500702,-0.394976407289505,-0.10978668928146362,-0.0646161288022995,-0.43648672103881836,-0.1416735202074051,-0.14659619331359863,-0.5112071633338928,-0.03428678214550018,-0.14890463650226593,-0.705715000629425,-0.07411327213048935,-0.14517579972743988,-0.8234273791313171,-0.11662296950817108,-0.14109770953655243,-0.935721218585968,-0.15299910306930542,-0.0759778767824173,-0.5191997289657593,-0.047876086086034775,-0.08590053766965866,-0.7307636141777039,-0.0814148336648941,-0.08789996057748795,-0.8617708683013916,-0.1204075738787651,-0.09339221566915512,-0.9956293702125549,-0.1535521149635315,-0.009591901674866676,-0.48687225580215454,-0.06839161366224289,-0.008777070790529251,-0.6793563961982727,-0.10085508227348328,-0.010074726305902004,-0.8000723123550415,-0.12859804928302765,-0.013968747109174728,-0.9083642363548279,-0.15131045877933502,0.06517474353313446,-0.4222273826599121,-0.09523352980613708,0.07526269555091858,-0.5774473547935486,-0.12407652288675308,0.07666756957769394,-0.6829642653465271,-0.1389399617910385,0.07324046641588211,-0.7788166999816895,-0.1520676463842392
B,0.0,0.0,0.0,-0.12913571298122406,-0.09183027595281601,-0.043348584324121475,-0.20956870913505554,-0.24877706170082092,-0.0712379440665245,-0.17183223366737366,-0.3910304605960846,-0.09875793755054474,-0.07906492054462433,-0.4357301592826843,-0.12714387476444244,-0.17150260508060455,-0.49448055028915405,-0.033603958785533905,-0.17938342690467834,-0.6922181248664856,-0.07146956771612167,-0.1756332814693451,-0.8127899765968323,-0.111248679459095,-0.1691162884235382,-0.9247325658798218,-0.14447437226772308,-0.10515954345464706,-0.509989857673645,-0.04583125188946724,-0.11550018936395645,-0.7249797582626343,-0.07554575800895691,-0.11600137501955032,-0.8626428842544556,-0.11090487986803055,-0.11664735525846481,-0.993173360824585,-0.14094577729701996,-0.04039016366004944,-0.4863649606704712,-0.06516999751329422,-0.0394112803041935,-0.679101824760437,-0.0928679034113884,-0.03921038284897804,-0.8069707751274109,-0.12161318957805634,-0.04043625295162201,-0.9150376319885254,-0.14536654949188232,0.028955459594726562,-0.4317910671234131,-0.09082216769456863,0.04066716507077217,-0.583146333694458,-0.11560960859060287,0.04208969697356224,-0.6847352981567383,-0.13124309480190277,0.04111764207482338,-0.771401047706604,-0.14535588026046753
B,0.0,0.0,0.0,-0.12089605629444122,-0.09794507920742035,-0.041032224893569946,-0.1961822360754013,-0.25928714871406555,-0.06980198621749878,-0.16259890794754028,-0.39843621850013733,-0.09932047873735428,-0.0725121945142746,-0.4154664874076843,-0.12992194294929504,-0.1580909639596939,-0.5054163336753845,-0.026315636932849884,-0.16679178178310394,-0.6899960041046143,-0.06528867781162262,-0.1657000482082367,-0.8092913031578064,-0.1072973757982254,-0.1616578996181488,-0.9202101826667786,-0.14276868104934692,-0.09519340097904205,-0.5186548829078674,-0.041916318237781525,-0.10796231776475906,-0.7260127067565918,-0.07319913059473038,-0.10870499163866043,-0.8628551363945007,-0.1083253026008606,-0.10968641191720963,-0.9939661622047424,-0.13735048472881317,-0.0320221371948719,-0.4930650591850281,-0.06504473835229874,-0.037808485329151154,-0.6843926906585693,-0.09363701939582825,-0.03701380640268326,-0.8093335628509521,-0.12005530297756195,-0.03806638345122337,-0.9195809960365295,-0.14138083159923553,0.0386672280728817,-0.435489296913147,-0.09489821642637253,0.04586546868085861,-0.5885265469551086,-0.11941945552825928,0.048312991857528687,-0.6936310529708862,-0.1333514302968979,0.04771118983626366,-0.7844221591949463,-0.14599411189556122
B,0.0,0.0,0.0,-0.12863890826702118,-0.08811289817094803,-0.04424456134438515,-0.21608111262321472,-0.24166971445083618,-0.07439540326595306,-0.2040085792541504,-0.386790931224823,-0.10518601536750793,-0.11338211596012115,-0.42648255825042725,-0.13512857258319855,-0.17458289861679077,-0.499463826417923,-0.025987252593040466,-0.18153269588947296,-0.689030110836029,-0.0647599846124649,-0.18180248141288757,-0.8058944344520569,-0.10462961345911026,-0.1772352010011673,-0.9144468307495117,-0.13771338760852814,-0.11467671394348145,-0.5129715204238892,-0.03944496065378189,-0.1305326521396637,-0.7234629988670349,-0.06949585676193237,-0.13560697436332703,-0.8630872964859009,-0.10019265860319138,-0.13907016813755035,-0.9902824759483337,-0.12581542134284973,-0.0529111810028553,-0.4886343479156494,-0.06154286116361618,-0.0635632574558258,-0.6766351461410522,-0.09036701172590256,-0.06664356589317322,-0.8049077987670898,-0.11537211388349533,-0.07306858152151108,-0.9105893969535828,-0.1356256902217865,0.014870503917336464,-0.43181681632995605,-0.0907331183552742,0.01825832761824131,-0.5708913207054138,-0.1159714013338089,0.00890908669680357,-0.6601706743240356,-0.1302279531955719,-0.006897920276969671,-0.728935182094574,-0.14283797144889832
B,0.0,0.0,0.0,-0.13296370208263397,-0.09583982080221176,-0.044422466307878494,-0.21879975497722626,-0.24153313040733337,-0.07835841923952103,-0.20995278656482697,-0.3741427958011627,-0.11337769031524658,-0.12263115495443344,-0.4059484899044037,-0.14901624619960785,-0.1822429895401001,-0.5057903528213501,-0.02981540746986866,-0.19985930621623993,-0.6962680220603943,-0.07168719917535782,-0.20519910752773285,-0.8145135641098022,-0.11571238934993744,-0.20648205280303955,-0.925607442855835,-0.152651846408844,-0.1273670494556427,-0.5134274959564209,-0.04558783769607544,-0.14641223847866058,-0.7219159007072449,-0.08145799487829208,-0.15588633716106415,-0.8587083220481873,-0.1218639612197876,-0.1627846509218216,-0.9866616725921631,-0.15537023544311523,-0.06986881047487259,-0.48604869842529297,-0.06927216053009033,-0.07512325048446655,-0.6801183223724365,-0.10179749131202698,-0.07755110412836075,-0.8107056021690369,-0.13266101479530334,-0.08152369409799576,-0.9235159158706665,-0.1578378528356552,-0.005838275887072086,-0.4255630373954773,-0.09956233203411102,0.00014547265891451389,-0.5737273693084717,-0.12607263028621674,-0.0020104581490159035,-0.6737586259841919,-0.1426817774772644,-0.008062200620770454,-0.7596485614776611,-0.15833310782909393
B,0.0,0.0,0.0,-0.12676967680454254,-0.08478096127510071,-0.04415128380060196,-0.210500106215477,-0.221697136759758,-0.07872770726680756,-0.19317218661308289,-0.35204073786735535,-0.1126900166273117,-0.10357961058616638,-0.38877180218696594,-0.14891676604747772,-0.17454326152801514,-0.4865112602710724,-0.04948000609874725,-0.1868792623281479,-0.6831596493721008,-0.09100747108459473,-0.18936662375926971,-0.8008382320404053,-0.13261018693447113,-0.1907035857439041,-0.9138104319572449,-0.16763955354690552,-0.11568023264408112,-0.4978199303150177,-0.06437195837497711,-0.1330360770225525,-0.7117498517036438,-0.10087699443101883,-0.14382681250572205,-0.8511918187141418,-0.14122800529003143,-0.15550588071346283,-0.9878349304199219,-0.1751229465007782,-0.05522587150335312,-0.46753332018852234,-0.08478587865829468,-0.05863092839717865,-0.6636635661125183,-0.11985328048467636,-0.06776096671819687,-0.7936030030250549,-0.15349452197551727,-0.07829143851995468,-0.9090183973312378,-0.18013374507427216,0.011520867235958576,-0.4044278562068939,-0.1105760931968689,0.017061373218894005,-0.5673508644104004,-0.14317306876182556,0.01737687923014164,-0.6751739382743835,-0.16310535371303558,0.015960991382598877,-0.7714670300483704,-0.1799592822790146
B,0.0,0.0,0.0,-0.12466927617788315,-0.09685507416725159,-0.0378066748380661,-0.20564015209674835,-0.22808046638965607,-0.0709049329161644,-0.18856646120548248,-0.35269930958747864,-0.10535746812820435,-0.1034390777349472,-0.3782353401184082,-0.14246641099452972,-0.17013020813465118,-0.487443745136261,-0.038373034447431564,-0.1762969046831131,-0.6767084002494812,-0.08016936480998993,-0.17978130280971527,-0.7925111651420593,-0.1229538843035698,-0.18311350047588348,-0.9052067399024963,-0.15902189910411835,-0.11090296506881714,-0.4978354275226593,-0.058321449905633926,-0.12400750070810318,-0.7107641100883484,-0.09617655724287033,-0.13189415633678436,-0.8502857089042664,-0.13593259453773499,-0.14265352487564087,-0.9897726774215698,-0.16841544210910797,-0.050512462854385376,-0.4682847857475281,-0.08405018597841263,-0.05216851457953453,-0.667446494102478,-0.12032241374254227,-0.05325856804847717,-0.7941708564758301,-0.15017403662204742,-0.05923598259687424,-0.9084800481796265,-0.17246754467487335,0.01756386086344719,-0.40487417578697205,-0.11509006470441818,0.023545987904071808,-0.5737062692642212,-0.14529955387115479,0.02599348872900009,-0.6807553768157959,-0.15919096767902374,0.0255743395537138,-0.7737836241722107,-0.17105011641979218
B,0.0,0.0,0.0,-0.11035249382257462,-0.08285636454820633,-0.049026988446712494,-0.18086348474025726,-0.23083920776844025,-0.08363239467144012,-0.1445617526769638,-0.35520559549331665,-0.11669209599494934,-0.06358557939529419,-0.40180280804634094,-0.15139111876487732,-0.12865519523620605,-0.5003182291984558,-0.04865923896431923,-0.12851646542549133,-0.6897157430648804,-0.09368676692247391,-0.12494172900915146,-0.8074133992195129,-0.1363859474658966,-0.11811614781618118,-0.916668713092804,-0.17053043842315674,-0.06343980878591537,-0.5060622096061707,-0.06251994520425797,-0.06610018759965897,-0.7222448587417603,-0.09995933622121811,-0.06484061479568481,-0.8629088997840881,-0.139480859041214,-0.06236360967159271,-0.9980534911155701,-0.17151644825935364,-0.0016805604100227356,-0.47311991453170776,-0.08339067548513412,0.0046766228042542934,-0.6740248203277588,-0.12004925310611725,0.01220881287008524,-0.8014956712722778,-0.15239562094211578,0.017489053308963776,-0.9181624054908752,-0.17721758782863617,0.06213805824518204,-0.40809622406959534,-0.11027605086565018,0.07516977936029434,-0.5670774579048157,-0.14387494325637817,0.08370331674814224,-0.670906126499176,-0.16236719489097595,0.09030719101428986,-0.7671133875846863,-0.17732301354408264
B,0.0,0.0,0.0,-0.11011718958616257,-0.08608744293451309,-0.05277145653963089,-0.17620067298412323,-0.24365997314453125,-0.08855260908603668,-0.13726715743541718,-0.37594857811927795,-0.1224556565284729,-0.053129393607378006,-0.40469518303871155,-0.15716491639614105,-0.11975135654211044,-0.5052151679992676,-0.050849203020334244,-0.11497048288583755,-0.692563533782959,-0.09750698506832123,-0.1080126017332077,-0.8113256096839905,-0.14068560302257538,-0.09897521138191223,-0.9241756796836853,-0.17608040571212769,-0.05365026742219925,-0.5112424492835999,-0.06406258046627045,-0.05087167024612427,-0.7233569025993347,-0.1048763245344162,-0.04658030346035957,-0.8629106879234314,-0.14392313361167908,-0.041250381618738174,-0.9991487860679626,-0.1750059276819229,0.00836096704006195,-0.4751363694667816,-0.08479481935501099,0.02143324539065361,-0.6734088659286499,-0.12493521720170975,0.032222677022218704,-0.7992240786552429,-0.15657943487167358,0.039799850434064865,-0.9177293181419373,-0.1801220029592514,0.0726117342710495,-0.40547922253608704,-0.11209391057491302,0.09116776287555695,-0.5615348219871521,-0.14796201884746552,0.10121386498212814,-0.6671354174613953,-0.16781610250473022,0.1080230250954628,-0.766918957233429,-0.1836271584033966
B,0.0,0.0,0.0,-0.11072296649217606,-0.08989735692739487,-0.05059826374053955,-0.18186049163341522,-0.25035563111305237,-0.08508210629224777,-0.14329256117343903,-0.37982431054115295,-0.11850068718194962,-0.05158546566963196,-0.4004420042037964,-0.15290400385856628,-0.11928695440292358,-0.5122207403182983,-0.04374842718243599,-0.11512638628482819,-0.6960593461990356,-0.08901111781597137,-0.10808643698692322,-0.8151552081108093,-0.1326323300600052,-0.09723684191703796,-0.9259297847747803,-0.16833025217056274,-0.053411778062582016,-0.5180773138999939,-0.05704754963517189,-0.05127586051821709,-0.7264856696128845,-0.09493625909090042,-0.04530826583504677,-0.8652445673942566,-0.13271448016166687,-0.037289705127477646,-0.9993045330047607,-0.16303078830242157,0.0087446179240942,-0.4843202531337738,-0.07821335643529892,0.019090497866272926,-0.6766698956489563,-0.11386236548423767,0.027575287967920303,-0.800898015499115,-0.1438188999891281,0.03346545621752739,-0.9154927134513855,-0.1667819321155548,0.07468600571155548,-0.416989803314209,-0.10631096363067627,0.09184153378009796,-0.5686289072036743,-0.13690312206745148,0.09999457746744156,-0.6737884879112244,-0.1544768512248993,0.10469329357147217,-0.7710989713668823,-0.16925333440303802
B,0.0,0.0,0.0,-0.11158288270235062,-0.0777951255440712,-0.04761325940489769,-0.18446673452854156,-0.23325397074222565,-0.08260023593902588,-0.16458505392074585,-0.37271538376808167,-0.11652315407991409,-0.08603467792272568,-0.4059942364692688,-0.1509341597557068,-0.1384442150592804,-0.516106128692627,-0.0484425388276577,-0.14203698933124542,-0.7036618590354919,-0.09230149537324905,-0.13786089420318604,-0.8208099007606506,-0.13398681581020355,-0.12988494336605072,-0.9314716458320618,-0.16846458613872528,-0.07683797925710678,-0.5187798738479614,-0.0628901869058609,-0.07970796525478363,-0.7291456460952759,-0.0999976396560669,-0.07776164263486862,-0.8662128448486328,-0.13663533329963684,-0.07275185734033585,-0.9973500370979309,-0.1667996197938919,-0.01577094756066799,-0.4815112352371216,-0.08390334248542786,-0.0070519885048270226,-0.673812985420227,-0.11804644763469696,0.0005960010457783937,-0.7958189249038696,-0.14554324746131897,0.006468174047768116,-0.9085622429847717,-0.16791656613349915,0.04756714403629303,-0.40955886244773865,-0.11133521050214767,0.06443289667367935,-0.5600627660751343,-0.14013884961605072,0.07171852141618729,-0.6631307601928711,-0.15650983154773712,0.0767667144536972,-0.760929524898529,-0.1710687279701233
B,0.0,0.0,0.0,-0.10728505998849869,-0.07955244928598404,-0.049736227840185165,-0.1809009611606598,-0.23189860582351685,-0.08659819513559341,-0.1693723201751709,-0.36956945061683655,-0.12222123891115189,-0.08765397220849991,-0.40189921855926514,-0.1579507738351822,-0.1450028121471405,-0.5159662961959839,-0.04818081483244896,-0.15005585551261902,-0.7052056193351746,-0.09235309809446335,-0.14524707198143005,-0.8192862272262573,-0.1337842494249344,-0.13461604714393616,-0.9266656637191772,-0.16788038611412048,-0.08060579746961594,-0.5194913744926453,-0.06185627728700638,-0.08619429171085358,-0.7283112406730652,-0.10016020387411118,-0.0848132073879242,-0.8647459745407104,-0.13809345662593842,-0.07930774241685867,-0.9968501925468445,-0.1688702553510666,-0.016206160187721252,-0.48198533058166504,-0.08238983154296875,-0.00904117152094841,-0.6734702587127686,-0.11891411244869232,-0.003694809740409255,-0.7960572838783264,-0.14905762672424316,0.00017042947001755238,-0.911803662776947,-0.17272047698497772,0.05011899769306183,-0.4105986952781677,-0.10914888978004456,0.06540782749652863,-0.5633764266967773,-0.14013329148292542,0.07150746136903763,-0.6675245761871338,-0.15805405378341675,0.07551799714565277,-0.7683177590370178,-0.17334380745887756
B,0.0,0.0,0.0,-0.1147373840212822,-0.08973439037799835,-0.04620387405157089,-0.1939702332019806,-0.24269312620162964,-0.07986269146203995,-0.18371476233005524,-0.38273176550865173,-0.1131783202290535,-0.0973125770688057,-0.40415847301483154,-0.14682374894618988,-0.15088871121406555,-0.5072947144508362,-0.04011830314993858,-0.15534161031246185,-0.6973065137863159,-0.08132992684841156,-0.15363699197769165,-0.8128129243850708,-0.12172441929578781,-0.14708414673805237,-0.921375572681427,-0.15592189133167267,-0.08891109377145767,-0.5147307515144348,-0.05501609668135643,-0.0952099859714508,-0.7251695990562439,-0.08985041081905365,-0.09415524452924728,-0.8618050217628479,-0.12609557807445526,-0.09090130776166916,-0.9958599209785461,-0.15629912912845612,-0.026914946734905243,-0.48146700859069824,-0.07695998251438141,-0.020541297271847725,-0.6752824187278748,-0.11061765253543854,-0.013947945088148117,-0.798770010471344,-0.14002056419849396,-0.009171436540782452,-0.9134660363197327,-0.16365961730480194,0.03981185704469681,-0.41492465138435364,-0.10519255697727203,0.05338962376117706,-0.5676277279853821,-0.1338917464017868,0.059966523200273514,-0.6703957915306091,-0.15082232654094696,0.06377989053726196,-0.7665159106254578,-0.16606523096561432
B,0.0,0.0,0.0,-0.11115538328886032,-0.09437020868062973,-0.050577204674482346,-0.18202996253967285,-0.24425125122070312,-0.08786941319704056,-0.17025889456272125,-0.38296326994895935,-0.12437466531991959,-0.08502712845802307,-0.40808436274528503,-0.16122543811798096,-0.13867095112800598,-0.5120882987976074,-0.04154480621218681,-0.13869868218898773,-0.6989833116531372,-0.08551992475986481,-0.1370416134595871,-0.8165401816368103,-0.1281726062297821,-0.12955062091350555,-0.9268757104873657,-0.16373291611671448,-0.07538711279630661,-0.5170518159866333,-0.05603045970201492,-0.07773482799530029,-0.726384162902832,-0.09336314350366592,-0.07655512541532516,-0.865238606929779,-0.13107061386108398,-0.07250822335481644,-0.9973678588867188,-0.16194100677967072,-0.01205381192266941,-0.4826882779598236,-0.07826220989227295,-0.005665425676852465,-0.6760098338127136,-0.11439027637243271,0.0025132596492767334,-0.7970830202102661,-0.14290213584899902,0.010148348286747932,-0.9075378179550171,-0.16520632803440094,0.054478567093610764,-0.41515040397644043,-0.10732899606227875,0.06790999323129654,-0.5665918588638306,-0.13791365921497345,0.07767536491155624,-0.6694270372390747,-0.15390942990779877,0.08507809787988663,-0.7632948160171509,-0.167767733335495
B,0.0,0.0,0.0,-0.11121535301208496,-0.09301390498876572,-0.04812891036272049,-0.18288391828536987,-0.25267645716667175,-0.08162142336368561,-0.16979622840881348,-0.39602673053741455,-0.11427915096282959,-0.08629227429628372,-0.41683337092399597,-0.14743919670581818,-0.1396738886833191,-0.5021702647209167,-0.04161634296178818,-0.14108894765377045,-0.6927163600921631,-0.0844196081161499,-0.13798220455646515,-0.8101373314857483,-0.12481216341257095,-0.12955981492996216,-0.9201398491859436,-0.15834061801433563,-0.073746457695961,-0.5113597512245178,-0.0561726875603199,-0.07388146966695786,-0.7248090505599976,-0.09195440262556076,-0.07004008442163467,-0.8642089366912842,-0.1283133178949356,-0.06445706635713577,-0.9979205131530762,-0.15802210569381714,-0.0096836406737566,-0.4795588552951813,-0.07798225432634354,-0.0003220243670511991,-0.6719692349433899,-0.11282949894666672,0.0105172423645854,-0.7942413091659546,-0.14223770797252655,0.018499795347452164,-0.9078842401504517,-0.16521410644054413,0.05566181242465973,-0.41526421904563904,-0.10615595430135727,0.0696398913860321,-0.5670403242111206,-0.13541114330291748,0.07929856330156326,-0.669925332069397,-0.15190383791923523,0.08647018671035767,-0.765348494052887,-0.16646693646907806
B,0.0,0.0,0.0,-0.11112768948078156,-0.08246638625860214,-0.05390099063515663,-0.18407952785491943,-0.23365983366966248,-0.09115135669708252,-0.16438764333724976,-0.3739125728607178,-0.12642543017864227,-0.08336585760116577,-0.4043337106704712,-0.16254931688308716,-0.13454093039035797,-0.4969903528690338,-0.05323011800646782,-0.13726116716861725,-0.6871505379676819,-0.09936510771512985,-0.13511067628860474,-0.8050789833068848,-0.14238612353801727,-0.12824775278568268,-0.9180571436882019,-0.17818304896354675,-0.06821249425411224,-0.5074794888496399,-0.06633318960666656,-0.07028266042470932,-0.7220337986946106,-0.10512843728065491,-0.06786390393972397,-0.861189603805542,-0.14467355608940125,-0.06393912434577942,-0.9979538321495056,-0.17768962681293488,-0.0057151708751916885,-0.47520408034324646,-0.08670414239168167,0.003989215008914471,-0.6675975918769836,-0.12389467656612396,0.013462604023516178,-0.7896654009819031,-0.15647828578948975,0.01943451538681984,-0.9045488834381104,-0.18261635303497314,0.0589047372341156,-0.40922996401786804,-0.11383209377527237,0.074172742664814,-0.5615180134773254,-0.14642271399497986,0.08338101953268051,-0.665068507194519,-0.16666461527347565,0.08940757066011429,-0.7624326944351196,-0.184453547000885
B,0.0,0.0,0.0,-0.11184753477573395,-0.09203135967254639,-0.048631127923727036,-0.1918472945690155,-0.2428613007068634,-0.08356531709432602,-0.16556139290332794,-0.3741547465324402,-0.11774387955665588,-0.07327887415885925,-0.39840400218963623,-0.15271510183811188,-0.13945342600345612,-0.5036653876304626,-0.04501965641975403,-0.14117884635925293,-0.6922689080238342,-0.08931051194667816,-0.13789911568164825,-0.8102380037307739,-0.1317373365163803,-0.1306566596031189,-0.9215139150619507,-0.1666807383298874,-0.07173638790845871,-0.5119068622589111,-0.0598100870847702,-0.07512502372264862,-0.7255047559738159,-0.09538234770298004,-0.07315849512815475,-0.8631200790405273,-0.13203318417072296,-0.0698964074254036,-0.9975543022155762,-0.16215156018733978,-0.006430687382817268,-0.4799419045448303,-0.0818430483341217,-0.0003169877454638481,-0.6735042333602905,-0.11635353416204453,0.009620415046811104,-0.7938084006309509,-0.14472031593322754,0.015946494415402412,-0.9062600135803223,-0.1667320728302002,0.06206269934773445,-0.41563889384269714,-0.11047478765249252,0.07677992433309555,-0.5671516060829163,-0.14000576734542847,0.0856553241610527,-0.6696966886520386,-0.155215322971344,0.09097803384065628,-0.7655611038208008,-0.16836869716644287
B,0.0,0.0,0.0,-0.11058799922466278,-0.08247212320566177,-0.05988389998674393,-0.1864747256040573,-0.22312280535697937,-0.10119669884443283,-0.15636850893497467,-0.35599881410598755,-0.13977624475955963,-0.073483906686306,-0.3898082673549652,-0.1790909767150879,-0.13270725309848785,-0.4972132742404938,-0.05915845185518265,-0.13043004274368286,-0.688323974609375,-0.10875844955444336,-0.12575660645961761,-0.8119749426841736,-0.1545332372188568,-0.11610613018274307,-0.9277430176734924,-0.19161410629749298,-0.06315787136554718,-0.5065234899520874,-0.07003124058246613,-0.061626385897397995,-0.7244799733161926,-0.11063479632139206,-0.057091739028692245,-0.8633044958114624,-0.14953289926052094,-0.05120609328150749,-0.9986881017684937,-0.18158923089504242,0.00318027357570827,-0.47472018003463745,-0.08907653391361237,0.013400303199887276,-0.6763134598731995,-0.12720176577568054,0.02046835981309414,-0.8019025325775146,-0.15775786340236664,0.024901436641812325,-0.9171876907348633,-0.18203647434711456,0.07442031055688858,-0.40877193212509155,-0.1156642884016037,0.09021545201539993,-0.562277615070343,-0.14847448468208313,0.09823790937662125,-0.6681102514266968,-0.1665823757648468,0.1015094593167305,-0.765755295753479,-0.18232841789722443
B,0.0,0.0,0.0,-0.11309340596199036,-0.07582318782806396,-0.05770241841673851,-0.18605832755565643,-0.2211633324623108,-0.09583965688943863,-0.15226568281650543,-0.3538244366645813,-0.13118276000022888,-0.0782134085893631,-0.38975656032562256,-0.16698914766311646,-0.14164863526821136,-0.4956625699996948,-0.0554048977792263,-0.14077942073345184,-0.6848667860031128,-0.10439156740903854,-0.13502570986747742,-0.8088898062705994,-0.14933007955551147,-0.12485604733228683,-0.9232111573219299,-0.18508651852607727,-0.07280638813972473,-0.5066322088241577,-0.0662999302148819,-0.07181362062692642,-0.7244648337364197,-0.10665564984083176,-0.06655550003051758,-0.8653702735900879,-0.14487840235233307,-0.05934717506170273,-0.9982374310493469,-0.1756710410118103,-0.007138352375477552,-0.4751996397972107,-0.08537445217370987,0.0024964301846921444,-0.6737585663795471,-0.12316775321960449,0.009981071576476097,-0.8003089427947998,-0.15351437032222748,0.014254250563681126,-0.915683388710022,-0.17712651193141937,0.06278154253959656,-0.4108901023864746,-0.11163922399282455,0.07731544971466064,-0.5672143697738647,-0.1446792632341385,0.08503943681716919,-0.673102617263794,-0.1625394970178604,0.088527612388134,-0.7721391320228577,-0.17750613391399384
B,0.0,0.0,0.0,-0.11401799321174622,-0.07869207113981247,-0.05803920328617096,-0.18698443472385406,-0.21906457841396332,-0.09992185235023499,-0.15666086971759796,-0.34634333848953247,-0.13872382044792175,-0.08404918015003204,-0.38528719544410706,-0.17837150394916534,-0.13925759494304657,-0.49298468232154846,-0.06599237769842148,-0.13840602338314056,-0.6847473978996277,-0.11805317550897598,-0.1322486400604248,-0.807063639163971,-0.16440708935260773,-0.12248142063617706,-0.9209715127944946,-0.2009701132774353,-0.07110469043254852,-0.5021807551383972,-0.07810468226671219,-0.07038034498691559,-0.7197290062904358,-0.12188706547021866,-0.0635431557893753,-0.8617353439331055,-0.16276878118515015,-0.05596761777997017,-0.9984325170516968,-0.19546568393707275,-0.005653940606862307,-0.46875306963920593,-0.0976172536611557,0.0028802109882235527,-0.6654090881347656,-0.13874344527721405,0.0116053381934762,-0.7920882105827332,-0.17142915725708008,0.016623619943857193,-0.9091975092887878,-0.19636358320713043,0.06395337730646133,-0.4023292064666748,-0.12382000684738159,0.07722490280866623,-0.5605940818786621,-0.16004201769828796,0.08288757503032684,-0.6659129858016968,-0.17959024012088776,0.08418206870555878,-0.7645188570022583,-0.19550658762454987
B,0.0,0.0,0.0,-0.1084008738398552,-0.07893212884664536,-0.053944818675518036,-0.1822233349084854,-0.21573461592197418,-0.09004045277833939,-0.1623462289571762,-0.3591703474521637,-0.12354784458875656,-0.09280474483966827,-0.4037974178791046,-0.15753033757209778,-0.14818748831748962,-0.4920632243156433,-0.05240343138575554,-0.1500728726387024,-0.69333416223526,-0.09453969448804855,-0.145898699760437,-0.815838634967804,-0.13458803296089172,-0.1386316418647766,-0.9276642203330994,-0.16729305684566498,-0.08018342405557632,-0.5045328140258789,-0.06318243592977524,-0.08430074155330658,-0.729342520236969,-0.09680070728063583,-0.08307254314422607,-0.8687956929206848,-0.13091903924942017,-0.08103057742118835,-0.9967116117477417,-0.15958048403263092,-0.012753326445817947,-0.47713056206703186,-0.08126600086688995,-0.01000009011477232,-0.6787363886833191,-0.11135941743850708,-0.0063977912068367004,-0.804230272769928,-0.13749289512634277,-0.005247021559625864,-0.9165546894073486,-0.159890279173851,0.05955309793353081,-0.41983145475387573,-0.10645554959774017,0.06754664331674576,-0.5764703750610352,-0.13272075355052948,0.07445470988750458,-0.6785168647766113,-0.14600101113319397,0.0802789032459259,-0.7714840173721313,-0.1586478352546692
B,0.0,0.0,0.0,-0.11326713114976883,-0.08018875122070312,-0.06532932817935944,-0.18996576964855194,-0.22377805411815643,-0.10639089345932007,-0.17292656004428864,-0.37524208426475525,-0.14292071759700775,-0.09254578500986099,-0.42534786462783813,-0.17786897718906403,-0.14180229604244232,-0.5017573833465576,-0.05116129294037819,-0.14705078303813934,-0.7021544575691223,-0.09525151550769806,-0.1462426334619522,-0.8268219232559204,-0.13787245750427246,-0.14149107038974762,-0.9385393261909485,-0.17219673097133636,-0.0753755122423172,-0.5148288011550903,-0.055799175053834915,-0.08213508129119873,-0.7327330112457275,-0.09054365754127502,-0.08302077651023865,-0.8695325255393982,-0.1261279582977295,-0.08184503018856049,-0.9966450929641724,-0.15533329546451569,-0.010989263653755188,-0.48894166946411133,-0.06948970258235931,-0.01085833553224802,-0.687966525554657,-0.10108926147222519,-0.008096463046967983,-0.8154353499412537,-0.12802256643772125,-0.006731821224093437,-0.9276285171508789,-0.15004220604896545,0.0585683174431324,-0.43004509806632996,-0.09145988523960114,0.0650009736418724,-0.583482563495636,-0.11828368157148361,0.06820409744977951,-0.6851294040679932,-0.13269181549549103,0.0686165913939476,-0.7747458219528198,-0.1454116702079773
B,0.0,0.0,0.0,-0.10891018807888031,-0.0908295288681984,-0.048645421862602234,-0.17476430535316467,-0.23475758731365204,-0.08076542615890503,-0.1488027125597,-0.37871697545051575,-0.1114223524928093,-0.0769648626446724,-0.431806355714798,-0.14204102754592896,-0.13755597174167633,-0.5059157013893127,-0.03599317744374275,-0.14075031876564026,-0.7016154527664185,-0.07453970611095428,-0.13927975296974182,-0.8235493898391724,-0.1137411817908287,-0.13580122590065002,-0.9327589869499207,-0.14530809223651886,-0.07130563259124756,-0.5192960500717163,-0.047546546906232834,-0.07378392666578293,-0.7394313216209412,-0.07742295414209366,-0.07398685067892075,-0.8747498393058777,-0.11003614217042923,-0.07367413491010666,-0.9972823858261108,-0.13742542266845703,-0.00650701392441988,-0.49321720004081726,-0.06651904433965683,-0.0014231977984309196,-0.692131757736206,-0.09099843353033066,0.0014084710273891687,-0.8178534507751465,-0.11178334057331085,0.002817008411511779,-0.9273130893707275,-0.13086539506912231,0.06288591772317886,-0.4354417622089386,-0.09278365224599838,0.06695610284805298,-0.5895093083381653,-0.1105358749628067,0.06899145990610123,-0.687013566493988,-0.11564097553491592,0.07012291252613068,-0.7714195251464844,-0.12273762375116348
B,0.0,0.0,0.0,-0.1133783832192421,-0.08729631453752518,-0.0451812818646431,-0.1872788667678833,-0.24292176961898804,-0.0723109170794487,-0.15917353332042694,-0.3983278274536133,-0.09954759478569031,-0.08137202262878418,-0.44819119572639465,-0.1266556680202484,-0.14358951151371002,-0.5142349600791931,-0.01729215681552887,-0.14957699179649353,-0.7049567699432373,-0.05383569374680519,-0.14621879160404205,-0.8261775970458984,-0.09332932531833649,-0.1382823884487152,-0.933373749256134,-0.12567195296287537,-0.07404761016368866,-0.5320882797241211,-0.03048584796488285,-0.07740655541419983,-0.7475096583366394,-0.05732962116599083,-0.07544545084238052,-0.87931227684021,-0.08902670443058014,-0.0717848688364029,-0.9974201321601868,-0.11613760143518448,-0.007570537738502026,-0.5092095136642456,-0.052686020731925964,-0.0033215873409062624,-0.7060326337814331,-0.07700853049755096,-0.0013469725381582975,-0.8302590847015381,-0.09806109219789505,0.00021600579202640802,-0.9395948052406311,-0.1172398179769516,0.06191142275929451,-0.45331260561943054,-0.08241544663906097,0.06477560102939606,-0.6104567050933838,-0.10187277942895889,0.06583806127309799,-0.7117136716842651,-0.10909977555274963,0.06530402600765228,-0.8009681701660156,-0.11765532940626144
B,0.0,0.0,0.0,-0.11764959245920181,-0.08436595648527145,-0.04516890272498131,-0.19042012095451355,-0.24050955474376678,-0.07126093655824661,-0.15789438784122467,-0.3936998248100281,-0.09761558473110199,-0.07976274192333221,-0.4492102861404419,-0.12413221597671509,-0.14615251123905182,-0.5056542754173279,-0.01950058341026306,-0.15172943472862244,-0.6967782974243164,-0.05746462196111679,-0.14702844619750977,-0.8195657134056091,-0.09672555327415466,-0.13695666193962097,-0.927347719669342,-0.1279669553041458,-0.07611040771007538,-0.5250093936920166,-0.03251667693257332,-0.0808027908205986,-0.7439966797828674,-0.06091250106692314,-0.07795164734125137,-0.8796990513801575,-0.09236176311969757,-0.07141976803541183,-0.9974463582038879,-0.11802323907613754,-0.008629130199551582,-0.5036167502403259,-0.05444483458995819,-0.004133289679884911,-0.7023322582244873,-0.08030059188604355,0.0014450645539909601,-0.8268243074417114,-0.10127422213554382,0.007750484626740217,-0.9334938526153564,-0.11913807690143585,0.06064525619149208,-0.44950318336486816,-0.08372420072555542,0.06588403135538101,-0.6053014397621155,-0.10355547815561295,0.06942339986562729,-0.70611172914505,-0.11017744988203049,0.07154429703950882,-0.7937926650047302,-0.11756609380245209
B,0.0,0.0,0.0,-0.11728828400373459,-0.07602769136428833,-0.053861286491155624,-0.192037433385849,-0.22656305134296417,-0.08614274114370346,-0.16598595678806305,-0.38220521807670593,-0.11658728122711182,-0.08290515094995499,-0.444224089384079,-0.14622850716114044,-0.1473056524991989,-0.4946998655796051,-0.03246330842375755,-0.15715336799621582,-0.6897915005683899,-0.07345575839281082,-0.15199913084506989,-0.8110179901123047,-0.1136554479598999,-0.13896936178207397,-0.918086588382721,-0.1451379954814911,-0.07688169181346893,-0.5174024701118469,-0.04163623973727226,-0.08503745496273041,-0.738581657409668,-0.07280932366847992,-0.08324132114648819,-0.8748423457145691,-0.1059306189417839,-0.07740888744592667,-0.9969994425773621,-0.13256177306175232,-0.008891498669981956,-0.498359739780426,-0.059910643845796585,-0.00709551153704524,-0.7009056210517883,-0.08826370537281036,-0.0034318440593779087,-0.8237073421478271,-0.11192860454320908,0.0007135848863981664,-0.9297019839286804,-0.13148945569992065,0.061877764761447906,-0.44641706347465515,-0.08586738258600235,0.06715506315231323,-0.6011390089988708,-0.1081441193819046,0.07192640006542206,-0.7006393671035767,-0.11806835979223251,0.07563284039497375,-0.7885720729827881,-0.12766021490097046
B,0.0,0.0,0.0,-0.11958618462085724,-0.081069216132164,-0.04690844193100929,-0.19123400747776031,-0.2426355481147766,-0.07401039451360703,-0.1573532670736313,-0.3942287266254425,-0.10077802836894989,-0.07773983478546143,-0.4482758343219757,-0.12755845487117767,-0.14582204818725586,-0.4926246702671051,-0.02697492577135563,-0.15139327943325043,-0.6878554224967957,-0.06694048643112183,-0.14736591279506683,-0.8112055063247681,-0.10551713407039642,-0.13853736221790314,-0.917354941368103,-0.13557644188404083,-0.0766112431883812,-0.5133276581764221,-0.039252568036317825,-0.08134115487337112,-0.7388967871665955,-0.06985186785459518,-0.07944895327091217,-0.8788736462593079,-0.10061151534318924,-0.0749085545539856,-0.9971904158592224,-0.12460391223430634,-0.010050345212221146,-0.4939051866531372,-0.06013297289609909,-0.01078125461935997,-0.6988058090209961,-0.0872921273112297,-0.007406243588775396,-0.8279337882995605,-0.10801534354686737,-0.003089744132012129,-0.9370307326316833,-0.12508267164230347,0.05862890183925629,-0.44327569007873535,-0.08827884495258331,0.06370358169078827,-0.5982029438018799,-0.10891420394182205,0.0687156617641449,-0.7003464102745056,-0.11574837565422058,0.07291687279939651,-0.7874610424041748,-0.12278498709201813
B,0.0,0.0,0.0,-0.12502989172935486,-0.07827985286712646,-0.043521177023649216,-0.19877858459949493,-0.23879769444465637,-0.06899598985910416,-0.17209044098854065,-0.3919239938259125,-0.09484315663576126,-0.09331952780485153,-0.452249139547348,-0.12018650025129318,-0.15526874363422394,-0.4968431890010834,-0.018746403977274895,-0.1641407161951065,-0.6896311044692993,-0.055472858250141144,-0.15979161858558655,-0.8097150921821594,-0.09254339337348938,-0.14948143064975739,-0.9141579270362854,-0.12155530601739883,-0.08527442812919617,-0.5203714370727539,-0.03087233565747738,-0.0933709591627121,-0.7420368790626526,-0.05838605388998985,-0.09446761757135391,-0.8784417510032654,-0.08690231293439865,-0.09314289689064026,-0.9956527352333069,-0.10938996076583862,-0.016832809895277023,-0.5036430954933167,-0.05168060213327408,-0.01971684768795967,-0.7098610997200012,-0.07583208382129669,-0.021548084914684296,-0.8338513374328613,-0.09350121766328812,-0.02347603626549244,-0.9389732480049133,-0.10849856585264206,0.05468359589576721,-0.45457813143730164,-0.07962768524885178,0.056217119097709656,-0.6139634847640991,-0.09824265539646149,0.05704919993877411,-0.717030942440033,-0.10363893955945969,0.05584068223834038,-0.8073726296424866,-0.10939584672451019
B,0.0,0.0,0.0,-0.12674719095230103,-0.07705211639404297,-0.04470721259713173,-0.19956427812576294,-0.23541054129600525,-0.0718187540769577,-0.17789046466350555,-0.39352282881736755,-0.09841468185186386,-0.10845163464546204,-0.4800480008125305,-0.12396551668643951,-0.153232142329216,-0.49365541338920593,-0.024151461198925972,-0.16383683681488037,-0.6900737881660461,-0.06305558979511261,-0.15980695188045502,-0.8098056316375732,-0.10042118281126022,-0.14919215440750122,-0.9136650562286377,-0.1288674920797348,-0.08355479687452316,-0.5167415142059326,-0.035809580236673355,-0.09357742965221405,-0.74322909116745,-0.06567508727312088,-0.09524264931678772,-0.8792322278022766,-0.09483187645673752,-0.09399253129959106,-0.9955729246139526,-0.11752025783061981,-0.014989897608757019,-0.4998994469642639,-0.05601164698600769,-0.020104626193642616,-0.7125992774963379,-0.08258385956287384,-0.022011658176779747,-0.8386126756668091,-0.09979447722434998,-0.02249639853835106,-0.946323037147522,-0.11442137509584427,0.058069244027137756,-0.4527943730354309,-0.08305384963750839,0.05778330937027931,-0.6183748245239258,-0.10462599992752075,0.059334930032491684,-0.7238776683807373,-0.11064260452985764,0.05941483750939369,-0.8181239366531372,-0.11635012179613113
B,0.0,0.0,0.0,-0.1306435912847519,-0.07634679228067398,-0.04499916359782219,-0.20692755281925201,-0.24970218539237976,-0.06802129000425339,-0.17867706716060638,-0.4164614677429199,-0.09108510613441467,-0.09446588903665543,-0.47851115465164185,-0.11363266408443451,-0.15885141491889954,-0.4984440803527832,-0.013822984881699085,-0.16719083487987518,-0.6920960545539856,-0.048631858080625534,-0.16477654874324799,-0.8137261271476746,-0.08449342101812363,-0.15693345665931702,-0.9182760715484619,-0.11308792233467102,-0.0862739086151123,-0.5240108966827393,-0.024654347449541092,-0.09411805123090744,-0.7441103458404541,-0.05177893489599228,-0.09716324508190155,-0.8798846006393433,-0.08051910996437073,-0.09823687374591827,-0.995163083076477,-0.10297820717096329,-0.016983281821012497,-0.5090111494064331,-0.04469575360417366,-0.020337607711553574,-0.7134333252906799,-0.06986010074615479,-0.02275918610394001,-0.8373977541923523,-0.08850061893463135,-0.024568326771259308,-0.9416084289550781,-0.10375168174505234,0.0550348199903965,-0.46386444568634033,-0.07199110090732574,0.05718645453453064,-0.6255057454109192,-0.09173983335494995,0.05865180492401123,-0.7302963733673096,-0.09834784269332886,0.0585392601788044,-0.8217641115188599,-0.10486149042844772
B,0.0,0.0,0.0,-0.1271332949399948,-0.07843396067619324,-0.04662627726793289,-0.20371636748313904,-0.24583733081817627,-0.07281959056854248,-0.17500954866409302,-0.4038856029510498,-0.0984806939959526,-0.08745831996202469,-0.4600544273853302,-0.12314309179782867,-0.16101768612861633,-0.49525898694992065,-0.021503105759620667,-0.17094486951828003,-0.6920902132987976,-0.058780476450920105,-0.16699708998203278,-0.8141566514968872,-0.0952659323811531,-0.15639562904834747,-0.9199473261833191,-0.12398014217615128,-0.08932504802942276,-0.5196640491485596,-0.03178602457046509,-0.10009171813726425,-0.7410613894462585,-0.06048109754920006,-0.10053186118602753,-0.8774909973144531,-0.08943125605583191,-0.09746605902910233,-0.9952388405799866,-0.11166369169950485,-0.019088972359895706,-0.5028746724128723,-0.05090503394603729,-0.026250002905726433,-0.7074334025382996,-0.07672726362943649,-0.028245991095900536,-0.8312034010887146,-0.09585689753293991,-0.0294321458786726,-0.9356806874275208,-0.1112867221236229,0.055165741592645645,-0.45476964116096497,-0.07722514122724533,0.05521906167268753,-0.611162543296814,-0.09718460589647293,0.05622990056872368,-0.7119150161743164,-0.10385917127132416,0.055957481265068054,-0.799160361289978,-0.11017824709415436
B,0.0,0.0,0.0,-0.12714768946170807,-0.07976614683866501,-0.046486176550388336,-0.20251218974590302,-0.24477814137935638,-0.07363314181566238,-0.17248809337615967,-0.4016607403755188,-0.09994332492351532,-0.08588752150535583,-0.45993077754974365,-0.1253586709499359,-0.1597198098897934,-0.4953717887401581,-0.02459614723920822,-0.1712372899055481,-0.6928302049636841,-0.061705831438302994,-0.16716507077217102,-0.8133953809738159,-0.09822332859039307,-0.15633398294448853,-0.9187639951705933,-0.1270754635334015,-0.08808555454015732,-0.5188729763031006,-0.03481211140751839,-0.1000862792134285,-0.742456316947937,-0.06247834116220474,-0.09997352957725525,-0.8778850436210632,-0.09094152599573135,-0.09687509387731552,-0.9952965378761292,-0.11337948590517044,-0.0180631335824728,-0.5013034343719482,-0.05350331962108612,-0.02673635259270668,-0.7083699107170105,-0.0778096616268158,-0.029696600511670113,-0.8322270512580872,-0.09595567733049393,-0.031788844615221024,-0.937484622001648,-0.11134372651576996,0.056625574827194214,-0.4524461627006531,-0.07937105000019073,0.05491127818822861,-0.6105595231056213,-0.0978366956114769,0.055475689470767975,-0.7114240527153015,-0.1034165471792221,0.054909657686948776,-0.7989792823791504,-0.10937713831663132
B,0.0,0.0,0.0,-0.12523452937602997,-0.07787042111158371,-0.04405564069747925,-0.1987595558166504,-0.23783545196056366,-0.07098378986120224,-0.1770196408033371,-0.3937310576438904,-0.09757152944803238,-0.10305112600326538,-0.47434261441230774,-0.12312569469213486,-0.15735988318920135,-0.49702975153923035,-0.02122179977595806,-0.16871905326843262,-0.6930829882621765,-0.05894755199551582,-0.1646941602230072,-0.8137289881706238,-0.09629515558481216,-0.15414297580718994,-0.9188560843467712,-0.12488975375890732,-0.0861496552824974,-0.5209859609603882,-0.03262912854552269,-0.09610065817832947,-0.7454277873039246,-0.05986592918634415,-0.09628435969352722,-0.8803514838218689,-0.08833811432123184,-0.09326005727052689,-0.9956417679786682,-0.11075353622436523,-0.017351990565657616,-0.504645824432373,-0.0524851493537426,-0.02417891100049019,-0.7150973081588745,-0.07497985661029816,-0.026825297623872757,-0.8388542532920837,-0.09043137729167938,-0.027899539098143578,-0.9429514408111572,-0.10453562438488007,0.054454296827316284,-0.4567576050758362,-0.07939418405294418,0.050957635045051575,-0.6172913908958435,-0.09577605128288269,0.05093224719166756,-0.7187303304672241,-0.09864260256290436,0.049903932958841324,-0.8069607615470886,-0.10266545414924622
B,0.0,0.0,0.0,-0.11640821397304535,-0.0858037918806076,-0.039284009486436844,-0.1847245991230011,-0.24442148208618164,-0.06351474672555923,-0.16310237348079681,-0.39910998940467834,-0.08823126554489136,-0.0990695059299469,-0.4890535771846771,-0.11238183081150055,-0.15070798993110657,-0.4995233118534088,-0.01766563206911087,-0.15839554369449615,-0.6902807354927063,-0.053492471575737,-0.15646779537200928,-0.8076542019844055,-0.08916343748569489,-0.14832133054733276,-0.9095736145973206,-0.11655832082033157,-0.07935149222612381,-0.5236736536026001,-0.0312882624566555,-0.08350160717964172,-0.7475739121437073,-0.05727211758494377,-0.08336205780506134,-0.8833088278770447,-0.08572299033403397,-0.08088911324739456,-0.9967231154441833,-0.1084301695227623,-0.00975075364112854,-0.506247341632843,-0.052753038704395294,-0.009686046279966831,-0.7155752182006836,-0.0752609521150589,-0.007917697541415691,-0.8360342383384705,-0.09140904992818832,-0.00661472138017416,-0.9361459016799927,-0.10617353767156601,0.06033741682767868,-0.45674780011177063,-0.0805632472038269,0.061977818608284,-0.6159477233886719,-0.09817691892385483,0.0650385245680809,-0.7170232534408569,-0.10139831155538559,0.0666537657380104,-0.8047495484352112,-0.1056339219212532
B,0.0,0.0,0.0,-0.12320231646299362,-0.08211515843868256,-0.04032556712627411,-0.19581754505634308,-0.23531055450439453,-0.06585606187582016,-0.17685607075691223,-0.38948801159858704,-0.09158289432525635,-0.11632795631885529,-0.4844210147857666,-0.11626971513032913,-0.15649916231632233,-0.50193852186203,-0.018748709931969643,-0.16672147810459137,-0.6972692608833313,-0.05603358522057533,-0.16335773468017578,-0.8163506388664246,-0.09258591383695602,-0.15410403907299042,-0.9192309379577637,-0.12008928507566452,-0.08197659999132156,-0.5260918140411377,-0.03177943825721741,-0.08975311368703842,-0.7488318085670471,-0.05843584984540939,-0.09043280780315399,-0.8819013833999634,-0.08739230036735535,-0.08825118094682693,-0.9960982799530029,-0.11025434732437134,-0.010259036906063557,-0.5106524229049683,-0.0528448186814785,-0.01387498714029789,-0.7177587151527405,-0.07540207356214523,-0.015023205429315567,-0.837624192237854,-0.09100621193647385,-0.015731973573565483,-0.9396660327911377,-0.10518848150968552,0.06275294721126556,-0.4619552195072174,-0.08039045333862305,0.06219154968857765,-0.6201962232589722,-0.09751787036657333,0.06322512775659561,-0.7195622324943542,-0.10040181130170822,0.06284981220960617,-0.8070160150527954,-0.10401370376348495
B,0.0,0.0,0.0,-0.12043361365795135,-0.09159991890192032,-0.04327859356999397,-0.19138847291469574,-0.24819687008857727,-0.0712604895234108,-0.16213464736938477,-0.40208008885383606,-0.09924495220184326,-0.08870857208967209,-0.4818839132785797,-0.12667925655841827,-0.15401211380958557,-0.5146183967590332,-0.0255854744464159,-0.16044726967811584,-0.7126972079277039,-0.0643259808421135,-0.15721160173416138,-0.8351343870162964,-0.10208507627248764,-0.14917966723442078,-0.9405918717384338,-0.13087347149848938,-0.08329995721578598,-0.5323967933654785,-0.03828072175383568,-0.08864559233188629,-0.7521371841430664,-0.06728779524564743,-0.09171666204929352,-0.8855505585670471,-0.09741722047328949,-0.09208251535892487,-0.9957513809204102,-0.1207021176815033,-0.012448040768504143,-0.5114787817001343,-0.058804165571928024,-0.01281751599162817,-0.7171244025230408,-0.08301360160112381,-0.013209189288318157,-0.8394536375999451,-0.10115905106067657,-0.01364887598901987,-0.9395257830619812,-0.11651859432458878,0.061728496104478836,-0.45769456028938293,-0.08612097799777985,0.06637842208147049,-0.6218262314796448,-0.10533403605222702,0.06789989769458771,-0.7261757254600525,-0.11034204810857773,0.06679344922304153,-0.8144827485084534,-0.11501005291938782
B,0.0,0.0,0.0,-0.12867304682731628,-0.09954008460044861,-0.04770292341709137,-0.19704973697662354,-0.27955085039138794,-0.0687912181019783,-0.15616708993911743,-0.43941304087638855,-0.08948042243719101,-0.06937514990568161,-0.49482765793800354,-0.10730209946632385,-0.15386760234832764,-0.5239180326461792,-0.0022895182482898235,-0.15479475259780884,-0.7227670550346375,-0.0311602670699358,-0.14771899580955505,-0.841797947883606,-0.06426338851451874,-0.13633212447166443,-0.942850649356842,-0.09048649668693542,-0.08091173321008682,-0.5419026613235474,-0.007506730034947395,-0.08638852834701538,-0.7569143772125244,-0.02716878615319729,-0.08516161143779755,-0.8870916366577148,-0.053277693688869476,-0.0813070610165596,-0.9966890811920166,-0.0735633447766304,-0.010259325616061687,-0.5214704871177673,-0.022703809663653374,-0.010853387415409088,-0.7215821146965027,-0.04123414307832718,-0.009961551986634731,-0.8415849208831787,-0.058651603758335114,-0.008787788450717926,-0.9390131831169128,-0.07248054444789886,0.0666692778468132,-0.4683723747730255,-0.045773666352033615,0.07379190623760223,-0.621627926826477,-0.06025936082005501,0.07083909958600998,-0.71988445520401,-0.06441573798656464,0.0649242252111435,-0.8024341464042664,-0.06817057728767395
B,0.0,0.0,0.0,-0.13126355409622192,-0.1089775487780571,-0.02353397011756897,-0.20236870646476746,-0.2981908321380615,-0.032654717564582825,-0.16881264746189117,-0.4633117616176605,-0.04677077382802963,-0.09686581045389175,-0.5348038077354431,-0.0604676716029644,-0.16801664233207703,-0.5401036143302917,0.025611326098442078,-0.17409957945346832,-0.7246222496032715,0.00035044457763433456,-0.17194148898124695,-0.8345230221748352,-0.032536786049604416,-0.16712403297424316,-0.9291043877601624,-0.05940931662917137,-0.09362563490867615,-0.5588736534118652,0.006696496624499559,-0.10246725380420685,-0.7655094861984253,-0.011028308421373367,-0.1061987355351448,-0.890127420425415,-0.03866824135184288,-0.11060406267642975,-0.9938645362854004,-0.060878392308950424,-0.0179666168987751,-0.5412703156471252,-0.021378250792622566,-0.023672955110669136,-0.7383422255516052,-0.04050878807902336,-0.027939386665821075,-0.8605489730834961,-0.05769087001681328,-0.03498717024922371,-0.964089035987854,-0.07166130840778351,0.06343274563550949,-0.4924863278865814,-0.0552111379802227,0.055656298995018005,-0.6609501242637634,-0.07208254933357239,0.04618143290281296,-0.766889750957489,-0.07483735680580139,0.0337340384721756,-0.8582379221916199,-0.07780575752258301
B,0.0,0.0,0.0,-0.1341829150915146,-0.10039067268371582,-0.02986552193760872,-0.20899462699890137,-0.29117944836616516,-0.04120545834302902,-0.1730782389640808,-0.45456641912460327,-0.05514730513095856,-0.0942576676607132,-0.5263022780418396,-0.0677650049328804,-0.17210815846920013,-0.5443676710128784,0.017176169902086258,-0.1778174340724945,-0.7320157885551453,-0.006903704721480608,-0.17274326086044312,-0.8440669775009155,-0.038153354078531265,-0.16492056846618652,-0.9375084638595581,-0.0637245923280716,-0.09341307729482651,-0.5596293210983276,0.0024552138056606054,-0.10109718888998032,-0.7700119614601135,-0.01316534262150526,-0.10362330824136734,-0.8923385143280029,-0.038460034877061844,-0.10547742992639542,-0.9944217205047607,-0.05957759916782379,-0.01681135781109333,-0.538500964641571,-0.021511370316147804,-0.01874641515314579,-0.7408890724182129,-0.03940712288022041,-0.024487309157848358,-0.8639414310455322,-0.05548848956823349,-0.03024197742342949,-0.9648005962371826,-0.06915703415870667,0.06264431774616241,-0.48676353693008423,-0.05148463696241379,0.05382705479860306,-0.6545349955558777,-0.06732701510190964,0.04275421053171158,-0.7586884498596191,-0.06987295299768448,0.03100902959704399,-0.8508815169334412,-0.07310528308153152
B,0.0,0.0,0.0,-0.11591208726167679,-0.11044368892908096,-0.05375383794307709,-0.16632473468780518,-0.2814612090587616,-0.07914327085018158,-0.1356453001499176,-0.433157354593277,-0.10178952664136887,-0.08028071373701096,-0.5232917666435242,-0.12022285163402557,-0.13358107209205627,-0.5292867422103882,-0.018656263127923012,-0.13117390871047974,-0.7315669655799866,-0.05589919537305832,-0.11537094414234161,-0.8554800748825073,-0.09238594770431519,-0.09517094492912292,-0.9529147148132324,-0.11759592592716217,-0.06602319329977036,-0.5483183264732361,-0.019189434126019478,-0.0649738609790802,-0.7643378973007202,-0.04428032785654068,-0.05482393503189087,-0.8954699635505676,-0.07082830369472504,-0.04187555983662605,-0.9991227984428406,-0.08991412818431854,0.00070689816493541,-0.5303604006767273,-0.02976258099079132,0.007180091459304094,-0.7285054326057434,-0.05012979358434677,0.011575146578252316,-0.8502060770988464,-0.06608784198760986,0.015671811997890472,-0.9461898803710938,-0.07866381853818893,0.07476296275854111,-0.4786594808101654,-0.04843340069055557,0.08825661987066269,-0.630534291267395,-0.06230815127491951,0.08701205998659134,-0.7285376787185669,-0.06531991064548492,0.08010733872652054,-0.8102296590805054,-0.06762649863958359
B,0.0,0.0,0.0,-0.10441869497299194,-0.09535974264144897,-0.060343582183122635,-0.15520836412906647,-0.24946202337741852,-0.0895359069108963,-0.13078562915325165,-0.39111563563346863,-0.11296121776103973,-0.09247314184904099,-0.47639524936676025,-0.13122208416461945,-0.12113416939973831,-0.5397591590881348,-0.032598331570625305,-0.12126567214727402,-0.7338021993637085,-0.06962062418460846,-0.11026336252689362,-0.8507658839225769,-0.10660804063081741,-0.09419047832489014,-0.9428118467330933,-0.13251201808452606,-0.054823487997055054,-0.5541344285011292,-0.030078256502747536,-0.05817241966724396,-0.7676631212234497,-0.05383937060832977,-0.05153856426477432,-0.8959667086601257,-0.07885675877332687,-0.04226934537291527,-0.9991062879562378,-0.09792017191648483,0.0106633510440588,-0.5298430323600769,-0.03739100694656372,0.014697657898068428,-0.7229011058807373,-0.056134261190891266,0.015368107706308365,-0.8438217639923096,-0.07232563197612762,0.014249254018068314,-0.944468080997467,-0.08571245521306992,0.08163517713546753,-0.4724053740501404,-0.05316198989748955,0.09115678817033768,-0.6243616938591003,-0.06634676456451416,0.08561757951974869,-0.7169482707977295,-0.06995376944541931,0.07611586153507233,-0.7972192764282227,-0.07303661853075027
B,0.0,0.0,0.0,-0.1096232533454895,-0.13272984325885773,-0.029780101031064987,-0.14924797415733337,-0.31371814012527466,-0.04826924949884415,-0.12034984678030014,-0.46086758375167847,-0.06753910332918167,-0.07211319357156754,-0.5345080494880676,-0.08533583581447601,-0.10411543399095535,-0.5370545387268066,-0.010899543762207031,-0.09332110732793808,-0.7298402190208435,-0.04257315769791603,-0.08365700393915176,-0.8475974798202515,-0.07452787458896637,-0.07161132246255875,-0.9434500336647034,-0.09836217761039734,-0.03724281117320061,-0.5442167520523071,-0.0246488805860281,-0.029820507392287254,-0.7591364979743958,-0.048953596502542496,-0.021674344316124916,-0.8923646211624146,-0.073950856924057,-0.014925479888916016,-0.9998885989189148,-0.09209351241588593,0.029056046158075333,-0.5108256936073303,-0.04496665671467781,0.031180530786514282,-0.7155991792678833,-0.067637600004673,0.03185613453388214,-0.8402073979377747,-0.08207819610834122,0.02918683923780918,-0.9421033263206482,-0.09291326254606247,0.0995902270078659,-0.44436609745025635,-0.07003450393676758,0.11226575821638107,-0.6045277118682861,-0.08768650889396667,0.11434114724397659,-0.707570493221283,-0.08938514441251755,0.11102304607629776,-0.7927016615867615,-0.09010007232427597
B,0.0,0.0,0.0,-0.11316567659378052,-0.14451192319393158,-0.046190302819013596,-0.14576031267642975,-0.33292829990386963,-0.06672895699739456,-0.0901547521352768,-0.4874246418476105,-0.08527442067861557,-0.013635661453008652,-0.5239583253860474,-0.10076410323381424,-0.09680942445993423,-0.551762580871582,-0.001957460306584835,-0.08591253310441971,-0.7424159049987793,-0.027771370485424995,-0.06986705958843231,-0.8556281924247742,-0.058546483516693115,-0.051465000957250595,-0.9506351351737976,-0.08271876722574234,-0.02318168245255947,-0.5615271329879761,-0.004966103006154299,-0.00142327428329736,-0.7732715606689453,-0.020938443019986153,0.01652105711400509,-0.8945789337158203,-0.04341753572225571,0.03166396543383598,-0.9994985461235046,-0.06128762289881706,0.04340639337897301,-0.5315985679626465,-0.017160091549158096,0.07265310734510422,-0.725284993648529,-0.029749512672424316,0.0848841741681099,-0.8370928168296814,-0.03975208103656769,0.09540863335132599,-0.9284790754318237,-0.048823751509189606,0.11348917335271835,-0.4697517454624176,-0.03721577301621437,0.13526476919651031,-0.6237543225288391,-0.039336733520030975,0.14573484659194946,-0.7159374952316284,-0.03268849104642868,0.15152911841869354,-0.7927144169807434,-0.029973668977618217
B,0.0,0.0,0.0,-0.11339610069990158,-0.13461263477802277,-0.05046777054667473,-0.15242916345596313,-0.33620715141296387,-0.06646856665611267,-0.09413044154644012,-0.49162980914115906,-0.07932458072900772,-0.006798227783292532,-0.5149233937263489,-0.08761918544769287,-0.09644594043493271,-0.54706871509552,0.007473177742213011,-0.08361423015594482,-0.7419525980949402,-0.010854440741240978,-0.06604235619306564,-0.856455385684967,-0.03839047998189926,-0.048634469509124756,-0.9528308510780334,-0.06173808127641678,-0.019460400566458702,-0.5530706644058228,0.008697579614818096,0.0005094456719234586,-0.7670063972473145,0.0007623694837093353,0.019906021654605865,-0.8906433582305908,-0.019205184653401375,0.03563828766345978,-0.9993647933006287,-0.036899447441101074,0.045095354318618774,-0.5192305445671082,-0.0005083142896182835,0.06872493028640747,-0.7138065695762634,-0.007052680943161249,0.0823703184723854,-0.8316819667816162,-0.018469473347067833,0.09434188157320023,-0.9301599264144897,-0.030398186296224594,0.11236526072025299,-0.4544769525527954,-0.01833968050777912,0.1296970546245575,-0.6063393950462341,-0.018895411863923073,0.13848282396793365,-0.7024338245391846,-0.015355630777776241,0.14614872634410858,-0.785881519317627,-0.016174666583538055
B,0.0,0.0,0.0,-0.11431367695331573,-0.12950369715690613,-0.04805874451994896,-0.15623027086257935,-0.3261129856109619,-0.06501835584640503,-0.1002591997385025,-0.4760473668575287,-0.08015768975019455,-0.02161640301346779,-0.5146934390068054,-0.09153673052787781,-0.0964650884270668,-0.5486573576927185,0.0033090144861489534,-0.08725449442863464,-0.7428244948387146,-0.017230277881026268,-0.07220399379730225,-0.8535020351409912,-0.04518876597285271,-0.059480927884578705,-0.9481794834136963,-0.06851647049188614,-0.01902807503938675,-0.5546661615371704,0.0016670824261382222,-0.002795147243887186,-0.768912136554718,-0.00845999363809824,0.012718655169010162,-0.8934767246246338,-0.030003050342202187,0.025821540504693985,-0.9996665120124817,-0.04848548397421837,0.04843625798821449,-0.5219982266426086,-0.009710303507745266,0.06631343811750412,-0.7162877321243286,-0.01713385246694088,0.07534955441951752,-0.8336571455001831,-0.02959350124001503,0.08198177814483643,-0.9327640533447266,-0.042525529861450195,0.11836083978414536,-0.4569604992866516,-0.02934790588915348,0.135615274310112,-0.6051178574562073,-0.03126928210258484,0.14261507987976074,-0.7005258202552795,-0.028906075283885002,0.14761823415756226,-0.7851167917251587,-0.03017747402191162
B,0.0,0.0,0.0,-0.1085967943072319,-0.1113138198852539,-0.0557064563035965,-0.14919883012771606,-0.2942977547645569,-0.078278087079525,-0.09900995343923569,-0.44357097148895264,-0.09708569943904877,-0.03217403218150139,-0.5134085416793823,-0.11203716695308685,-0.09953656047582626,-0.53459632396698,-0.01655043661594391,-0.09084556996822357,-0.7313410639762878,-0.04579226300120354,-0.07652083784341812,-0.8479849100112915,-0.07745791971683502,-0.06314628571271896,-0.9464946985244751,-0.10177813470363617,-0.022960755974054337,-0.5435142517089844,-0.016369257122278214,-0.007474469020962715,-0.7614381313323975,-0.03484581783413887,0.006363715510815382,-0.8898087739944458,-0.0600978247821331,0.01843184232711792,-0.9998301267623901,-0.08056879788637161,0.04402180388569832,-0.514165461063385,-0.025959545746445656,0.062287937849760056,-0.7104803323745728,-0.04129976034164429,0.07094399631023407,-0.8281455636024475,-0.05720297619700432,0.07685930281877518,-0.9288588762283325,-0.07153589278459549,0.11127407848834991,-0.4541533291339874,-0.04382849484682083,0.12833650410175323,-0.6070170998573303,-0.05430831387639046,0.13475438952445984,-0.7055094242095947,-0.056945912539958954,0.1381206214427948,-0.7954062819480896,-0.06061069294810295
B,0.0,0.0,0.0,-0.11505087465047836,-0.11293348670005798,-0.05067478120326996,-0.15902280807495117,-0.28497016429901123,-0.07325492799282074,-0.10624029487371445,-0.4258746802806854,-0.09258683770895004,-0.03613443672657013,-0.48046696186065674,-0.10933849960565567,-0.11081545054912567,-0.5336827039718628,-0.01846299134194851,-0.10054059326648712,-0.7308964729309082,-0.047220997512340546,-0.08520115166902542,-0.8476348519325256,-0.07894621789455414,-0.0712675228714943,-0.9450942873954773,-0.10407111048698425,-0.03067021071910858,-0.5449367165565491,-0.02175605110824108,-0.015012243762612343,-0.7638862729072571,-0.04023728519678116,0.0003604480589274317,-0.890335738658905,-0.06636586785316467,0.01201830804347992,-0.9999276995658875,-0.0881333127617836,0.03735857829451561,-0.5149633288383484,-0.03386013209819794,0.05793238803744316,-0.7118216156959534,-0.04956355690956116,0.06885698437690735,-0.832030713558197,-0.06785513460636139,0.07500612735748291,-0.9356251955032349,-0.0846598744392395,0.10417655855417252,-0.4508911073207855,-0.05340883508324623,0.12134859710931778,-0.6025862693786621,-0.06362348794937134,0.12905116379261017,-0.6966193318367004,-0.0662255808711052,0.13289402425289154,-0.7817856669425964,-0.07085256278514862
B,0.0,0.0,0.0,-0.1152115985751152,-0.11280634254217148,-0.04377003759145737,-0.1593371331691742,-0.2774476110935211,-0.06503596156835556,-0.10930737107992172,-0.42035111784935,-0.08367851376533508,-0.04408634081482887,-0.48008522391319275,-0.10042230039834976,-0.11033129692077637,-0.5257783532142639,-0.02134016714990139,-0.10184351354837418,-0.7249494791030884,-0.05144432559609413,-0.08651776611804962,-0.8417741656303406,-0.08332829177379608,-0.07210791110992432,-0.940554141998291,-0.10879269987344742,-0.031191980466246605,-0.5392090678215027,-0.028317894786596298,-0.01810433715581894,-0.7605609893798828,-0.050433650612831116,-0.0023376934695988894,-0.887088418006897,-0.07708457857370377,0.008865420706570148,-0.999960720539093,-0.09930258244276047,0.035540081560611725,-0.508965790271759,-0.04300939291715622,0.05358625948429108,-0.7050892114639282,-0.06256981939077377,0.06447611004114151,-0.8273491263389587,-0.0807819813489914,0.07115154713392258,-0.9344005584716797,-0.09748315066099167,0.10388021171092987,-0.44334402680397034,-0.06413313001394272,0.11790318787097931,-0.5999271273612976,-0.07763402163982391,0.12534330785274506,-0.694957971572876,-0.08075697720050812,0.12843181192874908,-0.780799388885498,-0.0858820229768753
B,0.0,0.0,0.0,-0.11026047170162201,-0.11664741486310959,-0.04997214674949646,-0.154617041349411,-0.29483655095100403,-0.07338847219944,-0.10176625102758408,-0.43546971678733826,-0.09458531439304352,-0.028948023915290833,-0.4928576946258545,-0.11372243613004684,-0.10475586354732513,-0.5318669676780701,-0.01745210774242878,-0.09728038311004639,-0.7254578471183777,-0.04736733064055443,-0.08640369772911072,-0.8401142954826355,-0.0800388902425766,-0.07561419904232025,-0.9370633363723755,-0.10607972741127014,-0.02769060991704464,-0.5408005714416504,-0.02249610424041748,-0.013677150942385197,-0.7588858008384705,-0.042209379374980927,-0.0036003084387630224,-0.8880964517593384,-0.06987966597080231,0.004394676070660353,-0.9999903440475464,-0.09329546988010406,0.04006868973374367,-0.5098535418510437,-0.03654513880610466,0.06119510903954506,-0.7052170038223267,-0.05306294560432434,0.0730985626578331,-0.8269172310829163,-0.07308335602283478,0.08092386275529861,-0.9317477941513062,-0.0918300673365593,0.10643868893384933,-0.44589701294898987,-0.05809459462761879,0.12481964379549026,-0.5920618176460266,-0.06949533522129059,0.13132689893245697,-0.6873999238014221,-0.07407654821872711,0.13339202105998993,-0.7739408612251282,-0.08083614706993103
B,0.0,0.0,0.0,-0.11274700611829758,-0.1102926954627037,-0.04712241142988205,-0.16058219969272614,-0.2835455536842346,-0.07010933756828308,-0.10875064134597778,-0.4217279255390167,-0.09162354469299316,-0.04026399925351143,-0.4842999577522278,-0.11165226995944977,-0.11083520948886871,-0.532423734664917,-0.020831266418099403,-0.10953223705291748,-0.726962685585022,-0.05156935378909111,-0.10299170762300491,-0.8433583378791809,-0.08427619189023972,-0.0954606756567955,-0.9430800080299377,-0.11026743054389954,-0.03160309046506882,-0.541517972946167,-0.027783311903476715,-0.025697676464915276,-0.7601317167282104,-0.04902830347418785,-0.02004198357462883,-0.8888995051383972,-0.07688485831022263,-0.01466908399015665,-0.9998924136161804,-0.10004512965679169,0.03958210349082947,-0.5105072259902954,-0.04294823110103607,0.05105593428015709,-0.7061407566070557,-0.060704555362463,0.05640915408730507,-0.8251906633377075,-0.07979313284158707,0.05952584370970726,-0.9271034598350525,-0.09718189388513565,0.11113929748535156,-0.4468727707862854,-0.06532033532857895,0.12286204844713211,-0.6006011366844177,-0.0787975937128067,0.12402628362178802,-0.700020432472229,-0.08386454731225967,0.12104284763336182,-0.7907520532608032,-0.0900617241859436
B,0.0,0.0,0.0,-0.11702754348516464,-0.10490121692419052,-0.05135127529501915,-0.17046572268009186,-0.2837781608104706,-0.07550883293151855,-0.12030337750911713,-0.43148884177207947,-0.09754582494497299,-0.04431094974279404,-0.4772721230983734,-0.11782468110322952,-0.12065939605236053,-0.530504584312439,-0.020568132400512695,-0.11922894418239594,-0.7231398820877075,-0.05269118398427963,-0.1125701293349266,-0.8413861989974976,-0.0874396339058876,-0.10508288443088531,-0.9428477883338928,-0.11536804586648941,-0.042668417096138,-0.5425401926040649,-0.025980234146118164,-0.0363234281539917,-0.7580417990684509,-0.04945462569594383,-0.029475299641489983,-0.8875492215156555,-0.07847048342227936,-0.022720951586961746,-0.999741792678833,-0.10189034044742584,0.027268484234809875,-0.5138213038444519,-0.04028323292732239,0.039991579949855804,-0.710293710231781,-0.06046336889266968,0.047631360590457916,-0.8349723219871521,-0.08154592663049698,0.05373067036271095,-0.9411976337432861,-0.09972009807825089,0.09707211703062057,-0.45232683420181274,-0.06220995634794235,0.10825792700052261,-0.6041954755783081,-0.07744169235229492,0.10960382968187332,-0.7057778835296631,-0.08414097130298615,0.1078721359372139,-0.7979349493980408,-0.09135091304779053
B,0.0,0.0,0.0,-0.11455917358398438,-0.10872320830821991,-0.04923562705516815,-0.16353309154510498,-0.2819417417049408,-0.07316122949123383,-0.11200705915689468,-0.4202868342399597,-0.09553928673267365,-0.0418388657271862,-0.4780336618423462,-0.11614454537630081,-0.11128361523151398,-0.5317550301551819,-0.017453376203775406,-0.10899294912815094,-0.7227452993392944,-0.04891999065876007,-0.10281088203191757,-0.8384895920753479,-0.08290138095617294,-0.09495589882135391,-0.9384747743606567,-0.11014057695865631,-0.033725935965776443,-0.5421109795570374,-0.02407374419271946,-0.02559579163789749,-0.7592578530311584,-0.04554230347275734,-0.018695076927542686,-0.8885678648948669,-0.07350433617830276,-0.011756420135498047,-0.9999307990074158,-0.0967985987663269,0.035763293504714966,-0.511803925037384,-0.03972846269607544,0.051482681185007095,-0.7081100940704346,-0.057597849518060684,0.05975135788321495,-0.8291563391685486,-0.0760900154709816,0.0650065615773201,-0.933407723903656,-0.09327317029237747,0.10403967648744583,-0.44809678196907043,-0.06302815675735474,0.11626318842172623,-0.5952997803688049,-0.07602477818727493,0.11885484308004379,-0.6935774683952332,-0.0803612694144249,0.11780380457639694,-0.7836176753044128,-0.08640825748443604
B,0.0,0.0,0.0,-0.11841735243797302,-0.11264973133802414,-0.04539145901799202,-0.16725514829158783,-0.28648319840431213,-0.06799575686454773,-0.11233244091272354,-0.42505505681037903,-0.08936531841754913,-0.042099714279174805,-0.469546377658844,-0.10983302444219589,-0.11896903812885284,-0.5270047187805176,-0.01830715872347355,-0.1165803000330925,-0.7195942401885986,-0.048919159919023514,-0.1104394942522049,-0.8367805480957031,-0.08235611021518707,-0.10421514511108398,-0.9382593631744385,-0.10946529358625412,-0.04017658904194832,-0.5389848947525024,-0.026675794273614883,-0.03399480879306793,-0.75782710313797,-0.04793725162744522,-0.027453331276774406,-0.8874847888946533,-0.0755746141076088,-0.02279384806752205,-0.9997401833534241,-0.09857337921857834,0.03133752942085266,-0.5109910368919373,-0.04331022873520851,0.04355340823531151,-0.7117453217506409,-0.06157902255654335,0.04773187264800072,-0.8370754718780518,-0.08138083666563034,0.048486195504665375,-0.945805549621582,-0.09917918592691422,0.10314639657735825,-0.4509681463241577,-0.06703200191259384,0.11359985917806625,-0.6069619655609131,-0.08155228942632675,0.114881731569767,-0.7083083391189575,-0.08700667321681976,0.11196274310350418,-0.7998988628387451,-0.0934760645031929
B,0.0,0.0,0.0,-0.11841800808906555,-0.10814416408538818,-0.050298888236284256,-0.16778866946697235,-0.2848549485206604,-0.0742233470082283,-0.11425801366567612,-0.4295119047164917,-0.09631302952766418,-0.043400030583143234,-0.47301676869392395,-0.11696687340736389,-0.1194504052400589,-0.5311340689659119,-0.019366107881069183,-0.1206933856010437,-0.7251297235488892,-0.04992670565843582,-0.11752646416425705,-0.8430101275444031,-0.08318249881267548,-0.11257396638393402,-0.9461013078689575,-0.10987182706594467,-0.04191465675830841,-0.5404115319252014,-0.024896083399653435,-0.03964946046471596,-0.7579448819160461,-0.04592001065611839,-0.03672650083899498,-0.88775235414505,-0.07228895276784897,-0.03322412073612213,-0.9994479417800903,-0.09389904141426086,0.029427172616124153,-0.5110835433006287,-0.039226558059453964,0.03734321519732475,-0.7081408500671387,-0.056694772094488144,0.03799079358577728,-0.8288103938102722,-0.0734938234090805,0.03734290227293968,-0.9332055449485779,-0.08845454454421997,0.10107124596834183,-0.4518141448497772,-0.061464741826057434,0.10898055136203766,-0.6082738637924194,-0.07461350411176682,0.10876698791980743,-0.7105564475059509,-0.0782485231757164,0.1057368591427803,-0.8034014105796814,-0.08276322484016418
B,0.0,0.0,0.0,-0.11468172818422318,-0.10184331238269806,-0.04846698418259621,-0.1637359857559204,-0.2738179862499237,-0.07114997506141663,-0.1217522993683815,-0.41834670305252075,-0.09143535047769547,-0.07054445147514343,-0.48830556869506836,-0.10976782441139221,-0.12607993185520172,-0.5224668383598328,-0.02492065727710724,-0.13053536415100098,-0.7164791226387024,-0.057727061212062836,-0.12814296782016754,-0.8348511457443237,-0.09139084070920944,-0.125016450881958,-0.9377487897872925,-0.11729314923286438,-0.05170725658535957,-0.5378682017326355,-0.03036871738731861,-0.053130365908145905,-0.7538521885871887,-0.054746199399232864,-0.051701050251722336,-0.8846350908279419,-0.08271607756614685,-0.049988411366939545,-0.9987497925758362,-0.10435620695352554,0.017393186688423157,-0.51212078332901,-0.043864525854587555,0.02183377742767334,-0.712609589099884,-0.06494533270597458,0.022280940786004066,-0.8369094729423523,-0.08439275622367859,0.021518506109714508,-0.9447033405303955,-0.1003493070602417,0.08776440471410751,-0.4556446373462677,-0.06436122208833694,0.09654715657234192,-0.6157251596450806,-0.08160039782524109,0.0961301252245903,-0.7203317284584045,-0.08810629695653915,0.09245499968528748,-0.8157784342765808,-0.09372615069150925
B,0.0,0.0,0.0,-0.11186723411083221,-0.0975181832909584,-0.04692932218313217,-0.16109831631183624,-0.2710300385951996,-0.07084307074546814,-0.11282195150852203,-0.40752384066581726,-0.09319451451301575,-0.04581020772457123,-0.45374035835266113,-0.11463839560747147,-0.12804852426052094,-0.5132573843002319,-0.026438135653734207,-0.1314391791820526,-0.7086356282234192,-0.059529345482587814,-0.12824101746082306,-0.8281065821647644,-0.09296315163373947,-0.1238589808344841,-0.9319659471511841,-0.11887767165899277,-0.053994666785001755,-0.5273672938346863,-0.03441927582025528,-0.05630585178732872,-0.7458425760269165,-0.05987966060638428,-0.05419575050473213,-0.8812333941459656,-0.08862518519163132,-0.05187998339533806,-0.9986532926559448,-0.11070217192173004,0.015391855500638485,-0.5017719268798828,-0.05013478547334671,0.019593866541981697,-0.7018438577651978,-0.07197289913892746,0.024258628487586975,-0.8265694379806519,-0.09172399342060089,0.027337487787008286,-0.9340486526489258,-0.10717923939228058,0.08400540798902512,-0.44886189699172974,-0.07279720902442932,0.08883315324783325,-0.6127324104309082,-0.08974095433950424,0.08719110488891602,-0.7181347608566284,-0.09536191076040268,0.0833493024110794,-0.8121877312660217,-0.10029052942991257
B,0.0,0.0,0.0,-0.11132906377315521,-0.08593924343585968,-0.061399225145578384,-0.16243930160999298,-0.2587254047393799,-0.09018340706825256,-0.10949542373418808,-0.4077516198158264,-0.11423777788877487,-0.03134914115071297,-0.44575929641723633,-0.1362539529800415,-0.14121633768081665,-0.5052646398544312,-0.037062082439661026,-0.15051843225955963,-0.711542010307312,-0.06879684329032898,-0.15036319196224213,-0.8335874676704407,-0.1006634533405304,-0.1491292119026184,-0.9383905529975891,-0.1258941888809204,-0.06421559303998947,-0.5248857140541077,-0.0372544564306736,-0.07100746035575867,-0.7489692568778992,-0.05866106227040291,-0.07130756974220276,-0.8833872079849243,-0.0843210443854332,-0.07195796072483063,-0.9974076151847839,-0.10481130331754684,0.008036513812839985,-0.5024710893630981,-0.04616999253630638,0.007826230488717556,-0.702290952205658,-0.06362546980381012,0.008948897942900658,-0.8225629329681396,-0.08136727660894394,0.00874263420701027,-0.9269301295280457,-0.09645391255617142,0.07994610071182251,-0.4522571265697479,-0.06355942785739899,0.08187565952539444,-0.6094949245452881,-0.07675772905349731,0.07938262075185776,-0.7088893055915833,-0.0809900164604187,0.07595986127853394,-0.7969766855239868,-0.08553078025579453
B,0.0,0.0,0.0,-0.10863162577152252,-0.08964988589286804,-0.049762312322854996,-0.15887513756752014,-0.25863969326019287,-0.07345253974199295,-0.11556801199913025,-0.4040845036506653,-0.0952814519405365,-0.05443371459841728,-0.4635453522205353,-0.11595302075147629,-0.13925109803676605,-0.5159680843353271,-0.0214308500289917,-0.14722608029842377,-0.7151154279708862,-0.051968369632959366,-0.14771510660648346,-0.8337682485580444,-0.08410055190324783,-0.1477210521697998,-0.9373145699501038,-0.1094367653131485,-0.06318178027868271,-0.5343174338340759,-0.027904126793146133,-0.06806958466768265,-0.7540822625160217,-0.048675116151571274,-0.06974276155233383,-0.8847205638885498,-0.0752926766872406,-0.07268301397562027,-0.9973551034927368,-0.09699579328298569,0.008540868759155273,-0.512037456035614,-0.043017249554395676,0.009392177686095238,-0.7094115614891052,-0.06088756397366524,0.007880997844040394,-0.8263283371925354,-0.07811954617500305,0.003904077224433422,-0.9299617409706116,-0.09331206232309341,0.07854652404785156,-0.4611678123474121,-0.06577133387327194,0.08084072917699814,-0.6191760301589966,-0.08001440018415451,0.07811043411493301,-0.7188875079154968,-0.08403445780277252,0.07319042831659317,-0.8094601631164551,-0.08867768943309784
B,0.0,0.0,0.0,-0.11333931237459183,-0.08791705220937729,-0.04921749234199524,-0.16485166549682617,-0.24861766397953033,-0.07615460455417633,-0.1073363721370697,-0.3792850375175476,-0.10134072601795197,-0.034786418080329895,-0.4228912889957428,-0.12624453008174896,-0.13808348774909973,-0.5097731351852417,-0.028892772272229195,-0.14693056046962738,-0.7067397236824036,-0.06478926539421082,-0.14721903204917908,-0.830473005771637,-0.10056363046169281,-0.14636002480983734,-0.9375686049461365,-0.12826700508594513,-0.06297365576028824,-0.5257461071014404,-0.03760462626814842,-0.06921149045228958,-0.7419057488441467,-0.06535541266202927,-0.07163532078266144,-0.8793267607688904,-0.09659164398908615,-0.07370496541261673,-0.9972801208496094,-0.12043452262878418,0.008474340662360191,-0.500068187713623,-0.05445109307765961,0.008879677392542362,-0.6962628364562988,-0.07910014688968658,0.00719542196020484,-0.8179622292518616,-0.10124270617961884,0.004535674583166838,-0.9240998029708862,-0.11797185242176056,0.08017231523990631,-0.4468236565589905,-0.07844211906194687,0.08565497398376465,-0.6093717813491821,-0.09858164936304092,0.08424268662929535,-0.710089921951294,-0.10565722733736038,0.08101943135261536,-0.7997532486915588,-0.1111757904291153
B,0.0,0.0,0.0,-0.11689700186252594,-0.09644746780395508,-0.050309836864471436,-0.17147858440876007,-0.2683945596218109,-0.07646403461694717,-0.11401531100273132,-0.4056156873703003,-0.10120824724435806,-0.03200097382068634,-0.43132317066192627,-0.1250535547733307,-0.1395784467458725,-0.5268490314483643,-0.02096165344119072,-0.14754879474639893,-0.7180668711662292,-0.05189412832260132,-0.14972203969955444,-0.836699366569519,-0.08650339394807816,-0.1504911184310913,-0.9427747130393982,-0.1154867485165596,-0.06599404662847519,-0.5434163808822632,-0.028773993253707886,-0.07246977835893631,-0.7514195442199707,-0.050833914428949356,-0.07350873202085495,-0.8811807632446289,-0.07922002673149109,-0.07528387755155563,-0.9971621036529541,-0.10276101529598236,0.004163023550063372,-0.517708420753479,-0.04542779549956322,0.0024221050553023815,-0.7076597213745117,-0.06485796719789505,0.0012185084633529186,-0.8263249397277832,-0.08534898608922958,-0.0027362355031073093,-0.9332869052886963,-0.10271024703979492,0.07461821287870407,-0.46075156331062317,-0.07005230337381363,0.07504161447286606,-0.6166839599609375,-0.08583538234233856,0.07191877067089081,-0.7135428786277771,-0.09239967167377472,0.06623190641403198,-0.7998340129852295,-0.09910008311271667
B,0.0,0.0,0.0,-0.10963407158851624,-0.09119751304388046,-0.05946788936853409,-0.1602712869644165,-0.2536955773830414,-0.09153137356042862,-0.0988784059882164,-0.3838416039943695,-0.11988181620836258,-0.0222182534635067,-0.41269350051879883,-0.14677472412586212,-0.11987529695034027,-0.5245383977890015,-0.035795796662569046,-0.12372616678476334,-0.7106152176856995,-0.0741240456700325,-0.12173298001289368,-0.8321613073348999,-0.11302782595157623,-0.11681781709194183,-0.9385337829589844,-0.1436963528394699,-0.047075022011995316,-0.538952648639679,-0.03979305922985077,-0.049867287278175354,-0.7479063868522644,-0.06812388449907303,-0.04961877316236496,-0.8805203437805176,-0.09934718161821365,-0.046907175332307816,-0.9988993406295776,-0.1239323541522026,0.021720755845308304,-0.5094233155250549,-0.052887387573719025,0.024890290573239326,-0.7036096453666687,-0.07711423188447952,0.026746312156319618,-0.8260855674743652,-0.09928581863641739,0.028731683269143105,-0.9348795413970947,-0.11715041100978851,0.09144922345876694,-0.4450838267803192,-0.0744348093867302,0.09754487127065659,-0.5973141193389893,-0.09339438378810883,0.09699075669050217,-0.6951202154159546,-0.10132362693548203,0.09558627009391785,-0.784522533416748,-0.10842891782522202
B,0.0,0.0,0.0,-0.10764390975236893,-0.10597096383571625,-0.0712064877152443,-0.14806032180786133,-0.2554439604282379,-0.11113204061985016,-0.07918140292167664,-0.3850933015346527,-0.14406128227710724,0.000900261802598834,-0.415624737739563,-0.174473837018013,-0.10327727347612381,-0.5233399271965027,-0.05249803513288498,-0.09536797553300858,-0.7183300852775574,-0.09268519282341003,-0.0847906842827797,-0.8408737182617188,-0.13163354992866516,-0.07378552854061127,-0.9489206075668335,-0.1620704084634781,-0.02566426433622837,-0.5338454842567444,-0.050440117716789246,-0.014443730004131794,-0.7512646913528442,-0.07963919639587402,-0.00238899071700871,-0.8809396624565125,-0.10910447686910629,0.007093123160302639,-0.9999749064445496,-0.13296253979206085,0.04286006838083267,-0.49691739678382874,-0.057649899274110794,0.059621844440698624,-0.6916853785514832,-0.08275862783193588,0.06906256079673767,-0.8096067905426025,-0.10146024078130722,0.07728097587823868,-0.9128869771957397,-0.11664382368326187,0.11214487254619598,-0.4249383211135864,-0.07409548759460449,0.12729859352111816,-0.5799897909164429,-0.09134083986282349,0.13527116179466248,-0.6764534115791321,-0.09538885205984116,0.140811949968338,-0.7626081109046936,-0.0999438613653183
B,0.0,0.0,0.0,-0.10714161396026611,-0.09561663120985031,-0.06704309582710266,-0.15878871083259583,-0.2515163719654083,-0.10357866436243057,-0.09885778278112411,-0.38846614956855774,-0.1345585137605667,-0.014683482237160206,-0.4280042350292206,-0.163356214761734,-0.11192532628774643,-0.5297980904579163,-0.04332961142063141,-0.10470171272754669,-0.7219477891921997,-0.08063621819019318,-0.09360099583864212,-0.8411828875541687,-0.11908219009637833,-0.08246168494224548,-0.9476296901702881,-0.15054862201213837,-0.03386504575610161,-0.5414817333221436,-0.044177670031785965,-0.02131601795554161,-0.7534313797950745,-0.07066946476697922,-0.010395100340247154,-0.8805574178695679,-0.1015230268239975,-0.002217452973127365,-0.9999974370002747,-0.12807707488536835,0.034424133598804474,-0.5082762837409973,-0.05452215299010277,0.051796406507492065,-0.6969040036201477,-0.07771385461091995,0.05866368114948273,-0.818641722202301,-0.09958644211292267,0.06319781392812729,-0.9289283752441406,-0.11913006007671356,0.10267089307308197,-0.43923768401145935,-0.07394369691610336,0.11717527359724045,-0.5912832617759705,-0.09280622005462646,0.12322252243757248,-0.6907508969306946,-0.10122648626565933,0.12614095211029053,-0.7821595072746277,-0.11008604615926743
B,0.0,0.0,0.0,-0.10544157773256302,-0.09611877799034119,-0.0654117614030838,-0.15489213168621063,-0.2528561055660248,-0.10050918906927109,-0.09643444418907166,-0.38900089263916016,-0.1300610899925232,-0.014399661682546139,-0.41895127296447754,-0.15743961930274963,-0.11174608021974564,-0.5247138142585754,-0.04010996222496033,-0.10468725860118866,-0.7170588374137878,-0.07486607879400253,-0.093793123960495,-0.8367907404899597,-0.11234425008296967,-0.08233471214771271,-0.9446755051612854,-0.1432303488254547,-0.035222675651311874,-0.5372876524925232,-0.04035007581114769,-0.023837756365537643,-0.7509918212890625,-0.06314794719219208,-0.011852850206196308,-0.8798285722732544,-0.09213917702436447,-0.002540380461141467,-0.9999967813491821,-0.1176425963640213,0.03271088749170303,-0.5050761699676514,-0.04983668401837349,0.048328548669815063,-0.6951563954353333,-0.06920485198497772,0.05546947196125984,-0.8157119154930115,-0.0896437019109726,0.0595540851354599,-0.9238075613975525,-0.10854171961545944,0.10087192803621292,-0.43821489810943604,-0.06840667873620987,0.11396298557519913,-0.587600827217102,-0.08333097398281097,0.11981242150068283,-0.6833882927894592,-0.0896853432059288,0.12254445254802704,-0.7693524360656738,-0.09743284434080124
B,0.0,0.0,0.0,-0.1061726063489914,-0.10047584027051926,-0.06015629321336746,-0.15235793590545654,-0.2700560688972473,-0.08985836803913116,-0.08694373071193695,-0.40599215030670166,-0.1154521256685257,-0.00219412031583488,-0.42831140756607056,-0.13941547274589539,-0.11196154356002808,-0.5332880020141602,-0.029887832701206207,-0.10539352893829346,-0.7251033782958984,-0.06099670007824898,-0.09632930904626846,-0.8420912027359009,-0.0954766571521759,-0.08722802251577377,-0.9460136294364929,-0.12417120486497879,-0.03425327688455582,-0.5419578552246094,-0.03149253875017166,-0.02573147602379322,-0.7545185685157776,-0.05231836438179016,-0.018161261454224586,-0.8842146992683411,-0.08021526038646698,-0.012499037198722363,-0.9999218583106995,-0.1042654737830162,0.03526224568486214,-0.5081720352172852,-0.042362820357084274,0.04966847226023674,-0.6942924857139587,-0.060124143958091736,0.05696965754032135,-0.813665509223938,-0.08123721927404404,0.06078644096851349,-0.9194154143333435,-0.10016543418169022,0.10309037566184998,-0.441999614238739,-0.06193646416068077,0.11781727522611618,-0.587942898273468,-0.07571029663085938,0.12290046364068985,-0.6826791167259216,-0.08240371197462082,0.1257672756910324,-0.7680801153182983,-0.0902244970202446
B,0.0,0.0,0.0,-0.10698208212852478,-0.09291572123765945,-0.06258256733417511,-0.15661035478115082,-0.25009995698928833,-0.0950387716293335,-0.1001143530011177,-0.38769543170928955,-0.12283346801996231,-0.025938114151358604,-0.4353477358818054,-0.14860799908638,-0.11084006726741791,-0.5263735055923462,-0.03650183603167534,-0.10795112699270248,-0.7204728126525879,-0.07188580185174942,-0.10021502524614334,-0.8388366103172302,-0.10856448113918304,-0.09118840843439102,-0.9448806643486023,-0.13844481110572815,-0.03427823632955551,-0.5368638634681702,-0.03869336470961571,-0.029611140489578247,-0.7501400709152222,-0.06434857845306396,-0.023258477449417114,-0.8806500434875488,-0.09522376954555511,-0.017699457705020905,-0.9998433589935303,-0.1212913990020752,0.034755878150463104,-0.503921389579773,-0.0503246933221817,0.046435169875621796,-0.6926866173744202,-0.07365623116493225,0.053575217723846436,-0.8124904036521912,-0.09676320105791092,0.057403627783060074,-0.9215471744537354,-0.116615891456604,0.10323239117860794,-0.4379904270172119,-0.07046323269605637,0.11567437648773193,-0.5871132016181946,-0.09024012088775635,0.11925844848155975,-0.6831856369972229,-0.09994581341743469,0.12027857452630997,-0.7729031443595886,-0.10929355025291443
B,0.0,0.0,0.0,-0.10695487260818481,-0.10201112180948257,-0.05774237960577011,-0.15390412509441376,-0.2649281919002533,-0.08755361288785934,-0.09288281947374344,-0.4013334810733795,-0.11353625357151031,-0.014174135401844978,-0.4237535893917084,-0.13815301656723022,-0.11176752299070358,-0.5305666327476501,-0.029727447777986526,-0.10836874693632126,-0.722533106803894,-0.0614437609910965,-0.09955915808677673,-0.8407421112060547,-0.09772208333015442,-0.0898481160402298,-0.9473237991333008,-0.12798379361629486,-0.035858552902936935,-0.5410252213478088,-0.03317512571811676,-0.02831169404089451,-0.7535077929496765,-0.05430477112531662,-0.019500985741615295,-0.8821484446525574,-0.08308728784322739,-0.013370245695114136,-0.9999105334281921,-0.10817525535821915,0.032765667885541916,-0.5076772570610046,-0.04565587639808655,0.047306351363658905,-0.6980695128440857,-0.0643148198723793,0.05279852822422981,-0.8175318837165833,-0.08555933088064194,0.054457735270261765,-0.9244115352630615,-0.10469815135002136,0.1013847067952156,-0.44129204750061035,-0.06663534790277481,0.11677362769842148,-0.592907190322876,-0.08188901096582413,0.12324030697345734,-0.6895003914833069,-0.08882325142621994,0.1261400729417801,-0.775734007358551,-0.09677959978580475
B,0.0,0.0,0.0,-0.10680517554283142,-0.10274641960859299,-0.06356336921453476,-0.1536140739917755,-0.2578662037849426,-0.09835363179445267,-0.09626515209674835,-0.39145997166633606,-0.1280580759048462,-0.01756993494927883,-0.4248211979866028,-0.1558314561843872,-0.10535000264644623,-0.5271424055099487,-0.03954970836639404,-0.10180559754371643,-0.7190342545509338,-0.07535885274410248,-0.09201392531394958,-0.8373205065727234,-0.1139066070318222,-0.08084480464458466,-0.9439747929573059,-0.14529867470264435,-0.02874288521707058,-0.5375967025756836,-0.04130048304796219,-0.020793022587895393,-0.751420795917511,-0.06575018912553787,-0.012397967278957367,-0.879544734954834,-0.09664872288703918,-0.006826271768659353,-0.9999767541885376,-0.12341876327991486,0.038853395730257034,-0.5037899017333984,-0.05210225656628609,0.05378612503409386,-0.6933844685554504,-0.0731501504778862,0.05936989188194275,-0.8138315081596375,-0.09463169425725937,0.06207636743783951,-0.9211417436599731,-0.11411319673061371,0.10788803547620773,-0.4348013997077942,-0.07176895439624786,0.12170100957155228,-0.58525151014328,-0.0878777727484703,0.12741948664188385,-0.6819369196891785,-0.09455564618110657,0.1294952929019928,-0.7694144248962402,-0.10252498835325241
B,0.0,0.0,0.0,-0.10507864505052567,-0.09766038507223129,-0.060621075332164764,-0.1518353968858719,-0.25922414660453796,-0.09228955209255219,-0.09282462298870087,-0.3932463526725769,-0.11999358981847763,-0.014719491824507713,-0.4220429062843323,-0.14600062370300293,-0.10951359570026398,-0.5286542773246765,-0.033266060054302216,-0.10378475487232208,-0.7202414870262146,-0.06633716076612473,-0.09574367105960846,-0.8379616737365723,-0.10234393924474716,-0.08687129616737366,-0.9442954659461975,-0.1322733759880066,-0.032855138182640076,-0.5375131964683533,-0.03624705970287323,-0.024798495694994926,-0.749494194984436,-0.060486648231744766,-0.01762264221906662,-0.8804239630699158,-0.09109809994697571,-0.01169006247073412,-0.9999316930770874,-0.1168777123093605,0.03701746091246605,-0.5034789443016052,-0.04825412482023239,0.05066359043121338,-0.6942358016967773,-0.07018719613552094,0.05801521986722946,-0.8150294423103333,-0.0928628072142601,0.06231565773487091,-0.9238577485084534,-0.11220696568489075,0.10624581575393677,-0.43750429153442383,-0.06873346120119095,0.11946023255586624,-0.588756799697876,-0.08674425631761551,0.12354408204555511,-0.6867529153823853,-0.09506849944591522,0.12610425055027008,-0.7766126990318298,-0.1034616008400917
B,0.0,0.0,0.0,-0.10529454052448273,-0.09326773136854172,-0.06086689606308937,-0.15374469757080078,-0.25054681301116943,-0.09335688501596451,-0.09535472095012665,-0.3845360279083252,-0.12179991602897644,-0.01899474859237671,-0.42116889357566833,-0.1487444043159485,-0.1110454872250557,-0.5255172252655029,-0.034994885325431824,-0.10561298578977585,-0.7171145081520081,-0.07010842859745026,-0.09720589220523834,-0.8351592421531677,-0.10711359977722168,-0.08753733336925507,-0.9416592121124268,-0.13752970099449158,-0.03394319489598274,-0.535964846611023,-0.03864069655537605,-0.02534104324877262,-0.7490015625953674,-0.06376638263463974,-0.01750367321074009,-0.8800994157791138,-0.0947146788239479,-0.010800102725625038,-0.9999417662620544,-0.12081602215766907,0.03592361882328987,-0.5022848844528198,-0.05148334056138992,0.04978014901280403,-0.6916805505752563,-0.07384835183620453,0.05678398907184601,-0.8120471835136414,-0.09646426886320114,0.060526181012392044,-0.9218994379043579,-0.11622007191181183,0.10450752079486847,-0.43455809354782104,-0.07282757014036179,0.11809459328651428,-0.581068217754364,-0.09130070358514786,0.12324567884206772,-0.6764355897903442,-0.0995887964963913,0.12648092210292816,-0.7649572491645813,-0.10817988216876984
B,0.0,0.0,0.0,-0.11231834441423416,-0.09674059599637985,-0.05352529138326645,-0.16890086233615875,-0.25164878368377686,-0.08371289074420929,-0.12991724908351898,-0.3993101119995117,-0.11210496723651886,-0.060512885451316833,-0.4759979248046875,-0.13827362656593323,-0.1341315358877182,-0.5307934880256653,-0.018356341868638992,-0.13082794845104218,-0.7242394089698792,-0.05374649167060852,-0.12126368284225464,-0.8432207703590393,-0.09246786683797836,-0.11115970462560654,-0.9470199942588806,-0.12335173785686493,-0.05498501658439636,-0.5458788275718689,-0.02524106204509735,-0.05135222151875496,-0.7600145936012268,-0.05081610381603241,-0.048120733350515366,-0.8860625624656677,-0.08364252746105194,-0.04585152119398117,-0.9989482164382935,-0.11062709987163544,0.018584847450256348,-0.5207703709602356,-0.04170866310596466,0.02328449860215187,-0.7193190455436707,-0.06443224847316742,0.022911690175533295,-0.8406147956848145,-0.0838814303278923,0.0225234255194664,-0.9470407962799072,-0.10145565122365952,0.09273789077997208,-0.4634619355201721,-0.06606069207191467,0.09890522807836533,-0.6198351383209229,-0.08418280631303787,0.09868507087230682,-0.7207656502723694,-0.08944389969110489,0.0981832817196846,-0.8140028715133667,-0.09538935869932175
B,0.0,0.0,0.0,-0.1126885637640953,-0.10253261774778366,-0.05146266892552376,-0.16767080128192902,-0.2696148455142975,-0.0807955414056778,-0.11644740402698517,-0.4184967875480652,-0.10858416557312012,-0.031388167291879654,-0.47331511974334717,-0.13480737805366516,-0.13671830296516418,-0.5443115234375,-0.015443018637597561,-0.1313275545835495,-0.7376412749290466,-0.049197275191545486,-0.12274123728275299,-0.8542964458465576,-0.08809858560562134,-0.11439704895019531,-0.9537867307662964,-0.11982361227273941,-0.0583755262196064,-0.5594420433044434,-0.023307684808969498,-0.054830219596624374,-0.7723574638366699,-0.048185624182224274,-0.05255848914384842,-0.8933906555175781,-0.08093836903572083,-0.05289188399910927,-0.9986002445220947,-0.1081983670592308,0.01657003164291382,-0.5334708094596863,-0.04048006981611252,0.024784736335277557,-0.7359666228294373,-0.06507059931755066,0.02627171389758587,-0.8486791849136353,-0.0850522369146347,0.02599932812154293,-0.9408521056175232,-0.10263301432132721,0.09373516589403152,-0.4748465120792389,-0.06513523310422897,0.11246174573898315,-0.6314534544944763,-0.08492154628038406,0.1240713894367218,-0.7243300676345825,-0.08933047205209732,0.13489539921283722,-0.8036968111991882,-0.09465561807155609
B,0.0,0.0,0.0,-0.10785819590091705,-0.18369612097740173,-0.01408208068460226,-0.14447665214538574,-0.3660718500614166,-0.019459521397948265,-0.1014290452003479,-0.5223508477210999,-0.030754121020436287,-0.06351002305746078,-0.6182339787483215,-0.03996337577700615,-0.11400530487298965,-0.564911425113678,0.04936404898762703,-0.10921413451433182,-0.7463842034339905,0.03689953312277794,-0.10218312591314316,-0.8604339361190796,0.009148789569735527,-0.09372200071811676,-0.9631732702255249,-0.012857521884143353,-0.04999735206365585,-0.5744966268539429,0.035367220640182495,-0.0378883071243763,-0.7688682079315186,0.03445853292942047,-0.031100822612643242,-0.8951064944267273,0.009427851997315884,-0.0236220546066761,-0.9997209906578064,-0.011867018416523933,0.011383449658751488,-0.5523672699928284,0.013465779833495617,0.029893523082137108,-0.7251095771789551,0.01314546074718237,0.034257613122463226,-0.8465191721916199,-0.0033122538588941097,0.03629108518362045,-0.9434109330177307,-0.01933859847486019,0.07291140407323837,-0.5001044869422913,-0.01338162925094366,0.09101668745279312,-0.6387045383453369,-0.012202687561511993,0.09456823766231537,-0.732358992099762,-0.011013222858309746,0.09392575174570084,-0.8145278096199036,-0.011979494243860245
B,0.0,0.0,0.0,-0.12558655440807343,-0.15724560618400574,-0.00923641212284565,-0.16945724189281464,-0.3571924567222595,-0.012109159491956234,-0.12745974957942963,-0.517738401889801,-0.022230472415685654,-0.07610251009464264,-0.5705518126487732,-0.03156929090619087,-0.12731994688510895,-0.5752706527709961,0.05106852576136589,-0.1202646791934967,-0.7579914927482605,0.039504993706941605,-0.1087903156876564,-0.8607221841812134,0.015219662338495255,-0.09387576580047607,-0.9514248371124268,-0.0057112788781523705,-0.054108936339616776,-0.5806379914283752,0.030369460582733154,-0.04154893010854721,-0.7856982946395874,0.029173610731959343,-0.029746515676379204,-0.901625394821167,0.010178948752582073,-0.0173443965613842,-0.9998495578765869,-0.00779582466930151,0.014904430136084557,-0.5501747727394104,0.0013800642918795347,0.03239133208990097,-0.738781213760376,0.00031862850300967693,0.040257494896650314,-0.8457216024398804,-0.007105670403689146,0.04484499990940094,-0.9380291104316711,-0.017971834167838097,0.08253702521324158,-0.490980327129364,-0.033142223954200745,0.09559822082519531,-0.6373374462127686,-0.030285431072115898,0.1009940579533577,-0.7304374575614929,-0.02253708615899086,0.10397772490978241,-0.8160097599029541,-0.02063676156103611
B,0.0,0.0,0.0,-0.11836402863264084,-0.12597869336605072,-0.02756808139383793,-0.16610057651996613,-0.3028763234615326,-0.039782244712114334,-0.12828300893306732,-0.45623472332954407,-0.05468505620956421,-0.0817849412560463,-0.5485529899597168,-0.06718297302722931,-0.10681653022766113,-0.5410734415054321,0.017483185976743698,-0.09879806637763977,-0.7353646755218506,-0.006366074550896883,-0.08391227573156357,-0.8477972745895386,-0.03576873242855072,-0.06636630743741989,-0.9442239999771118,-0.058669563382864,-0.028721095994114876,-0.5503533482551575,0.0035703929606825113,-0.015866173431277275,-0.7687668204307556,-0.009667727164924145,-0.002404395956546068,-0.894692063331604,-0.03234308958053589,0.010446181520819664,-0.9999454021453857,-0.05188041552901268,0.04131082817912102,-0.5223017930984497,-0.0191972516477108,0.057379480451345444,-0.7168793082237244,-0.030835479497909546,0.06393454223871231,-0.8329209089279175,-0.04158783331513405,0.06676504015922546,-0.9294477105140686,-0.053385891020298004,0.11252966523170471,-0.4635949432849884,-0.04832351952791214,0.12901921570301056,-0.6121031045913696,-0.055791012942790985,0.13425946235656738,-0.7059904932975769,-0.053791746497154236,0.13496030867099762,-0.7877681851387024,-0.05483540892601013
B,0.0,0.0,0.0,-0.11970199644565582,-0.14392566680908203,-0.03592301160097122,-0.1595517247915268,-0.34015795588493347,-0.048490166664123535,-0.10857067257165909,-0.4989418685436249,-0.06240127235651016,-0.03910301625728607,-0.54437655210495,-0.07292383909225464,-0.11062444001436234,-0.5447350740432739,0.026418736204504967,-0.10284430533647537,-0.7407786846160889,0.009381416253745556,-0.08493293821811676,-0.852361261844635,-0.017728548496961594,-0.06543208658695221,-0.9489046335220337,-0.040067221969366074,-0.032168805599212646,-0.5537120699882507,0.019985290244221687,-0.019277134910225868,-0.7686889171600342,0.0142814377322793,-0.0035184419248253107,-0.8940944671630859,-0.00635018153116107,0.010809298604726791,-0.9999415874481201,-0.024875694885849953,0.03934298828244209,-0.5243507027626038,0.0037410801742225885,0.05698096379637718,-0.7117334604263306,0.0001841218036133796,0.06455108523368835,-0.8257879018783569,-0.009544061496853828,0.06863483041524887,-0.9176350235939026,-0.021096691489219666,0.1146010011434555,-0.465350866317749,-0.0201350599527359,0.1347644031047821,-0.607262134552002,-0.016895104199647903,0.14265534281730652,-0.698776364326477,-0.010859500616788864,0.1464158594608307,-0.7771819829940796,-0.010270657017827034
B,0.0,0.0,0.0,-0.12422952055931091,-0.13106711208820343,-0.032546889036893845,-0.16885843873023987,-0.32598891854286194,-0.04402278736233711,-0.12672419846057892,-0.49017974734306335,-0.05691791698336601,-0.05813192203640938,-0.5362086296081543,-0.06718248128890991,-0.11386799067258835,-0.5273334383964539,0.01938464306294918,-0.10901953279972076,-0.7207210659980774,0.0003339818795211613,-0.0968322902917862,-0.8330647945404053,-0.026345355436205864,-0.08258980512619019,-0.9297575950622559,-0.04773329943418503,-0.037019282579422,-0.5387322306632996,0.011003218591213226,-0.025982055813074112,-0.76132732629776,0.0031438933219760656,-0.014775044284760952,-0.8913244605064392,-0.015371196903288364,-0.004925563465803862,-0.9999879002571106,-0.031297072768211365,0.03316797688603401,-0.511749267578125,-0.00616274680942297,0.04776964336633682,-0.7082468867301941,-0.01178461778908968,0.0527937225997448,-0.8225791454315186,-0.019450630992650986,0.0553366057574749,-0.9123458862304688,-0.028694191947579384,0.10538502037525177,-0.4557419717311859,-0.030422192066907883,0.12247882038354874,-0.5994081497192383,-0.02948278747498989,0.1301395148038864,-0.6915459632873535,-0.023088039830327034,0.13330373167991638,-0.7678776979446411,-0.021536672487854958
B,0.0,0.0,0.0,-0.12196774035692215,-0.12101508677005768,-0.03593683987855911,-0.17179268598556519,-0.30677610635757446,-0.0503164678812027,-0.13003017008304596,-0.46461817622184753,-0.06465193629264832,-0.06630370020866394,-0.5410422682762146,-0.07524392753839493,-0.11895503848791122,-0.5300915241241455,0.008835513144731522,-0.11421789228916168,-0.7326489686965942,-0.015104349702596664,-0.10047288984060287,-0.8508647084236145,-0.04474308341741562,-0.08554407954216003,-0.9478045105934143,-0.0671469196677208,-0.03902272507548332,-0.5411164164543152,0.0016455131117254496,-0.027440145611763,-0.764156699180603,-0.00991351529955864,-0.015863021835684776,-0.8942685723304749,-0.032181981950998306,-0.0058035338297486305,-0.9999831914901733,-0.05046446993947029,0.031746696680784225,-0.5135756731033325,-0.014036145992577076,0.045757077634334564,-0.7101253867149353,-0.02129637449979782,0.05212220177054405,-0.8280773758888245,-0.030146336182951927,0.056640733033418655,-0.9188001155853271,-0.04058326780796051,0.10619986057281494,-0.45584604144096375,-0.03673313930630684,0.12355411052703857,-0.5995421409606934,-0.037414517253637314,0.1278059333562851,-0.6917271018028259,-0.031067021191120148,0.12824080884456635,-0.7668713331222534,-0.028911825269460678
B,0.0,0.0,0.0,-0.1197725310921669,-0.12805497646331787,-0.029802724719047546,-0.1596749722957611,-0.3154776394367218,-0.042408138513565063,-0.11644203215837479,-0.46687185764312744,-0.05636272579431534,-0.06734693050384521,-0.5463035106658936,-0.06730560213327408,-0.10932222008705139,-0.5431632995605469,0.014442592859268188,-0.10075628757476807,-0.7415143251419067,-0.009109817445278168,-0.08366318047046661,-0.8574180006980896,-0.039149802178144455,-0.06469549238681793,-0.9547457695007324,-0.06237909197807312,-0.028757546097040176,-0.546368420124054,0.0025820862501859665,-0.01431237906217575,-0.763434648513794,-0.009184706024825573,0.0023514414206147194,-0.8932926058769226,-0.032605718821287155,0.018232939764857292,-0.9998337626457214,-0.05228998139500618,0.04193723201751709,-0.5108020901679993,-0.017652511596679688,0.05825347825884819,-0.7027217745780945,-0.027125515043735504,0.0686921700835228,-0.8173452019691467,-0.037334077060222626,0.07788524776697159,-0.9078938364982605,-0.04858504608273506,0.1145612969994545,-0.4464194178581238,-0.04426538944244385,0.13124610483646393,-0.5924582481384277,-0.049283578991889954,0.13745388388633728,-0.6871891617774963,-0.04540874436497688,0.14031395316123962,-0.7674189209938049,-0.044845860451459885
B,0.0,0.0,0.0,-0.11044921725988388,-0.12333821505308151,-0.0410192534327507,-0.15940195322036743,-0.29381608963012695,-0.06285300850868225,-0.11419142782688141,-0.44323208928108215,-0.0837404653429985,-0.05174834281206131,-0.5302101373672485,-0.1012018471956253,-0.10595730692148209,-0.5465196371078491,-0.004574145190417767,-0.09657128900289536,-0.7419071793556213,-0.03305715695023537,-0.08094541728496552,-0.8555751442909241,-0.06597445905208588,-0.06354835629463196,-0.953338086605072,-0.09129767119884491,-0.024851985275745392,-0.5500163435935974,-0.012245126999914646,-0.010296589694917202,-0.7665721774101257,-0.027995143085718155,0.004852076526731253,-0.8926987648010254,-0.052854567766189575,0.01994660682976246,-0.9998010396957397,-0.07432670891284943,0.04731529951095581,-0.5136895775794983,-0.028672698885202408,0.06438517570495605,-0.7021716833114624,-0.04088955372571945,0.07301732152700424,-0.81829434633255,-0.054034873843193054,0.07917019724845886,-0.9142652750015259,-0.06769522279500961,0.12168212234973907,-0.4470510482788086,-0.05219356343150139,0.1413291096687317,-0.5958702564239502,-0.06034428998827934,0.14625132083892822,-0.6922570466995239,-0.060035452246665955,0.14722493290901184,-0.7761169672012329,-0.062048979103565216
B,0.0,0.0,0.0,-0.11445407569408417,-0.1256932020187378,-0.04103013873100281,-0.16393010318279266,-0.3092065453529358,-0.060210149735212326,-0.11443748325109482,-0.4623616635799408,-0.079036645591259,-0.04447457566857338,-0.5349748134613037,-0.09434744715690613,-0.10900192707777023,-0.5509096384048462,0.003536497475579381,-0.09913681447505951,-0.7462080121040344,-0.02072877436876297,-0.08431056141853333,-0.8578864932060242,-0.05195564031600952,-0.06912688910961151,-0.9554734826087952,-0.07666101306676865,-0.025964559987187386,-0.5542235970497131,-0.002459040144458413,-0.009719522669911385,-0.7672634720802307,-0.013823652639985085,0.0047134761698544025,-0.8944064974784851,-0.037449706345796585,0.019300708547234535,-0.9998136758804321,-0.058199409395456314,0.046378374099731445,-0.5177320241928101,-0.017366591840982437,0.06502602994441986,-0.6997272372245789,-0.024131761863827705,0.07404857128858566,-0.8097037672996521,-0.035180170089006424,0.0800168365240097,-0.8963833451271057,-0.04766499996185303,0.1201702132821083,-0.4511847496032715,-0.039960671216249466,0.14117251336574554,-0.5917679071426392,-0.042648304253816605,0.14374525845050812,-0.6861137747764587,-0.04023687541484833,0.14207059144973755,-0.7662276029586792,-0.04097076505422592
B,0.0,0.0,0.0,-0.11609438061714172,-0.12652042508125305,-0.042657818645238876,-0.16502486169338226,-0.29270100593566895,-0.06532260030508041,-0.11895588785409927,-0.4431544244289398,-0.08578997850418091,-0.058009207248687744,-0.5296187996864319,-0.10243252664804459,-0.1063879206776619,-0.5389310717582703,-0.007600742857903242,-0.10028368979692459,-0.7360311150550842,-0.03386855497956276,-0.08485517650842667,-0.8479002714157104,-0.0661676898598671,-0.06680353730916977,-0.9468526840209961,-0.09202679991722107,-0.026204001158475876,-0.5447811484336853,-0.013691680505871773,-0.015769802033901215,-0.7641733884811401,-0.027290694415569305,-0.000997620285488665,-0.8899641036987305,-0.051663681864738464,0.012321293354034424,-0.9999241232872009,-0.07374721020460129,0.04318716377019882,-0.5090955495834351,-0.02828046679496765,0.058931831270456314,-0.700188398361206,-0.03958994895219803,0.0674467533826828,-0.8140785694122314,-0.052920762449502945,0.07259120047092438,-0.9094235897064209,-0.0677068680524826,0.11819141358137131,-0.4423442482948303,-0.049984633922576904,0.13856852054595947,-0.5866973996162415,-0.05855109542608261,0.14482979476451874,-0.6801306009292603,-0.059440407902002335,0.14566567540168762,-0.7655750513076782,-0.0631299689412117
B,0.0,0.0,0.0,-0.11721816658973694,-0.1199970617890358,-0.04505980759859085,-0.1688327044248581,-0.2810554504394531,-0.06839383393526077,-0.1252477467060089,-0.4305076003074646,-0.08883776515722275,-0.07381272315979004,-0.5247488617897034,-0.10508894175291061,-0.11280512064695358,-0.5417400598526001,-0.009912077337503433,-0.10369236767292023,-0.7407652735710144,-0.03659941256046295,-0.08677083253860474,-0.8542535305023193,-0.06890740990638733,-0.06818809360265732,-0.9538387060165405,-0.09465312212705612,-0.031251005828380585,-0.548314094543457,-0.015076683834195137,-0.01937965303659439,-0.7674431800842285,-0.029103823006153107,-0.003606602316722274,-0.8922127485275269,-0.05364946275949478,0.01112305000424385,-0.9999381303787231,-0.07570584863424301,0.03955317661166191,-0.5122749209403992,-0.02896866761147976,0.055966682732105255,-0.702634871006012,-0.04098668694496155,0.0655808374285698,-0.8164072632789612,-0.054775357246398926,0.07233765721321106,-0.9124038219451904,-0.06994131207466125,0.11589913815259933,-0.44460776448249817,-0.050045184791088104,0.13821235299110413,-0.5872822403907776,-0.059583134949207306,0.14637905359268188,-0.6795438528060913,-0.06110848858952522,0.1499178558588028,-0.7655121088027954,-0.06512277573347092
B,0.0,0.0,0.0,-0.11671677976846695,-0.12961424887180328,-0.035875555127859116,-0.16326478123664856,-0.2989387512207031,-0.05328621715307236,-0.11936112493276596,-0.4471428394317627,-0.06964639574289322,-0.06724314391613007,-0.5336940288543701,-0.08222369104623795,-0.11136019229888916,-0.5377448797225952,0.002371797803789377,-0.10399778932332993,-0.7361244559288025,-0.02078450284898281,-0.08727101236581802,-0.8482592105865479,-0.05073876306414604,-0.06852925568819046,-0.9460906386375427,-0.07477162033319473,-0.03161213546991348,-0.5438027381896973,-0.005650652572512627,-0.020786171779036522,-0.764655351638794,-0.018220067024230957,-0.005356040317565203,-0.8903501629829407,-0.04222032427787781,0.008016676642000675,-0.9999678134918213,-0.0634680911898613,0.037450533360242844,-0.5093356966972351,-0.021792680025100708,0.052902426570653915,-0.699715793132782,-0.032561156898736954,0.061482083052396774,-0.8156607151031494,-0.046422168612480164,0.0675186812877655,-0.9106965661048889,-0.061172738671302795,0.11293388158082962,-0.4441623091697693,-0.044359516352415085,0.13427399098873138,-0.5884881615638733,-0.05075689032673836,0.14298491179943085,-0.6820447444915771,-0.0507214218378067,0.14730164408683777,-0.767130970954895,-0.05399281531572342
B,0.0,0.0,0.0,-0.12083183228969574,-0.12538444995880127,-0.04388093203306198,-0.1717616766691208,-0.2942248284816742,-0.06427264213562012,-0.12342531979084015,-0.44222602248191833,-0.08221616595983505,-0.058936502784490585,-0.5152155160903931,-0.0959155336022377,-0.11805227398872375,-0.5356894135475159,-0.002639094600453973,-0.11198596656322479,-0.734492838382721,-0.026108749210834503,-0.09638244658708572,-0.8482384085655212,-0.05687369778752327,-0.07935460656881332,-0.9473800659179688,-0.08198492974042892,-0.03775102272629738,-0.5440337061882019,-0.006690701935440302,-0.028742896392941475,-0.7632109522819519,-0.01977781392633915,-0.014121116138994694,-0.8894658088684082,-0.04425346478819847,-0.001445407629944384,-0.999998927116394,-0.06595653295516968,0.03080620989203453,-0.5096455216407776,-0.01953437551856041,0.04535495117306709,-0.699479341506958,-0.030489623546600342,0.0532495379447937,-0.8159729838371277,-0.04505997151136398,0.05874105542898178,-0.9115437865257263,-0.06024172529578209,0.10666841268539429,-0.443671315908432,-0.039586786180734634,0.1265692561864853,-0.5884587168693542,-0.04607244208455086,0.13256891071796417,-0.6838719844818115,-0.046731021255254745,0.13435639441013336,-0.7701207995414734,-0.05051318556070328
B,0.0,0.0,0.0,-0.11704466491937637,-0.12267036736011505,-0.04118000343441963,-0.16663789749145508,-0.29518526792526245,-0.05957707017660141,-0.1201481893658638,-0.4444810450077057,-0.07625957578420639,-0.05938873067498207,-0.5198637247085571,-0.08925304561853409,-0.1169557198882103,-0.5358825325965881,0.0013217063387855887,-0.11114850640296936,-0.7333176136016846,-0.019455784931778908,-0.10073161125183105,-0.8455314636230469,-0.04811691865324974,-0.09059213101863861,-0.943162739276886,-0.07217574119567871,-0.0408981591463089,-0.5448100566864014,-0.004314284306019545,-0.031234877184033394,-0.7624772787094116,-0.016031714156270027,-0.01958335004746914,-0.8901929259300232,-0.03990374132990837,-0.010759810917079449,-0.9999421238899231,-0.06127263233065605,0.025065729394555092,-0.5114014148712158,-0.01865541562438011,0.0397607758641243,-0.7013245224952698,-0.02875700779259205,0.048448219895362854,-0.8180651664733887,-0.04418789595365524,0.05465942993760109,-0.913459300994873,-0.06047573313117027,0.09712428599596024,-0.44762998819351196,-0.03995280712842941,0.11698250472545624,-0.5895485281944275,-0.04683550447225571,0.12411021441221237,-0.6837477684020996,-0.04882855713367462,0.12803807854652405,-0.769000232219696,-0.053893133997917175
B,0.0,0.0,0.0,-0.11882688105106354,-0.13054430484771729,-0.039133526384830475,-0.16558384895324707,-0.29793691635131836,-0.05848228931427002,-0.11675012111663818,-0.4439564347267151,-0.07662836462259293,-0.05715816468000412,-0.5115534067153931,-0.09177454560995102,-0.11526842415332794,-0.5336852073669434,0.00014601847215089947,-0.11042614281177521,-0.7316397428512573,-0.023835886269807816,-0.09604907780885696,-0.84468674659729,-0.05577068403363228,-0.08072058856487274,-0.9437227249145508,-0.08205903321504593,-0.038213521242141724,-0.5424562096595764,-0.007262051571160555,-0.03005789965391159,-0.7632693648338318,-0.02084025926887989,-0.017002426087856293,-0.889209508895874,-0.04646382853388786,-0.007005125284194946,-0.9999754428863525,-0.06949397176504135,0.02774164453148842,-0.5088762640953064,-0.023051271215081215,0.041994739323854446,-0.7002627849578857,-0.034371428191661835,0.049388494342565536,-0.8169593214988708,-0.04904155060648918,0.0549623928964138,-0.9120679497718811,-0.06494049727916718,0.10095348209142685,-0.44352614879608154,-0.04583177715539932,0.12057484686374664,-0.5872174501419067,-0.053131915628910065,0.1279313862323761,-0.6816349029541016,-0.05382584407925606,0.13126292824745178,-0.7661593556404114,-0.0582101047039032
B,0.0,0.0,0.0,-0.11944340169429779,-0.11780942976474762,-0.041869595646858215,-0.17290009558200836,-0.28424856066703796,-0.06503850966691971,-0.13225986063480377,-0.43293261528015137,-0.08691679686307907,-0.06623397767543793,-0.5126477479934692,-0.1056390032172203,-0.12078775465488434,-0.5343266129493713,-0.0055009592324495316,-0.11672227829694748,-0.7324915528297424,-0.031705211848020554,-0.10623354464769363,-0.845405101776123,-0.06408906728029251,-0.09459610283374786,-0.9439669847488403,-0.09062235802412033,-0.047085464000701904,-0.5431297421455383,-0.013382570818066597,-0.0388588011264801,-0.7627841234207153,-0.029110919684171677,-0.028764264658093452,-0.8898102045059204,-0.05561229586601257,-0.02206435799598694,-0.9997565746307373,-0.0793287456035614,0.017610372975468636,-0.5111767649650574,-0.029884861782193184,0.0302736796438694,-0.7041631937026978,-0.04328179731965065,0.03664451465010643,-0.8233938217163086,-0.059803448617458344,0.040099240839481354,-0.9197616577148438,-0.07726345956325531,0.08826815336942673,-0.44883060455322266,-0.05334164947271347,0.10634314268827438,-0.5931032299995422,-0.06297805160284042,0.11247359216213226,-0.6886966824531555,-0.06618474423885345,0.11406177282333374,-0.7747020125389099,-0.07247722893953323
B,0.0,0.0,0.0,-0.12466698884963989,-0.1282338947057724,-0.03466401621699333,-0.17762939631938934,-0.2875957787036896,-0.054315388202667236,-0.13289357721805573,-0.4309752285480499,-0.07329877465963364,-0.06283316761255264,-0.48751306533813477,-0.08955416828393936,-0.12417421489953995,-0.5249964594841003,0.0013971654698252678,-0.12344574928283691,-0.722933292388916,-0.02282281406223774,-0.1132635846734047,-0.8367186188697815,-0.05695657804608345,-0.10183438658714294,-0.9371235370635986,-0.08553990721702576,-0.049919016659259796,-0.5375632643699646,-0.008621269837021828,-0.047174908220767975,-0.7611026763916016,-0.02291252464056015,-0.037160955369472504,-0.8868556618690491,-0.050149187445640564,-0.031882382929325104,-0.9994915723800659,-0.07456133514642715,0.013578126206994057,-0.5073745846748352,-0.02624652534723282,0.02133878692984581,-0.7047443985939026,-0.03692290559411049,0.025867130607366562,-0.8235954642295837,-0.05100565031170845,0.02917436696588993,-0.9192220568656921,-0.06677237153053284,0.08667463064193726,-0.44217419624328613,-0.0505133792757988,0.09878826141357422,-0.5939090251922607,-0.055719051510095596,0.10366500914096832,-0.6879332065582275,-0.053940046578645706,0.10502514243125916,-0.769002377986908,-0.05696120858192444
B,0.0,0.0,0.0,-0.12288807332515717,-0.12588846683502197,-0.03363353759050369,-0.17325079441070557,-0.291975736618042,-0.0515410490334034,-0.1272725909948349,-0.44000712037086487,-0.06903108954429626,-0.06089590862393379,-0.4924674928188324,-0.08376569300889969,-0.12393184006214142,-0.5254286527633667,0.005042629316449165,-0.12315040826797485,-0.7221944332122803,-0.017888125032186508,-0.1121843233704567,-0.8363191485404968,-0.05095767602324486,-0.10033855587244034,-0.9366835951805115,-0.07916281372308731,-0.0480055958032608,-0.5395146012306213,-0.005551517941057682,-0.046272166073322296,-0.7606363296508789,-0.019259203225374222,-0.036261964589357376,-0.8867753744125366,-0.04593833535909653,-0.03123975545167923,-0.9995119571685791,-0.0699291080236435,0.016859423369169235,-0.5101003646850586,-0.02387710101902485,0.022786583751440048,-0.7073207497596741,-0.03517327085137367,0.0269676111638546,-0.8254516124725342,-0.04911372810602188,0.029680391773581505,-0.9208238124847412,-0.06456807255744934,0.09087570756673813,-0.4467024505138397,-0.04878650978207588,0.10273987799882889,-0.5967852473258972,-0.055415429174900055,0.10756027698516846,-0.6918492317199707,-0.054641712456941605,0.10917550325393677,-0.7744453549385071,-0.058213621377944946
B,0.0,0.0,0.0,-0.12017262727022171,-0.11546653509140015,-0.045336563140153885,-0.17680834233760834,-0.27663493156433105,-0.07072816789150238,-0.13805291056632996,-0.42521387338638306,-0.09420459717512131,-0.06971345096826553,-0.49181294441223145,-0.11446349322795868,-0.1254156231880188,-0.5259231328964233,-0.008844945579767227,-0.12394595146179199,-0.7224133610725403,-0.036763545125722885,-0.11621196568012238,-0.837978184223175,-0.07124967128038406,-0.10744967311620712,-0.9381312131881714,-0.09935416281223297,-0.04830373078584671,-0.5382869243621826,-0.015615852549672127,-0.04440378397703171,-0.757853627204895,-0.0327267087996006,-0.03721698746085167,-0.8863956332206726,-0.05980493873357773,-0.03336397185921669,-0.9994432926177979,-0.08362498134374619,0.018677329644560814,-0.5089760422706604,-0.03112827241420746,0.02605237253010273,-0.7038689851760864,-0.045113708823919296,0.028649302199482918,-0.8224554061889648,-0.06025408208370209,0.02962419018149376,-0.9181394577026367,-0.07610532641410828,0.09248118102550507,-0.44808438420295715,-0.05409558117389679,0.10533609241247177,-0.5959072113037109,-0.06342102587223053,0.1085558608174324,-0.6929756999015808,-0.06479824334383011,0.10784942656755447,-0.7780619859695435,-0.06920067220926285
B,0.0,0.0,0.0,-0.11726893484592438,-0.10986237972974777,-0.05726693570613861,-0.1768004447221756,-0.25772660970687866,-0.0883595272898674,-0.13704636693000793,-0.40877819061279297,-0.11386644095182419,-0.06051298603415489,-0.4661110043525696,-0.13535337150096893,-0.1300833374261856,-0.5136442184448242,-0.030285995453596115,-0.1305352747440338,-0.714738130569458,-0.06221037730574608,-0.12077584117650986,-0.833924412727356,-0.09776236861944199,-0.10997261106967926,-0.9369232654571533,-0.12667101621627808,-0.05215252935886383,-0.5295705199241638,-0.031628772616386414,-0.0496109202504158,-0.7515035271644592,-0.05399186536669731,-0.04119735583662987,-0.8809128999710083,-0.08209066838026047,-0.03856572136282921,-0.9992560744285583,-0.10628356784582138,0.014470499940216541,-0.501173734664917,-0.04166977107524872,0.024663878604769707,-0.6937552690505981,-0.06104515120387077,0.027594223618507385,-0.8151125311851501,-0.07801340520381927,0.02859591878950596,-0.9168071746826172,-0.09402379393577576,0.08873480558395386,-0.43872126936912537,-0.05984770879149437,0.1034180074930191,-0.5880399942398071,-0.07348106801509857,0.10930809378623962,-0.6864705085754395,-0.07713591307401657,0.11218274384737015,-0.7728514075279236,-0.08253316581249237
B,0.0,0.0,0.0,-0.11589230597019196,-0.11523030698299408,-0.053725555539131165,-0.17463190853595734,-0.25981271266937256,-0.08522812277078629,-0.13418397307395935,-0.40623512864112854,-0.11187010258436203,-0.05688448250293732,-0.46695396304130554,-0.1348780393600464,-0.1286924183368683,-0.5142502784729004,-0.03017316572368145,-0.1280979961156845,-0.7179516553878784,-0.060983121395111084,-0.11655429750680923,-0.8359607458114624,-0.09602528810501099,-0.10390166193246841,-0.9395711421966553,-0.12491510808467865,-0.051378265023231506,-0.5296995043754578,-0.03341115638613701,-0.04742003232240677,-0.7540376782417297,-0.05376927927136421,-0.036282047629356384,-0.8828617930412292,-0.08140727877616882,-0.030857540667057037,-0.9995238184928894,-0.10603152960538864,0.015342519618570805,-0.500495433807373,-0.044831667095422745,0.02645326778292656,-0.6947368383407593,-0.06236566975712776,0.0307858157902956,-0.81626296043396,-0.0798749029636383,0.03223626688122749,-0.9177020192146301,-0.09723099321126938,0.08935070782899857,-0.4384530484676361,-0.06394369155168533,0.10468389093875885,-0.5879172086715698,-0.0775102898478508,0.11098245531320572,-0.6858878135681152,-0.08193814754486084,0.11331941932439804,-0.7723265886306763,-0.0883651003241539
B,0.0,0.0,0.0,-0.11576060205698013,-0.11585567891597748,-0.05394076555967331,-0.17049989104270935,-0.2623045742511749,-0.08506550639867783,-0.13095217943191528,-0.40782758593559265,-0.11129806190729141,-0.058759115636348724,-0.47666388750076294,-0.133873850107193,-0.12453925609588623,-0.5170406103134155,-0.02819618582725525,-0.12228969484567642,-0.7202814221382141,-0.05879349261522293,-0.10958732664585114,-0.8376520872116089,-0.09442199021577835,-0.09579730033874512,-0.9415346384048462,-0.12369788438081741,-0.046706534922122955,-0.5308457016944885,-0.03090357407927513,-0.04033178091049194,-0.7561349272727966,-0.04927820712327957,-0.028713690117001534,-0.883761465549469,-0.07675974071025848,-0.023309897631406784,-0.999728262424469,-0.10216420143842697,0.02002464048564434,-0.5007216334342957,-0.04200733080506325,0.03400195762515068,-0.6949672698974609,-0.05751537159085274,0.038335930556058884,-0.8142227530479431,-0.07419389486312866,0.03938673436641693,-0.9144124388694763,-0.0920277088880539,0.0942225307226181,-0.43821725249290466,-0.06097423657774925,0.11208786815404892,-0.5857455134391785,-0.07325020432472229,0.11881089955568314,-0.6834515929222107,-0.07725490629673004,0.12063221633434296,-0.7709610462188721,-0.08408821374177933
B,0.0,0.0,0.0,-0.12217072397470474,-0.11035552620887756,-0.0472664050757885,-0.1821201890707016,-0.26995280385017395,-0.07292886078357697,-0.14158444106578827,-0.4159834384918213,-0.0967009961605072,-0.06883197277784348,-0.4814921021461487,-0.1172521635890007,-0.12851624190807343,-0.5274772047996521,-0.008931045420467854,-0.12815983593463898,-0.7227436900138855,-0.03804408758878708,-0.11982212960720062,-0.8386407494544983,-0.0735679566860199,-0.10938261449337006,-0.9406498074531555,-0.10208814591169357,-0.05251346901059151,-0.541145384311676,-0.014672446995973587,-0.04912325367331505,-0.7582974433898926,-0.03231213241815567,-0.042889565229415894,-0.8864025473594666,-0.060745030641555786,-0.038357388228178024,-0.9992640614509583,-0.08504528552293777,0.015689188614487648,-0.51287841796875,-0.029423806816339493,0.02511255256831646,-0.704439640045166,-0.044099241495132446,0.02816544659435749,-0.8220095038414001,-0.06130828335881233,0.029118364676833153,-0.9173485636711121,-0.07802239060401917,0.08969937264919281,-0.45176616311073303,-0.05181121826171875,0.1076071634888649,-0.5959907174110413,-0.061902258545160294,0.11317887157201767,-0.691196084022522,-0.06465865671634674,0.1148986741900444,-0.7748818397521973,-0.06956235319375992
B,0.0,0.0,0.0,-0.12082381546497345,-0.10205832123756409,-0.045658618211746216,-0.18387556076049805,-0.2540477216243744,-0.07374147325754166,-0.14947250485420227,-0.39913278818130493,-0.10028450191020966,-0.0822104811668396,-0.4758771061897278,-0.12420468777418137,-0.1323244422674179,-0.518621027469635,-0.01913437433540821,-0.13460849225521088,-0.7143610715866089,-0.0527515672147274,-0.1298772394657135,-0.8317565321922302,-0.08973181992769241,-0.12219416350126266,-0.9350094795227051,-0.11900368332862854,-0.05596154183149338,-0.5329771637916565,-0.028138520196080208,-0.05544200539588928,-0.7537403702735901,-0.05080777406692505,-0.0513058565557003,-0.8842083811759949,-0.08124814927577972,-0.04806026816368103,-0.9988444447517395,-0.10689864307641983,0.014388011768460274,-0.5055443048477173,-0.04537127912044525,0.02107268013060093,-0.7002385258674622,-0.06473878771066666,0.023178013041615486,-0.8191552758216858,-0.08426274359226227,0.02259598672389984,-0.9161573052406311,-0.10246942937374115,0.08946109563112259,-0.44492653012275696,-0.06958305090665817,0.10200654715299606,-0.5930300354957581,-0.0847255140542984,0.10334094613790512,-0.6891798973083496,-0.09022632241249084,0.10001744329929352,-0.7733557224273682,-0.09680404514074326
B,0.0,0.0,0.0,-0.11768166720867157,-0.09812095016241074,-0.04401121661067009,-0.176702082157135,-0.24998481571674347,-0.07183919101953506,-0.15035903453826904,-0.3945807218551636,-0.09879528731107712,-0.09869672358036041,-0.47816216945648193,-0.12338317185640335,-0.13195522129535675,-0.5181459784507751,-0.019549323245882988,-0.1343449503183365,-0.7149828672409058,-0.05512263998389244,-0.13032039999961853,-0.8323477506637573,-0.09218554943799973,-0.123644158244133,-0.9362637400627136,-0.12128065526485443,-0.0577939972281456,-0.5301961898803711,-0.03057735227048397,-0.058495067059993744,-0.7493552565574646,-0.05635087192058563,-0.05590714141726494,-0.8824895620346069,-0.08718445152044296,-0.054128989577293396,-0.9985339641571045,-0.11269176751375198,0.013511343859136105,-0.5030718445777893,-0.04983280971646309,0.016295896843075752,-0.697799026966095,-0.07319997251033783,0.01833430305123329,-0.8169472217559814,-0.09184975922107697,0.01733286865055561,-0.9164823889732361,-0.10859759151935577,0.09003551304340363,-0.4438017010688782,-0.07577682286500931,0.09745567291975021,-0.590329647064209,-0.09467343240976334,0.09647122025489807,-0.6851941347122192,-0.100314661860466,0.09152872115373611,-0.7698763012886047,-0.10620053857564926
B,0.0,0.0,0.0,-0.13032758235931396,-0.11092565953731537,-0.03795343264937401,-0.19626620411872864,-0.2619830071926117,-0.06102505326271057,-0.16626426577568054,-0.41878440976142883,-0.08265241980552673,-0.09770996868610382,-0.47960785031318665,-0.10187441110610962,-0.147345632314682,-0.5154569149017334,-0.013818411156535149,-0.1545470803976059,-0.7172178626060486,-0.04113320633769035,-0.15258049964904785,-0.8297073841094971,-0.07520438730716705,-0.1512272208929062,-0.9306116700172424,-0.10457909852266312,-0.07181105762720108,-0.5336660146713257,-0.024293728172779083,-0.07781519740819931,-0.7584887146949768,-0.04282735288143158,-0.07449284195899963,-0.8831415176391602,-0.07006397098302841,-0.07798009365797043,-0.9969549179077148,-0.09521999955177307,-0.00436500133946538,-0.5085006952285767,-0.04182586446404457,-0.002957139629870653,-0.7058360576629639,-0.05802012234926224,-0.004100404214113951,-0.8258064985275269,-0.07343273609876633,-0.008478655479848385,-0.9238036274909973,-0.09046898782253265,0.07490304857492447,-0.4491710960865021,-0.06573526561260223,0.07867681235074997,-0.6012774109840393,-0.07810485363006592,0.07616031169891357,-0.6928750872612,-0.08046230673789978,0.06781940162181854,-0.7710072994232178,-0.08622851967811584
B,0.0,0.0,0.0,-0.12694038450717926,-0.11104857921600342,-0.04447581246495247,-0.1880587935447693,-0.27405744791030884,-0.07029484212398529,-0.1488989144563675,-0.4303797483444214,-0.09361941367387772,-0.06918155401945114,-0.464462548494339,-0.11451097577810287,-0.14042484760284424,-0.5214501023292542,-0.019480720162391663,-0.15096350014209747,-0.7168542742729187,-0.046838659793138504,-0.14947980642318726,-0.8262609243392944,-0.08019029349088669,-0.14739853143692017,-0.9254754781723022,-0.10932660102844238,-0.07014858722686768,-0.5404497981071472,-0.02619757317006588,-0.08047711849212646,-0.7602442502975464,-0.045231398195028305,-0.07900866121053696,-0.884049117565155,-0.06953595578670502,-0.083162322640419,-0.9965359568595886,-0.09242965281009674,-0.007016919087618589,-0.5153641700744629,-0.040753476321697235,-0.004563239868730307,-0.7114974856376648,-0.057418111711740494,-0.0056983595713973045,-0.8341349363327026,-0.07121731340885162,-0.00949282106012106,-0.9351816177368164,-0.08637329936027527,0.06676531583070755,-0.4565134346485138,-0.06262645125389099,0.06960688531398773,-0.6101790070533752,-0.07472575455904007,0.06705165654420853,-0.7062108516693115,-0.07743538916110992,0.06034437194466591,-0.7874831557273865,-0.08349748700857162
B,0.0,0.0,0.0,-0.1253102868795395,-0.09885665029287338,-0.04985719546675682,-0.18941724300384521,-0.2625730633735657,-0.07745569944381714,-0.14908622205257416,-0.41344428062438965,-0.10318684577941895,-0.06540767848491669,-0.4655294716358185,-0.12633636593818665,-0.13644905388355255,-0.5214771032333374,-0.01768624782562256,-0.1478675901889801,-0.7120556831359863,-0.049921222031116486,-0.1491527110338211,-0.8270676732063293,-0.08660013973712921,-0.14611583948135376,-0.9277405142784119,-0.11628155410289764,-0.06511635333299637,-0.5373151898384094,-0.0238443985581398,-0.07365353405475616,-0.7527943849563599,-0.04593305662274361,-0.07471530139446259,-0.8835306763648987,-0.07403985410928726,-0.07517881691455841,-0.9971700310707092,-0.09755516797304153,0.001972791040316224,-0.5125259160995483,-0.03903132304549217,0.0008362549706362188,-0.7075592875480652,-0.0572342649102211,-0.0013081833021715283,-0.829008162021637,-0.07421072572469711,-0.004612225107848644,-0.9284873604774475,-0.09000890702009201,0.0755542740225792,-0.4549199938774109,-0.062208566814661026,0.08092594891786575,-0.6062208414077759,-0.0749969333410263,0.07971818000078201,-0.7053648829460144,-0.07880309969186783,0.0754978284239769,-0.7898904085159302,-0.084235779941082
B,0.0,0.0,0.0,-0.12447792291641235,-0.09379201382398605,-0.03634908050298691,-0.19459858536720276,-0.25790804624557495,-0.05418366193771362,-0.18034151196479797,-0.4119807183742523,-0.07337068766355515,-0.13224036991596222,-0.49988824129104614,-0.09084644913673401,-0.15959131717681885,-0.519030749797821,-0.00048416672507300973,-0.177485853433609,-0.7139914631843567,-0.031634531915187836,-0.18159101903438568,-0.8341968655586243,-0.06500605493783951,-0.1790861189365387,-0.9361140727996826,-0.09077038615942001,-0.09611885249614716,-0.5370940566062927,-0.013203124515712261,-0.11508443206548691,-0.7491418123245239,-0.03885892778635025,-0.12250527739524841,-0.8815110325813293,-0.06837835162878036,-0.12444140762090683,-0.9922269582748413,-0.09071102738380432,-0.028773706406354904,-0.5171940922737122,-0.03482857719063759,-0.04114141687750816,-0.7141608595848083,-0.05932902544736862,-0.04893996939063072,-0.8381142616271973,-0.08015542477369308,-0.05569989234209061,-0.9394329190254211,-0.09648966789245605,0.04461628571152687,-0.46567386388778687,-0.06278373301029205,0.0461881123483181,-0.621846616268158,-0.08369678258895874,0.041131433099508286,-0.7276418805122375,-0.09322428703308105,0.03442908450961113,-0.8207876086235046,-0.10077754408121109
B,0.0,0.0,0.0,-0.12284095585346222,-0.08270127326250076,-0.04837518930435181,-0.20080243051052094,-0.23791512846946716,-0.07186618447303772,-0.17514242231845856,-0.3907913267612457,-0.09288065880537033,-0.10674247145652771,-0.45197224617004395,-0.11240722239017487,-0.1848488301038742,-0.5093021988868713,-0.016000661998987198,-0.20598198473453522,-0.7067711353302002,-0.04867875576019287,-0.20985347032546997,-0.8343573808670044,-0.0851808711886406,-0.20731458067893982,-0.9399776458740234,-0.11401116847991943,-0.11453504115343094,-0.529761552810669,-0.022993622347712517,-0.13860444724559784,-0.7405533790588379,-0.04481619969010353,-0.1435733288526535,-0.8750527501106262,-0.07291944324970245,-0.14149844646453857,-0.9899384379386902,-0.09566480666399002,-0.04519277065992355,-0.5069372653961182,-0.039370473474264145,-0.07248564064502716,-0.6923601627349854,-0.06179599463939667,-0.0785374790430069,-0.8229305148124695,-0.08215536177158356,-0.07490969449281693,-0.9313714504241943,-0.09957607835531235,0.02780889719724655,-0.44866129755973816,-0.06307587027549744,-0.003805132582783699,-0.5775623321533203,-0.08356945216655731,-0.020959489047527313,-0.6534411311149597,-0.08854717016220093,-0.028789065778255463,-0.7142506241798401,-0.09341012686491013
B,0.0,0.0,0.0,-0.13423359394073486,-0.07627078145742416,-0.03686905652284622,-0.21636176109313965,-0.23385588824748993,-0.052763745188713074,-0.19437359273433685,-0.39040103554725647,-0.06954339146614075,-0.13967549800872803,-0.47567760944366455,-0.08531949669122696,-0.19958096742630005,-0.5000461339950562,0.00115647679194808,-0.225131094455719,-0.6955893039703369,-0.03000064007937908,-0.2307250201702118,-0.8217564225196838,-0.0659106969833374,-0.23040220141410828,-0.9266748428344727,-0.09381752461194992,-0.12683963775634766,-0.5296159982681274,-0.010597865097224712,-0.15518195927143097,-0.7421689629554749,-0.03224111720919609,-0.16815000772476196,-0.874266505241394,-0.06165854632854462,-0.1763707548379898,-0.9843237996101379,-0.08479999750852585,-0.05348961800336838,-0.5189992785453796,-0.03131617233157158,-0.08070793747901917,-0.7101923227310181,-0.051756344735622406,-0.09715653210878372,-0.8346843719482422,-0.07044505327939987,-0.10790134221315384,-0.9366820454597473,-0.08669870346784592,0.025432545691728592,-0.4739437401294708,-0.05873292312026024,0.002999659860506654,-0.6171696186065674,-0.07689982652664185,-0.0167373176664114,-0.7079164385795593,-0.08197902888059616,-0.03506741300225258,-0.7861396074295044,-0.08686250448226929
B,0.0,0.0,0.0,-0.1310790628194809,-0.06203978508710861,-0.06018735095858574,-0.21181391179561615,-0.21324048936367035,-0.08974320441484451,-0.17673641443252563,-0.37129709124565125,-0.11495766788721085,-0.1132718101143837,-0.46409842371940613,-0.13810688257217407,-0.205524742603302,-0.48485299944877625,-0.03477761149406433,-0.22900690138339996,-0.6822065711021423,-0.073228619992733,-0.23134419322013855,-0.8045222759246826,-0.11240272969007492,-0.2303743064403534,-0.9121673703193665,-0.14240263402462006,-0.1323820799589157,-0.5213697552680969,-0.03567579388618469,-0.15600009262561798,-0.7362200617790222,-0.06169138103723526,-0.16546568274497986,-0.8702191710472107,-0.09195051342248917,-0.17255264520645142,-0.9850003123283386,-0.11710824817419052,-0.05964428931474686,-0.5128304958343506,-0.046469852328300476,-0.07212289422750473,-0.7096759080886841,-0.06872604787349701,-0.0820087194442749,-0.8309100270271301,-0.08939331769943237,-0.09250620752573013,-0.9311188459396362,-0.10748755186796188,0.019109075888991356,-0.4709413945674896,-0.06577790528535843,0.016797587275505066,-0.6262549161911011,-0.08572713285684586,0.004726944025605917,-0.7257840037345886,-0.0957840159535408,-0.009509044699370861,-0.8133948445320129,-0.10475516319274902
B,0.0,0.0,0.0,-0.1301892250776291,-0.06352820247411728,-0.04726610705256462,-0.214006245136261,-0.20853278040885925,-0.07276865094900131,-0.1979583501815796,-0.3635266423225403,-0.09631933271884918,-0.14697755873203278,-0.4633175730705261,-0.11908399313688278,-0.1999877542257309,-0.47730159759521484,-0.029101530089974403,-0.224771648645401,-0.6755470633506775,-0.06825155764818192,-0.23478254675865173,-0.8011618256568909,-0.1072859987616539,-0.24150477349758148,-0.9085243344306946,-0.13676254451274872,-0.12943756580352783,-0.5097355842590332,-0.036935191601514816,-0.1558055877685547,-0.7285884022712708,-0.06551050394773483,-0.1731075793504715,-0.8664851784706116,-0.09614591300487518,-0.1867285519838333,-0.9824116230010986,-0.12066727131605148,-0.05780136212706566,-0.5012080669403076,-0.053121279925107956,-0.07731001079082489,-0.7037979960441589,-0.07818751782178879,-0.0968777984380722,-0.8288493752479553,-0.09880098700523376,-0.11596193164587021,-0.9305518269538879,-0.11643149703741074,0.023089159280061722,-0.46076151728630066,-0.07628945261240005,0.015020185150206089,-0.6164762377738953,-0.09909151494503021,-0.006685825064778328,-0.714350163936615,-0.10884375125169754,-0.033619243651628494,-0.796324610710144,-0.11706075817346573
B,0.0,0.0,0.0,-0.1322939693927765,-0.06423558294773102,-0.04363927245140076,-0.21407611668109894,-0.21211929619312286,-0.06698763370513916,-0.19286231696605682,-0.364612340927124,-0.08990133553743362,-0.13435964286327362,-0.45396414399147034,-0.11263677477836609,-0.1998278647661209,-0.4836339056491852,-0.021198201924562454,-0.22648969292640686,-0.6742092967033386,-0.06013886258006096,-0.2385946661233902,-0.7999069094657898,-0.10061503946781158,-0.2466851770877838,-0.9081094861030579,-0.1315443068742752,-0.12943030893802643,-0.5154176950454712,-0.03188646212220192,-0.15741752088069916,-0.7274338006973267,-0.06082012131810188,-0.17707401514053345,-0.8620331883430481,-0.09484729915857315,-0.19372081756591797,-0.9810566902160645,-0.12214367091655731,-0.05958729237318039,-0.5060914158821106,-0.050853993743658066,-0.07921402901411057,-0.6974152326583862,-0.07623688876628876,-0.10065260529518127,-0.8215242028236389,-0.10043782740831375,-0.12069102376699448,-0.9236195683479309,-0.12076704949140549,0.016750777140259743,-0.4641866981983185,-0.07665928453207016,0.004396997392177582,-0.6141550540924072,-0.09759560227394104,-0.018903682008385658,-0.7081400156021118,-0.10718812793493271,-0.04640605300664902,-0.7852599024772644,-0.11607003957033157
B,0.0,0.0,0.0,-0.14456355571746826,-0.037771858274936676,-0.04520213603973389,-0.24764057993888855,-0.17391502857208252,-0.06707781553268433,-0.250948429107666,-0.33130964636802673,-0.0875813439488411,-0.20875553786754608,-0.4342106580734253,-0.10674042999744415,-0.23598438501358032,-0.45471271872520447,-0.020586248487234116,-0.2722024619579315,-0.6518278121948242,-0.05458085238933563,-0.28647008538246155,-0.7751940488815308,-0.08885027468204498,-0.29513463377952576,-0.8796017169952393,-0.11438094824552536,-0.16821029782295227,-0.4997541010379791,-0.027774685993790627,-0.20728135108947754,-0.720796525478363,-0.05161641538143158,-0.23075281083583832,-0.8570566177368164,-0.07795625925064087,-0.24830010533332825,-0.9686832427978516,-0.09874708950519562,-0.09770213067531586,-0.5056315064430237,-0.04351283237338066,-0.1280946433544159,-0.7137128114700317,-0.0644153580069542,-0.1491483598947525,-0.8362616896629333,-0.08053087443113327,-0.16620171070098877,-0.9376285076141357,-0.09463492035865784,-0.019139287993311882,-0.47998037934303284,-0.06624060124158859,-0.03379490226507187,-0.641883134841919,-0.08334443718194962,-0.047640420496463776,-0.743809163570404,-0.08827459812164307,-0.061004526913166046,-0.8320980668067932,-0.09293486177921295
B,0.0,0.0,0.0,-0.14562124013900757,-0.040174730122089386,-0.04485480487346649,-0.2423660308122635,-0.17525365948677063,-0.06926441937685013,-0.24473117291927338,-0.33752697706222534,-0.09366733580827713,-0.19981704652309418,-0.45197436213493347,-0.11717457324266434,-0.23319879174232483,-0.4512943923473358,-0.015353263355791569,-0.2738211154937744,-0.6418383121490479,-0.05476868152618408,-0.28775128722190857,-0.7656964659690857,-0.09381844103336334,-0.2917342483997345,-0.8728991746902466,-0.12207070738077164,-0.16472898423671722,-0.49766072630882263,-0.025644954293966293,-0.2045784592628479,-0.7171627283096313,-0.05385233089327812,-0.2255464643239975,-0.852426290512085,-0.08403807133436203,-0.23871080577373505,-0.9710906744003296,-0.1070738360285759,-0.09364742040634155,-0.5044618248939514,-0.04525485634803772,-0.12505562603473663,-0.7092093229293823,-0.06927385926246643,-0.14524787664413452,-0.828052818775177,-0.08549217134714127,-0.15951576828956604,-0.9289198517799377,-0.09906192868947983,-0.014800242148339748,-0.4808697998523712,-0.07220832258462906,-0.035651035606861115,-0.6416333317756653,-0.08862362056970596,-0.050060633569955826,-0.7403796315193176,-0.09091906249523163,-0.06452854722738266,-0.8258453011512756,-0.09388100355863571
B,0.0,0.0,0.0,-0.14838774502277374,-0.04303024709224701,-0.04821886867284775,-0.246621772646904,-0.18147020041942596,-0.07378184050321579,-0.24863173067569733,-0.344515323638916,-0.0983811765909195,-0.20592257380485535,-0.46314820647239685,-0.1211785152554512,-0.2371322512626648,-0.45387521386146545,-0.0158259067684412,-0.2758997082710266,-0.6467177867889404,-0.055392540991306305,-0.2874007523059845,-0.7712982296943665,-0.09451232105493546,-0.2894594669342041,-0.8776347637176514,-0.12239895761013031,-0.16687636077404022,-0.49990642070770264,-0.023637617006897926,-0.20402367413043976,-0.7205440998077393,-0.051422443240880966,-0.22339704632759094,-0.8551301956176758,-0.08104632794857025,-0.23515981435775757,-0.971956729888916,-0.10348181426525116,-0.09520702064037323,-0.5074818134307861,-0.04127342626452446,-0.12501050531864166,-0.7137202024459839,-0.0643114373087883,-0.1434280127286911,-0.8326853513717651,-0.07917973399162292,-0.1551946997642517,-0.9332621097564697,-0.091675765812397,-0.016041772440075874,-0.48548775911331177,-0.06665421277284622,-0.037273552268743515,-0.6472615003585815,-0.08185771852731705,-0.05145268887281418,-0.7461744546890259,-0.08324321359395981,-0.06538888812065125,-0.8318019509315491,-0.08540088683366776
B,0.0,0.0,0.0,-0.14635668694972992,-0.03538408502936363,-0.04661157727241516,-0.2510107457637787,-0.1723213940858841,-0.07076819986104965,-0.25234055519104004,-0.3317059874534607,-0.09403210878372192,-0.1985505372285843,-0.4369942843914032,-0.11598161607980728,-0.23813281953334808,-0.4602639377117157,-0.021790800616145134,-0.2774464786052704,-0.6572710275650024,-0.05612710118293762,-0.2875808775424957,-0.7779945135116577,-0.09025565534830093,-0.28774523735046387,-0.8804778456687927,-0.11517182737588882,-0.1680438369512558,-0.5052205324172974,-0.02795342355966568,-0.20781734585762024,-0.7275808453559875,-0.05154139921069145,-0.22691720724105835,-0.8601775765419006,-0.07690582424402237,-0.23767849802970886,-0.9713438749313354,-0.09681698679924011,-0.09355465322732925,-0.5140774846076965,-0.04287547245621681,-0.12350474298000336,-0.721187174320221,-0.062276896089315414,-0.1447366625070572,-0.8385899066925049,-0.07740779221057892,-0.16079038381576538,-0.937127411365509,-0.09093252569437027,-0.012386244721710682,-0.4938187599182129,-0.0650741383433342,-0.03206391632556915,-0.6568963527679443,-0.07901207357645035,-0.045794498175382614,-0.7538632750511169,-0.08160993456840515,-0.05894659087061882,-0.8384354114532471,-0.08491639047861099
B,0.0,0.0,0.0,-0.14464333653450012,-0.0382104367017746,-0.04594830423593521,-0.24714723229408264,-0.1755218803882599,-0.07031477987766266,-0.2524012327194214,-0.3389361500740051,-0.09344691038131714,-0.20573557913303375,-0.45296263694763184,-0.11432403326034546,-0.23231741786003113,-0.45685333013534546,-0.020287366583943367,-0.26956841349601746,-0.652553379535675,-0.055121444165706635,-0.2788539528846741,-0.7705960869789124,-0.08926797658205032,-0.27714046835899353,-0.8693397045135498,-0.11375252902507782,-0.16276255249977112,-0.5024154186248779,-0.02741006389260292,-0.2001359909772873,-0.726186215877533,-0.050896529108285904,-0.21962179243564606,-0.8610508441925049,-0.07674698531627655,-0.2289947271347046,-0.9734276533126831,-0.09678879380226135,-0.0905824527144432,-0.5090615749359131,-0.04326474294066429,-0.11843905597925186,-0.7175787687301636,-0.06248699128627777,-0.13621681928634644,-0.8376607298851013,-0.07721651345491409,-0.1464892029762268,-0.9388142228126526,-0.0907677412033081,-0.01226895209401846,-0.48496657609939575,-0.0662599503993988,-0.03133407235145569,-0.6460672616958618,-0.08028735965490341,-0.04338040202856064,-0.7436007857322693,-0.08234681934118271,-0.053747259080410004,-0.8302518129348755,-0.08515945076942444
B,0.0,0.0,0.0,-0.14379611611366272,-0.045139092952013016,-0.04772290587425232,-0.23990672826766968,-0.18834975361824036,-0.07150678336620331,-0.24028338491916656,-0.3516661822795868,-0.09376997500658035,-0.19499753415584564,-0.4654162526130676,-0.11393442749977112,-0.22488440573215485,-0.46082574129104614,-0.018780365586280823,-0.2596525549888611,-0.6551435589790344,-0.053251463919878006,-0.26852455735206604,-0.7735102772712708,-0.08786790072917938,-0.2671408951282501,-0.8736140131950378,-0.11311395466327667,-0.15655282139778137,-0.5062050223350525,-0.024992039427161217,-0.19036893546581268,-0.7302032709121704,-0.04809762164950371,-0.20766767859458923,-0.8633342981338501,-0.0747298151254654,-0.21678908169269562,-0.9762184023857117,-0.09588751196861267,-0.08624287694692612,-0.5115318894386292,-0.040373530238866806,-0.11075074970722198,-0.7203264236450195,-0.05980091169476509,-0.126613050699234,-0.8415939211845398,-0.07632402330636978,-0.13633137941360474,-0.944102942943573,-0.09153515100479126,-0.008503624238073826,-0.4862636923789978,-0.06309468299150467,-0.024915358051657677,-0.6476477384567261,-0.07691522687673569,-0.035916946828365326,-0.7450190782546997,-0.08014383167028427,-0.04703466221690178,-0.8313225507736206,-0.08460036665201187
B,0.0,0.0,0.0,-0.14730647206306458,-0.040295716375112534,-0.04887736588716507,-0.24564924836158752,-0.18290525674819946,-0.07307586073875427,-0.24388092756271362,-0.348249226808548,-0.09558363258838654,-0.20156531035900116,-0.4674665629863739,-0.1163100004196167,-0.22899365425109863,-0.4565659463405609,-0.02132626436650753,-0.2657003104686737,-0.6515622735023499,-0.05821175500750542,-0.2729630470275879,-0.7730445861816406,-0.09429678320884705,-0.26931411027908325,-0.877800703048706,-0.12056520581245422,-0.1589767038822174,-0.5047993659973145,-0.02763703092932701,-0.19434134662151337,-0.7279228568077087,-0.05327363684773445,-0.20976898074150085,-0.8606969118118286,-0.0811477079987526,-0.21770505607128143,-0.9760146141052246,-0.10296864062547684,-0.08794335275888443,-0.5117239356040955,-0.04330620542168617,-0.11330392956733704,-0.7220220565795898,-0.06579846888780594,-0.13076862692832947,-0.8426638245582581,-0.08303756266832352,-0.14279654622077942,-0.9464735388755798,-0.09826134890317917,-0.009859777987003326,-0.4872685372829437,-0.06631222367286682,-0.027632804587483406,-0.6510891318321228,-0.08321806788444519,-0.03882700204849243,-0.7499438524246216,-0.08777393400669098,-0.05058968812227249,-0.8379924893379211,-0.0928124487400055
B,0.0,0.0,0.0,-0.1497354358434677,-0.04328662529587746,-0.04803656041622162,-0.2456876039505005,-0.1919899880886078,-0.07171416282653809,-0.2425493746995926,-0.3599962890148163,-0.09427604079246521,-0.1941705346107483,-0.4778132438659668,-0.11511939764022827,-0.2262728065252304,-0.45796632766723633,-0.015114706009626389,-0.26690199971199036,-0.6509872078895569,-0.05246502533555031,-0.27660897374153137,-0.7736495137214661,-0.08941102027893066,-0.2747723162174225,-0.8800215125083923,-0.11642812937498093,-0.15725071728229523,-0.5044766068458557,-0.0223261509090662,-0.19570964574813843,-0.7247061729431152,-0.04910917207598686,-0.21325916051864624,-0.8576614260673523,-0.07832971960306168,-0.2220134288072586,-0.9750436544418335,-0.1007319763302803,-0.08705917000770569,-0.5102967619895935,-0.0392984114587307,-0.11546395719051361,-0.7186567187309265,-0.06271211802959442,-0.1318414807319641,-0.8396681547164917,-0.07968487590551376,-0.14121264219284058,-0.9438290596008301,-0.09416715055704117,-0.009852826595306396,-0.4854173958301544,-0.06373663991689682,-0.028118763118982315,-0.6477450728416443,-0.08047785609960556,-0.039122603833675385,-0.7495119571685791,-0.08475732058286667,-0.049949221312999725,-0.8404001593589783,-0.08950451761484146
B,0.0,0.0,0.0,-0.1466575413942337,-0.04247260466217995,-0.04771953076124191,-0.24354207515716553,-0.17945854365825653,-0.0736435055732727,-0.24564434587955475,-0.33873212337493896,-0.0990832969546318,-0.20049123466014862,-0.4573465883731842,-0.1233137995004654,-0.2169063538312912,-0.4565255045890808,-0.016912680119276047,-0.2565029263496399,-0.6448606848716736,-0.05704830586910248,-0.26901787519454956,-0.7678495645523071,-0.09635321795940399,-0.2701801061630249,-0.8767990469932556,-0.12519650161266327,-0.15027698874473572,-0.5019071102142334,-0.02613803744316101,-0.18718990683555603,-0.720116376876831,-0.05648139491677284,-0.20619578659534454,-0.8553024530410767,-0.08802097290754318,-0.21673163771629333,-0.9762312173843384,-0.11181486397981644,-0.08088068664073944,-0.5067592263221741,-0.04514218494296074,-0.10785117745399475,-0.7138461470603943,-0.07270510494709015,-0.12594465911388397,-0.8392211198806763,-0.09193005412817001,-0.138169527053833,-0.9491006731987,-0.10738387703895569,-0.0036192857660353184,-0.480153888463974,-0.07136157900094986,-0.019952304661273956,-0.6438391208648682,-0.09225071966648102,-0.03215358406305313,-0.7486822009086609,-0.0985288918018341,-0.04547102376818657,-0.8433689475059509,-0.10423552244901657
B,0.0,0.0,0.0,-0.1452912986278534,-0.038849133998155594,-0.04832950979471207,-0.24280130863189697,-0.1783236414194107,-0.07403366267681122,-0.24681763350963593,-0.340120404958725,-0.0990232601761818,-0.19819249212741852,-0.45254191756248474,-0.1235530748963356,-0.21350356936454773,-0.4510763883590698,-0.02217256836593151,-0.25263869762420654,-0.642073929309845,-0.06275110691785812,-0.2658402621746063,-0.7667596340179443,-0.10172758251428604,-0.26836392283439636,-0.8762441277503967,-0.1302792727947235,-0.14713746309280396,-0.4945014715194702,-0.031486764550209045,-0.18307006359100342,-0.7160093188285828,-0.06253036856651306,-0.20321013033390045,-0.8543714880943298,-0.0946820080280304,-0.21506763994693756,-0.9765990972518921,-0.11904507130384445,-0.078323595225811,-0.4985195994377136,-0.05013683810830116,-0.10465294867753983,-0.7073190212249756,-0.07823682576417923,-0.12277934700250626,-0.8356698751449585,-0.09969166666269302,-0.13530200719833374,-0.9462687969207764,-0.11682287603616714,-0.002816692925989628,-0.4716750383377075,-0.07586737722158432,-0.01875666342675686,-0.6355494260787964,-0.09774719923734665,-0.03187955915927887,-0.7418531179428101,-0.10621768236160278,-0.04605419188737869,-0.8362189531326294,-0.11376379430294037
B,0.0,0.0,0.0,-0.14206956326961517,-0.03979368507862091,-0.04022117331624031,-0.24234288930892944,-0.18300564587116241,-0.06173355132341385,-0.25757819414138794,-0.3355412483215332,-0.08431614935398102,-0.21926675736904144,-0.4429733455181122,-0.10665959119796753,-0.23048144578933716,-0.455182820558548,-0.016030140221118927,-0.26862433552742004,-0.653113067150116,-0.05379682406783104,-0.2798536419868469,-0.7769383192062378,-0.09097310155630112,-0.28319239616394043,-0.8857138156890869,-0.11862736940383911,-0.16574780642986298,-0.4931635856628418,-0.028809059411287308,-0.20326033234596252,-0.7160871624946594,-0.05774803087115288,-0.2227230817079544,-0.8527975678443909,-0.08954638242721558,-0.2356235235929489,-0.9718443751335144,-0.11440249532461166,-0.09691136330366135,-0.4957031011581421,-0.049986332654953,-0.12590762972831726,-0.70536208152771,-0.07578563690185547,-0.14557096362113953,-0.8310516476631165,-0.09636005014181137,-0.16099786758422852,-0.9384402632713318,-0.1137746125459671,-0.021684369072318077,-0.4683336019515991,-0.07761772722005844,-0.03996312990784645,-0.6297338008880615,-0.09830738604068756,-0.05308264493942261,-0.7351798415184021,-0.10649781674146652,-0.06708861142396927,-0.8295655250549316,-0.11429282277822495
B,0.0,0.0,0.0,-0.14323663711547852,-0.03263092786073685,-0.04560229182243347,-0.24888533353805542,-0.16843613982200623,-0.06926192343235016,-0.27014079689979553,-0.3235584795475006,-0.09297088533639908,-0.22467169165611267,-0.4379107654094696,-0.11507262289524078,-0.2349970042705536,-0.45259812474250793,-0.015051583759486675,-0.27368149161338806,-0.6519061923027039,-0.05214136093854904,-0.2859093248844147,-0.7756467461585999,-0.08848483860492706,-0.28960081934928894,-0.8840873837471008,-0.11546389758586884,-0.17131845653057098,-0.4915809631347656,-0.02479703538119793,-0.21001818776130676,-0.7133736610412598,-0.05313960462808609,-0.2313542515039444,-0.8501517176628113,-0.08324389904737473,-0.24543263018131256,-0.9694136381149292,-0.10646013915538788,-0.10277973860502243,-0.49522116780281067,-0.04406056925654411,-0.13207097351551056,-0.7049399614334106,-0.06994333863258362,-0.15147748589515686,-0.8312345743179321,-0.08965335041284561,-0.16555941104888916,-0.9401504993438721,-0.10586903244256973,-0.027536174282431602,-0.47048649191856384,-0.0703815296292305,-0.04799539968371391,-0.6330332159996033,-0.09123370796442032,-0.05963596701622009,-0.7375426888465881,-0.09919215738773346,-0.07065090537071228,-0.8317965865135193,-0.10629657655954361
B,0.0,0.0,0.0,-0.14388708770275116,-0.03028855472803116,-0.04674758017063141,-0.24724893271923065,-0.16611379384994507,-0.0703471451997757,-0.26704245805740356,-0.3228500783443451,-0.09412147104740143,-0.22261786460876465,-0.4372463822364807,-0.11718811839818954,-0.22650842368602753,-0.44533324241638184,-0.014482215978205204,-0.26467806100845337,-0.6406587362289429,-0.05345406010746956,-0.2795313000679016,-0.7665290832519531,-0.09141711890697479,-0.2848333716392517,-0.875379741191864,-0.11872654408216476,-0.1639101505279541,-0.48865416646003723,-0.023550953716039658,-0.2017459124326706,-0.7112942934036255,-0.05304087698459625,-0.2232559770345688,-0.8505162000656128,-0.08339974284172058,-0.23703287541866302,-0.9715015888214111,-0.10579195618629456,-0.09716157615184784,-0.4964207112789154,-0.042399052530527115,-0.1271345466375351,-0.7039527297019958,-0.06832585483789444,-0.1441248059272766,-0.8302666544914246,-0.08674021065235138,-0.1552623063325882,-0.9380903840065002,-0.10107548534870148,-0.023637624457478523,-0.4756471812725067,-0.06865420937538147,-0.0441608726978302,-0.6382461190223694,-0.08773988485336304,-0.054001640528440475,-0.7429260611534119,-0.09331021457910538,-0.06267890334129333,-0.8343331217765808,-0.09825274348258972
B,0.0,0.0,0.0,-0.14752979576587677,-0.027697129175066948,-0.04099295288324356,-0.2523874342441559,-0.16861660778522491,-0.059945765882730484,-0.27188363671302795,-0.3258134424686432,-0.07973659783601761,-0.23859742283821106,-0.4430561363697052,-0.09849224239587784,-0.24152544140815735,-0.4421122074127197,-0.0057692877016961575,-0.2821572721004486,-0.6384718418121338,-0.04041671380400658,-0.29817530512809753,-0.7641903758049011,-0.0766952857375145,-0.30600813031196594,-0.8730746507644653,-0.10372753441333771,-0.18479418754577637,-0.4846589267253876,-0.01666317507624626,-0.22545893490314484,-0.7046731114387512,-0.04298172891139984,-0.24708779156208038,-0.8434244990348816,-0.0736631378531456,-0.2608949840068817,-0.9653671383857727,-0.09751064330339432,-0.12288141995668411,-0.4912475049495697,-0.037073470652103424,-0.15405413508415222,-0.700098991394043,-0.06111352518200874,-0.17375615239143372,-0.829541027545929,-0.081804558634758,-0.18683525919914246,-0.9409360289573669,-0.09928902238607407,-0.05154797434806824,-0.47165676951408386,-0.06438567489385605,-0.0707092434167862,-0.6352723836898804,-0.08247821778059006,-0.08123143762350082,-0.7415162324905396,-0.08981911838054657,-0.09131164848804474,-0.8377915024757385,-0.09731832146644592
B,0.0,0.0,0.0,-0.14399753510951996,-0.029611531645059586,-0.03991826996207237,-0.24500146508216858,-0.17060586810112,-0.05746786668896675,-0.26513054966926575,-0.32459113001823425,-0.07604502886533737,-0.23981593549251556,-0.43528375029563904,-0.09368040412664413,-0.23960325121879578,-0.44185081124305725,-0.004670014604926109,-0.27667179703712463,-0.6359356045722961,-0.0384293757379055,-0.29469266533851624,-0.7618933916091919,-0.07374079525470734,-0.30475735664367676,-0.8694720268249512,-0.09933767467737198,-0.1834537833929062,-0.4859338104724884,-0.014918017201125622,-0.22218744456768036,-0.704276978969574,-0.040576837956905365,-0.24505303800106049,-0.844337522983551,-0.0698297768831253,-0.25976675748825073,-0.9656713604927063,-0.09159750491380692,-0.12165100872516632,-0.49575871229171753,-0.0343194380402565,-0.1512155830860138,-0.7024417519569397,-0.056958381086587906,-0.16983380913734436,-0.8295832276344299,-0.07572349905967712,-0.1827324777841568,-0.9371024370193481,-0.0906771644949913,-0.05102691799402237,-0.4782818555831909,-0.060635533183813095,-0.07026096433401108,-0.6393193006515503,-0.07637298107147217,-0.0812908187508583,-0.7448075413703918,-0.08125096559524536,-0.09052920341491699,-0.837167501449585,-0.08606688678264618
B,0.0,0.0,0.0,-0.1454681009054184,-0.03649869188666344,-0.03553716465830803,-0.24711814522743225,-0.16959047317504883,-0.05298994109034538,-0.2733452022075653,-0.31770360469818115,-0.07297040522098541,-0.24280667304992676,-0.4325472116470337,-0.09200430661439896,-0.2389509677886963,-0.4392673671245575,0.003252957947552204,-0.2781180441379547,-0.6326952576637268,-0.029627447947859764,-0.29613420367240906,-0.755988597869873,-0.06532640010118484,-0.306063711643219,-0.8646409511566162,-0.09227006137371063,-0.1866053193807602,-0.4813949763774872,-0.010219652205705643,-0.2247663289308548,-0.701332151889801,-0.034967485815286636,-0.24632538855075836,-0.8407071232795715,-0.06555058807134628,-0.2608013451099396,-0.965392529964447,-0.08996084332466125,-0.12762491405010223,-0.4902563691139221,-0.03310815617442131,-0.15552975237369537,-0.700903058052063,-0.055881500244140625,-0.17411242425441742,-0.8316726684570312,-0.07707840949296951,-0.18774449825286865,-0.9454134702682495,-0.09523458778858185,-0.05878565460443497,-0.4737972021102905,-0.06255730241537094,-0.07649027556180954,-0.6386397480964661,-0.07934150099754333,-0.08608245849609375,-0.7458791732788086,-0.08658468723297119,-0.09544922411441803,-0.8424201607704163,-0.09440042078495026
B,0.0,0.0,0.0,-0.14419205486774445,-0.037957098335027695,-0.03867638111114502,-0.24208028614521027,-0.16698315739631653,-0.059346217662096024,-0.2688380181789398,-0.30793455243110657,-0.08210144937038422,-0.2495163381099701,-0.42178550362586975,-0.10388188064098358,-0.2299947589635849,-0.4418652653694153,-0.004297074396163225,-0.2682168781757355,-0.634321391582489,-0.040828101336956024,-0.28626033663749695,-0.7577298879623413,-0.07838554680347443,-0.296232134103775,-0.8669946193695068,-0.10578727722167969,-0.17907442152500153,-0.48175308108329773,-0.01703885942697525,-0.21716946363449097,-0.700169563293457,-0.045371849089860916,-0.2390899807214737,-0.8408892154693604,-0.07729778438806534,-0.2538793385028839,-0.9672359228134155,-0.10177119821310043,-0.12209707498550415,-0.48924118280410767,-0.03923700377345085,-0.14970797300338745,-0.6977213025093079,-0.06520220637321472,-0.1679592728614807,-0.8283851742744446,-0.08758321404457092,-0.1820380538702011,-0.9420663118362427,-0.10542909055948257,-0.0569649338722229,-0.4717131555080414,-0.06811655312776566,-0.07227841019630432,-0.6364327073097229,-0.08781206607818604,-0.08096689730882645,-0.7455670833587646,-0.09647113084793091,-0.08998062461614609,-0.843542218208313,-0.10436993092298508
B,0.0,0.0,0.0,-0.13960249722003937,-0.046734873205423355,-0.03502066805958748,-0.2338629961013794,-0.18195383250713348,-0.053256768733263016,-0.26289740204811096,-0.319238543510437,-0.07504469901323318,-0.24398262798786163,-0.4255433976650238,-0.09637075662612915,-0.21896284818649292,-0.4462892711162567,0.0027730297297239304,-0.25444331765174866,-0.6376661062240601,-0.03275425732135773,-0.2744697034358978,-0.7618104219436646,-0.07055838406085968,-0.2871675491333008,-0.8726434111595154,-0.0988800972700119,-0.17195095121860504,-0.4841183125972748,-0.012171111069619656,-0.20719188451766968,-0.7011725306510925,-0.04005664214491844,-0.22843383252620697,-0.8422133922576904,-0.07295104116201401,-0.24348798394203186,-0.9699038863182068,-0.09858395159244537,-0.11771119385957718,-0.4912441670894623,-0.036537401378154755,-0.14413325488567352,-0.6998935341835022,-0.06178562343120575,-0.1605387181043625,-0.8317809700965881,-0.0847749412059784,-0.17344796657562256,-0.946324348449707,-0.10347358882427216,-0.05443316325545311,-0.47447675466537476,-0.0674833208322525,-0.06969097256660461,-0.6392285227775574,-0.086356520652771,-0.07651983201503754,-0.748576283454895,-0.09525226056575775,-0.08311693370342255,-0.8467375636100769,-0.10389319807291031
B,0.0,0.0,0.0,-0.13863855600357056,-0.04380262643098831,-0.03802597150206566,-0.2324637770652771,-0.1770472377538681,-0.05711543560028076,-0.25869664549827576,-0.3180454671382904,-0.07895196974277496,-0.23860520124435425,-0.4283447563648224,-0.1000308021903038,-0.21937745809555054,-0.4434550404548645,-0.0018967175856232643,-0.25319531559944153,-0.6396706700325012,-0.039034292101860046,-0.27266228199005127,-0.7673962712287903,-0.07730932533740997,-0.2853996753692627,-0.878609299659729,-0.10533590614795685,-0.17052669823169708,-0.4830286502838135,-0.014935902319848537,-0.20613229274749756,-0.699507474899292,-0.044942326843738556,-0.2296590358018875,-0.8417273163795471,-0.07855820655822754,-0.2466539591550827,-0.9691036343574524,-0.10367738455533981,-0.11454016715288162,-0.49183008074760437,-0.037330128252506256,-0.14209423959255219,-0.6992475986480713,-0.06406746059656143,-0.1600908637046814,-0.8304244875907898,-0.08713977783918381,-0.17349931597709656,-0.942894458770752,-0.10503903776407242,-0.049316003918647766,-0.47475069761276245,-0.06644205003976822,-0.06459694355726242,-0.6363869905471802,-0.08656448125839233,-0.0737953931093216,-0.745710551738739,-0.09562723338603973,-0.08170084655284882,-0.843471884727478,-0.1033998504281044
B,0.0,0.0,0.0,-0.14491072297096252,-0.04433088377118111,-0.03823284059762955,-0.2409677952528,-0.1731623262166977,-0.05878192186355591,-0.2697901427745819,-0.31577274203300476,-0.08226735889911652,-0.24867983162403107,-0.4329439401626587,-0.10435213893651962,-0.22852276265621185,-0.43882259726524353,0.0015671829460188746,-0.2635002136230469,-0.6348139047622681,-0.03527701646089554,-0.2847869098186493,-0.7619032859802246,-0.0731038898229599,-0.2984195649623871,-0.8729674220085144,-0.1005648672580719,-0.18079088628292084,-0.47866523265838623,-0.011361771263182163,-0.21798011660575867,-0.6957768201828003,-0.04125009477138519,-0.24194568395614624,-0.8380470871925354,-0.07359173148870468,-0.2586611211299896,-0.965968132019043,-0.09746357798576355,-0.12492475658655167,-0.4884045720100403,-0.034152865409851074,-0.15317818522453308,-0.6984543204307556,-0.06096196919679642,-0.17122924327850342,-0.8304282426834106,-0.08240211755037308,-0.18409648537635803,-0.9425444602966309,-0.09863597899675369,-0.058966267853975296,-0.4733545780181885,-0.0637660026550293,-0.07634946703910828,-0.6378440856933594,-0.08313445746898651,-0.08671332895755768,-0.7475305199623108,-0.09085847437381744,-0.09617439657449722,-0.8447149991989136,-0.09741121530532837
B,0.0,0.0,0.0,-0.14186538755893707,-0.04404156655073166,-0.04372255876660347,-0.23558002710342407,-0.1707751303911209,-0.06752850860357285,-0.26067042350769043,-0.3135458528995514,-0.0930062085390091,-0.23924967646598816,-0.4308796226978302,-0.11742734163999557,-0.22233937680721283,-0.4376159608364105,-0.009029482491314411,-0.255758672952652,-0.6337719559669495,-0.04958321526646614,-0.27585896849632263,-0.760620653629303,-0.08974019438028336,-0.2889847755432129,-0.8727319836616516,-0.11877892166376114,-0.17362262308597565,-0.4777223467826843,-0.02018905244767666,-0.20888124406337738,-0.6971718072891235,-0.053216997534036636,-0.23291464149951935,-0.8393153548240662,-0.0874527245759964,-0.2512473165988922,-0.9679229259490967,-0.1128973439335823,-0.11725141853094101,-0.48658645153045654,-0.04127541556954384,-0.14374279975891113,-0.6972804665565491,-0.07129472494125366,-0.16140197217464447,-0.8301660418510437,-0.09474373608827591,-0.1749667227268219,-0.9444903135299683,-0.11235731840133667,-0.05099420249462128,-0.46896791458129883,-0.06943171471357346,-0.06642543524503708,-0.6321261525154114,-0.09214823693037033,-0.07642808556556702,-0.7428544163703918,-0.10208385437726974,-0.08620423823595047,-0.8416280150413513,-0.11028356850147247
B,0.0,0.0,0.0,-0.1380487084388733,-0.04018733650445938,-0.045805420726537704,-0.23666977882385254,-0.17134469747543335,-0.06882207840681076,-0.26661819219589233,-0.31693583726882935,-0.09304552525281906,-0.23904189467430115,-0.4291114807128906,-0.11602303385734558,-0.22399991750717163,-0.435423344373703,-0.011183108203113079,-0.2600761651992798,-0.6317123174667358,-0.05210417881608009,-0.2812054455280304,-0.7602935433387756,-0.09242299199104309,-0.29515817761421204,-0.8720403909683228,-0.12170257419347763,-0.17381100356578827,-0.4782716631889343,-0.02146461419761181,-0.21133317053318024,-0.6964010000228882,-0.05557185038924217,-0.23629629611968994,-0.8390661478042603,-0.090494804084301,-0.25479960441589355,-0.9669938683509827,-0.11583196371793747,-0.11655856668949127,-0.48833760619163513,-0.041608307510614395,-0.14648403227329254,-0.6970482468605042,-0.07177436351776123,-0.16540420055389404,-0.8293571472167969,-0.0954713374376297,-0.17885340750217438,-0.9425232410430908,-0.11303390562534332,-0.04970046505331993,-0.4710021913051605,-0.06901378184556961,-0.06827612221240997,-0.6335505843162537,-0.09137874841690063,-0.07941450923681259,-0.7424789071083069,-0.10123047977685928,-0.0888737365603447,-0.8395232558250427,-0.10913961380720139
B,0.0,0.0,0.0,-0.14253628253936768,-0.041211336851119995,-0.046049490571022034,-0.24145933985710144,-0.17184004187583923,-0.06988087296485901,-0.2701132297515869,-0.3155447542667389,-0.09498385339975357,-0.24763040244579315,-0.43446075916290283,-0.1184983104467392,-0.22990728914737701,-0.4385046362876892,-0.009451272897422314,-0.2663803696632385,-0.6327411532402039,-0.050275567919015884,-0.28731778264045715,-0.7603299617767334,-0.09068071842193604,-0.30035969614982605,-0.8721495270729065,-0.11995106190443039,-0.18140919506549835,-0.480386346578598,-0.019273513928055763,-0.21960963308811188,-0.6965567469596863,-0.05290589481592178,-0.24358537793159485,-0.8380428552627563,-0.0873093456029892,-0.2607579827308655,-0.9654041528701782,-0.11264877766370773,-0.12549753487110138,-0.49041932821273804,-0.039348408579826355,-0.154860258102417,-0.6986751556396484,-0.06943800300359726,-0.17349594831466675,-0.830306351184845,-0.09284055233001709,-0.1868138611316681,-0.9431173801422119,-0.11040956526994705,-0.05946226418018341,-0.4746006429195404,-0.06676837801933289,-0.07651704549789429,-0.6368957757949829,-0.08911831676959991,-0.08597169816493988,-0.7462392449378967,-0.09902242571115494,-0.09438515454530716,-0.8437601923942566,-0.10719053447246552
B,0.0,0.0,0.0,-0.13329924643039703,-0.041530486196279526,-0.04708123952150345,-0.2292690873146057,-0.17258940637111664,-0.07105165719985962,-0.25255346298217773,-0.3194625675678253,-0.09500520676374435,-0.22547206282615662,-0.42962369322776794,-0.11790548264980316,-0.2186550498008728,-0.44426313042640686,-0.01820283941924572,-0.25474244356155396,-0.6423042416572571,-0.05871963873505592,-0.2746626138687134,-0.7713127136230469,-0.09840245544910431,-0.2874213755130768,-0.8811812400817871,-0.12690898776054382,-0.16571123898029327,-0.48359280824661255,-0.02674826979637146,-0.20356354117393494,-0.7026197910308838,-0.05968465656042099,-0.22660772502422333,-0.8444123268127441,-0.09369240701198578,-0.243882417678833,-0.9698048830032349,-0.11860503256320953,-0.10756107419729233,-0.49001631140708923,-0.04448150098323822,-0.13671283423900604,-0.6961098909378052,-0.07268106937408447,-0.15489561855793,-0.8273215889930725,-0.0952354222536087,-0.16779474914073944,-0.9374740123748779,-0.11232305318117142,-0.03916914016008377,-0.4682545065879822,-0.06941451877355576,-0.05814887583255768,-0.6298171877861023,-0.0897228866815567,-0.069909006357193,-0.7387313842773438,-0.09826626628637314,-0.07994481921195984,-0.8339285850524902,-0.10547991842031479
B,0.0,0.0,0.0,-0.1405104696750641,-0.03805195912718773,-0.03881878778338432,-0.23740115761756897,-0.17678119242191315,-0.056345827877521515,-0.2623410224914551,-0.3257106840610504,-0.07609596848487854,-0.23509058356285095,-0.4339386224746704,-0.09493543952703476,-0.2243022918701172,-0.43942323327064514,-0.0005027863662689924,-0.26337483525276184,-0.6347969174385071,-0.0366622693836689,-0.282807856798172,-0.7625305652618408,-0.0742039754986763,-0.29429587721824646,-0.8720504641532898,-0.10131102800369263,-0.17245547473430634,-0.47910696268081665,-0.012207322753965855,-0.2118954211473465,-0.697589099407196,-0.04087313637137413,-0.23561277985572815,-0.84104984998703,-0.07389838993549347,-0.2516289949417114,-0.9678238034248352,-0.09807790070772171,-0.11432505398988724,-0.4868283271789551,-0.03332566097378731,-0.1451198160648346,-0.6958857178688049,-0.059209100902080536,-0.162991002202034,-0.8273829817771912,-0.0818689838051796,-0.17461688816547394,-0.9388123154640198,-0.09891540557146072,-0.047332704067230225,-0.468198299407959,-0.0611334852874279,-0.06556303799152374,-0.6310255527496338,-0.08012709766626358,-0.07548529654741287,-0.7394394278526306,-0.0883026123046875,-0.08315378427505493,-0.8350158333778381,-0.09517433494329453
B,0.0,0.0,0.0,-0.14243583381175995,-0.03264850378036499,-0.037212073802948,-0.24107809364795685,-0.17438429594039917,-0.05246599018573761,-0.26349076628685,-0.33056339621543884,-0.06961094588041306,-0.24109582602977753,-0.44145965576171875,-0.0854298397898674,-0.2338915318250656,-0.4426462948322296,0.001843849546276033,-0.26884517073631287,-0.6377578377723694,-0.03129436820745468,-0.28628721833229065,-0.764906108379364,-0.06675364077091217,-0.296991765499115,-0.8741156458854675,-0.09275510162115097,-0.18064475059509277,-0.4855617880821228,-0.00973192322999239,-0.2172001451253891,-0.7027670741081238,-0.035495299845933914,-0.2397831827402115,-0.8432288765907288,-0.06531866639852524,-0.25538626313209534,-0.9668391346931458,-0.08748319000005722,-0.12118503451347351,-0.49438610672950745,-0.03067474626004696,-0.1492525190114975,-0.7011039853096008,-0.05405852943658829,-0.16637542843818665,-0.830313503742218,-0.07383834570646286,-0.17797498404979706,-0.9400410652160645,-0.08930617570877075,-0.05255671218037605,-0.47572964429855347,-0.05839879810810089,-0.07027485966682434,-0.6370202898979187,-0.07545900344848633,-0.0802842527627945,-0.744204044342041,-0.0819380059838295,-0.08860573917627335,-0.8382260203361511,-0.08775942027568817
B,0.0,0.0,0.0,-0.14498025178909302,-0.03236066922545433,-0.04005838558077812,-0.24963195621967316,-0.1734330803155899,-0.05646970495581627,-0.2693111300468445,-0.3353198766708374,-0.07375240325927734,-0.23633047938346863,-0.4469711184501648,-0.08966127783060074,-0.2422177642583847,-0.4485025703907013,8.338427142007276e-05,-0.27623164653778076,-0.644985556602478,-0.031593795865774155,-0.2895902991294861,-0.7730148434638977,-0.0661100298166275,-0.29462069272994995,-0.8819513916969299,-0.09153031557798386,-0.18575812876224518,-0.49142807722091675,-0.009454960003495216,-0.22127871215343475,-0.710046648979187,-0.033629391342401505,-0.2403658926486969,-0.8492488265037537,-0.06151875481009483,-0.2516222596168518,-0.9678255915641785,-0.08231230825185776,-0.12480108439922333,-0.4993526339530945,-0.02860507369041443,-0.14978381991386414,-0.7038289308547974,-0.049956489354372025,-0.1666650027036667,-0.8309907913208008,-0.06700939685106277,-0.1777086853981018,-0.9372720718383789,-0.08100345730781555,-0.05448118969798088,-0.4789791405200958,-0.05489714816212654,-0.07112705707550049,-0.6381872892379761,-0.06962093710899353,-0.0817042663693428,-0.7437097430229187,-0.07339899241924286,-0.09049273282289505,-0.8357323408126831,-0.0776459276676178
B,0.0,0.0,0.0,-0.14463351666927338,-0.035738103091716766,-0.04960710182785988,-0.2538125813007355,-0.17496643960475922,-0.07520663738250732,-0.27681657671928406,-0.3386755883693695,-0.09994680434465408,-0.23673367500305176,-0.4623972177505493,-0.12193980067968369,-0.235143780708313,-0.45340490341186523,-0.016519557684659958,-0.27405136823654175,-0.6576302647590637,-0.0532308928668499,-0.2888321280479431,-0.784703254699707,-0.08793773502111435,-0.29261884093284607,-0.8910029530525208,-0.11227910220623016,-0.17753386497497559,-0.4916069507598877,-0.02261580340564251,-0.21464265882968903,-0.7147882580757141,-0.05075433850288391,-0.23439531028270721,-0.8544039726257324,-0.07793709635734558,-0.24253728985786438,-0.9701420664787292,-0.09755592048168182,-0.11563064157962799,-0.4968684911727905,-0.038662660866975784,-0.14055278897285461,-0.7061499953269958,-0.06293138116598129,-0.15663036704063416,-0.8330399990081787,-0.07943277806043625,-0.16573238372802734,-0.9382628202438354,-0.09258939325809479,-0.04469146952033043,-0.47440558671951294,-0.062256794422864914,-0.05561724677681923,-0.6360305547714233,-0.07988594472408295,-0.06252086907625198,-0.7428277134895325,-0.08479572087526321,-0.06719601899385452,-0.8355145454406738,-0.08911464363336563
B,0.0,0.0,0.0,-0.14287425577640533,-0.03066318854689598,-0.04919184744358063,-0.24970710277557373,-0.1684170961380005,-0.07213310897350311,-0.2755776345729828,-0.3299378752708435,-0.09457357972860336,-0.23859623074531555,-0.4514527916908264,-0.11501136422157288,-0.23718369007110596,-0.44875645637512207,-0.009388025850057602,-0.2750275135040283,-0.6453826427459717,-0.04612002521753311,-0.291467547416687,-0.7712967395782471,-0.08268934488296509,-0.2976497709751129,-0.8789691925048828,-0.10895995795726776,-0.1775253862142563,-0.4897330701351166,-0.015856435522437096,-0.21566657721996307,-0.7101294994354248,-0.0444599874317646,-0.23752214014530182,-0.8491942882537842,-0.07362864911556244,-0.249768927693367,-0.9683055281639099,-0.09476521611213684,-0.11338694393634796,-0.4963134825229645,-0.03283516690135002,-0.1415216475725174,-0.7057557106018066,-0.058693334460258484,-0.15833042562007904,-0.8325258493423462,-0.0765925869345665,-0.16810008883476257,-0.9399094581604004,-0.090164415538311,-0.041824813932180405,-0.4749268591403961,-0.05746793374419212,-0.05876003950834274,-0.6355096101760864,-0.07634025812149048,-0.06684219837188721,-0.7399482131004333,-0.08201702684164047,-0.07285699993371964,-0.8307491540908813,-0.0867604911327362
B,0.0,0.0,0.0,-0.13798804581165314,-0.046985238790512085,-0.04512226954102516,-0.23165622353553772,-0.19041754305362701,-0.06680896878242493,-0.2458115667104721,-0.35313165187835693,-0.08788084238767624,-0.21627803146839142,-0.46888467669487,-0.10793791711330414,-0.2201496660709381,-0.4537684917449951,-0.019019223749637604,-0.25144162774086,-0.6570530533790588,-0.056282900273799896,-0.2643798291683197,-0.7865208387374878,-0.09114406257867813,-0.26925987005233765,-0.8963395953178406,-0.11575537174940109,-0.1585386097431183,-0.4937185049057007,-0.027541879564523697,-0.1882413774728775,-0.7211116552352905,-0.0569881796836853,-0.20463347434997559,-0.8604807257652283,-0.08475203067064285,-0.21414043009281158,-0.9768028259277344,-0.10478758811950684,-0.09284290671348572,-0.49962088465690613,-0.044951971620321274,-0.11443248391151428,-0.7094530463218689,-0.07094059139490128,-0.1285022348165512,-0.8371865749359131,-0.08719228953123093,-0.13805769383907318,-0.9435004591941833,-0.0996733084321022,-0.01974581927061081,-0.47673165798187256,-0.06931654363870621,-0.034141749143600464,-0.6428846120834351,-0.08820907026529312,-0.041252922266721725,-0.7515031099319458,-0.09196337312459946,-0.04754515737295151,-0.8449000120162964,-0.09514737874269485
B,0.0,0.0,0.0,-0.1416272670030594,-0.04305921122431755,-0.04729926586151123,-0.2347332090139389,-0.19016821682453156,-0.07051565498113632,-0.2431585043668747,-0.352999746799469,-0.0931820422410965,-0.20572085678577423,-0.4713315963745117,-0.11495053768157959,-0.20836135745048523,-0.451612651348114,-0.01777629926800728,-0.24293924868106842,-0.6444879770278931,-0.05700981989502907,-0.2536846697330475,-0.7705436944961548,-0.0946924090385437,-0.2540917992591858,-0.8793795108795166,-0.12161711603403091,-0.14534784853458405,-0.4937058985233307,-0.02602389082312584,-0.17640045285224915,-0.7164046764373779,-0.05558379366993904,-0.19280469417572021,-0.8568534851074219,-0.08659719675779343,-0.20143884420394897,-0.9795010089874268,-0.10968800634145737,-0.07946385443210602,-0.49757182598114014,-0.04372362792491913,-0.1023784801363945,-0.7066020965576172,-0.07027801871299744,-0.11594591289758682,-0.8349634408950806,-0.09041190147399902,-0.12371250987052917,-0.9444504976272583,-0.1062900722026825,-0.007484652101993561,-0.47229889035224915,-0.06848911941051483,-0.02092871442437172,-0.6351341009140015,-0.0883738100528717,-0.027768423780798912,-0.7414894700050354,-0.09530740976333618,-0.034205272793769836,-0.8350785374641418,-0.10147372633218765
B,0.0,0.0,0.0,-0.14093440771102905,-0.04110322892665863,-0.05244454741477966,-0.23407116532325745,-0.18541336059570312,-0.07870767265558243,-0.2406059205532074,-0.3486391305923462,-0.10329191386699677,-0.20407943427562714,-0.47076261043548584,-0.12627087533473969,-0.2053745687007904,-0.4510189890861511,-0.024163775146007538,-0.23970626294612885,-0.6461459398269653,-0.0664263665676117,-0.2482583373785019,-0.7733656167984009,-0.10584768652915955,-0.2460419237613678,-0.8826901912689209,-0.13371294736862183,-0.1405586302280426,-0.4945620000362396,-0.030526015907526016,-0.1717832088470459,-0.717161238193512,-0.06349213421344757,-0.18614111840724945,-0.8570997714996338,-0.09636824578046799,-0.19261498749256134,-0.981274425983429,-0.12038551270961761,-0.0745934322476387,-0.4987528622150421,-0.04671955481171608,-0.09766867756843567,-0.7080762982368469,-0.07632787525653839,-0.11125005781650543,-0.837424635887146,-0.09753016382455826,-0.11826156079769135,-0.9494863152503967,-0.11379430443048477,-0.0011818301863968372,-0.47343799471855164,-0.07025175541639328,-0.014153772965073586,-0.6373683214187622,-0.09253548085689545,-0.02059382013976574,-0.7441317439079285,-0.10044855624437332,-0.027094317600131035,-0.839523434638977,-0.10694240778684616
B,0.0,0.0,0.0,-0.1375454217195511,-0.0495000034570694,-0.04689803346991539,-0.225242480635643,-0.20338328182697296,-0.06914258748292923,-0.22420509159564972,-0.36766600608825684,-0.0905098095536232,-0.17959696054458618,-0.47520703077316284,-0.11142707616090775,-0.19278191030025482,-0.45340028405189514,-0.024666661396622658,-0.22286605834960938,-0.6518703699111938,-0.06474120914936066,-0.23420396447181702,-0.7816929817199707,-0.101225346326828,-0.23564797639846802,-0.8911166191101074,-0.12722092866897583,-0.12769506871700287,-0.4937973618507385,-0.03280819207429886,-0.15528422594070435,-0.7207207679748535,-0.06582429260015488,-0.17186515033245087,-0.8628199696540833,-0.09636571258306503,-0.18132486939430237,-0.9834232330322266,-0.11823531240224838,-0.06079898402094841,-0.49682292342185974,-0.04958997666835785,-0.07855218648910522,-0.710486114025116,-0.07887890189886093,-0.09216844290494919,-0.8399918675422668,-0.09807106107473373,-0.1020972728729248,-0.9477065205574036,-0.11246193945407867,0.012026594020426273,-0.4688076972961426,-0.07315322756767273,0.0051594506949186325,-0.6338934302330017,-0.09461762756109238,-0.0023691689129918814,-0.7431826591491699,-0.10113715380430222,-0.011486891657114029,-0.8375866413116455,-0.10661223530769348
B,0.0,0.0,0.0,-0.13882362842559814,-0.051276106387376785,-0.05346999317407608,-0.23031112551689148,-0.19176049530506134,-0.08147834241390228,-0.23164008557796478,-0.35349032282829285,-0.10721755772829056,-0.18920589983463287,-0.4675956070423126,-0.13092580437660217,-0.20175540447235107,-0.46084874868392944,-0.029359277337789536,-0.23241107165813446,-0.6623967885971069,-0.07258012145757675,-0.23968517780303955,-0.7922456860542297,-0.11200226098299026,-0.23736989498138428,-0.9012430310249329,-0.1391647309064865,-0.13622280955314636,-0.5002568364143372,-0.0342116616666317,-0.16318543255329132,-0.725226640701294,-0.06771863996982574,-0.17746023833751678,-0.8648610711097717,-0.09841671586036682,-0.1843111366033554,-0.9828678965568542,-0.12028423696756363,-0.06995056569576263,-0.5034610033035278,-0.04848099127411842,-0.08554859459400177,-0.7132251858711243,-0.07633913308382034,-0.09608445316553116,-0.8381673097610474,-0.093301922082901,-0.10180266201496124,-0.940831184387207,-0.10606663674116135,0.0020441270899027586,-0.47494345903396606,-0.0704915001988411,-0.003202487016096711,-0.637758195400238,-0.09005942940711975,-0.006572625134140253,-0.7427815198898315,-0.09458693861961365,-0.010325097478926182,-0.8325994610786438,-0.098020039498806
B,0.0,0.0,0.0,-0.13444054126739502,-0.054643698036670685,-0.048218946903944016,-0.22355462610721588,-0.200405091047287,-0.07286939769983292,-0.22558897733688354,-0.3618394434452057,-0.09605415910482407,-0.18063633143901825,-0.4737406373023987,-0.11704019457101822,-0.1980828493833542,-0.4654208719730377,-0.023146968334913254,-0.22449634969234467,-0.6731859445571899,-0.062078457325696945,-0.23242349922657013,-0.8038913011550903,-0.09743582457304001,-0.2311856895685196,-0.9103386402130127,-0.12147267162799835,-0.13222502171993256,-0.5022819638252258,-0.02872638776898384,-0.15705770254135132,-0.7300400733947754,-0.05854855850338936,-0.1709943413734436,-0.8707543015480042,-0.08590058982372284,-0.17658069729804993,-0.9842861890792847,-0.10499139875173569,-0.06501422077417374,-0.5053889155387878,-0.043308939784765244,-0.0808878093957901,-0.7183853983879089,-0.06802760809659958,-0.09228892624378204,-0.8456500768661499,-0.08368691802024841,-0.09919536113739014,-0.9476075768470764,-0.09542239457368851,0.007560184225440025,-0.4784209728240967,-0.06506387144327164,0.003475875360891223,-0.6429261565208435,-0.08204283565282822,-0.0015671940054744482,-0.7495253682136536,-0.08529521524906158,-0.006766035221517086,-0.839480459690094,-0.08764804899692535
B,0.0,0.0,0.0,-0.13636545836925507,-0.0547095350921154,-0.04883015155792236,-0.22409537434577942,-0.20637793838977814,-0.07172375917434692,-0.22477175295352936,-0.3719738721847534,-0.0934538021683693,-0.177464559674263,-0.48269328474998474,-0.11350368708372116,-0.19519925117492676,-0.4705531597137451,-0.01579665020108223,-0.21828514337539673,-0.6761785745620728,-0.05249335244297981,-0.22503237426280975,-0.8068788051605225,-0.08775945752859116,-0.22351540625095367,-0.9153357148170471,-0.11248244345188141,-0.13003970682621002,-0.5061820149421692,-0.021106969565153122,-0.1502493917942047,-0.7318393588066101,-0.048110850155353546,-0.16274701058864594,-0.8722579479217529,-0.07562346011400223,-0.1673630028963089,-0.9858953952789307,-0.09550737589597702,-0.06396781653165817,-0.5065124034881592,-0.03594040498137474,-0.07570357620716095,-0.7156133651733398,-0.05915335193276405,-0.0854901522397995,-0.8406186699867249,-0.0752294585108757,-0.09112666547298431,-0.9423776268959045,-0.08782047033309937,0.00676024379208684,-0.4765394628047943,-0.05821482092142105,0.006055326201021671,-0.6382119655609131,-0.0754634290933609,0.0049115996807813644,-0.7447578310966492,-0.07949866354465485,0.0035268620122224092,-0.8358851671218872,-0.0827045738697052
B,0.0,0.0,0.0,-0.132588729262352,-0.05636584013700485,-0.051335107535123825,-0.2168329805135727,-0.20647141337394714,-0.0795096829533577,-0.21849729120731354,-0.37010905146598816,-0.10573205351829529,-0.1769282966852188,-0.48634639382362366,-0.13001865148544312,-0.18122871220111847,-0.47079652547836304,-0.029797852039337158,-0.2086188644170761,-0.6748400926589966,-0.07308895885944366,-0.2127133309841156,-0.8035919070243835,-0.11185025423765182,-0.2069379687309265,-0.9120396971702576,-0.13844692707061768,-0.11601272225379944,-0.5025320053100586,-0.035666272044181824,-0.1396740823984146,-0.7292736172676086,-0.06792788952589035,-0.14983153343200684,-0.8692617416381836,-0.0976267084479332,-0.15244676172733307,-0.9883116483688354,-0.11905674636363983,-0.048937518149614334,-0.5004662871360779,-0.05063478276133537,-0.06496291607618332,-0.7102558612823486,-0.07700157910585403,-0.07341760396957397,-0.8365228772163391,-0.09316084533929825,-0.07652363181114197,-0.9419281482696533,-0.10581185668706894,0.024519765749573708,-0.4706498980522156,-0.07305112481117249,0.016425931826233864,-0.6345465183258057,-0.09177765250205994,0.013158170506358147,-0.7389899492263794,-0.0960489809513092,0.009915432892739773,-0.8293995261192322,-0.09950520843267441
B,0.0,0.0,0.0,-0.13648736476898193,-0.05889660865068436,-0.04684506356716156,-0.22135551273822784,-0.21025514602661133,-0.07203551381826401,-0.22192750871181488,-0.3734705448150635,-0.0961669310927391,-0.1825365126132965,-0.4887304902076721,-0.1185908168554306,-0.18859560787677765,-0.473297655582428,-0.022926483303308487,-0.2139553725719452,-0.6753393411636353,-0.06409768760204315,-0.21718347072601318,-0.8024073839187622,-0.10220646858215332,-0.21215489506721497,-0.9092665910720825,-0.1287490725517273,-0.12410303950309753,-0.507490336894989,-0.031119221821427345,-0.14519283175468445,-0.7328733801841736,-0.061289090663194656,-0.15394751727581024,-0.8709074258804321,-0.090389683842659,-0.1564425230026245,-0.9876871109008789,-0.11173941195011139,-0.05821099504828453,-0.5056774020195007,-0.048310358077287674,-0.07302048802375793,-0.7153578400611877,-0.07323804497718811,-0.0801469013094902,-0.8414451479911804,-0.08913181722164154,-0.08223092555999756,-0.9460703730583191,-0.10203903168439865,0.014265653677284718,-0.4746468663215637,-0.07276201993227005,0.006788811646401882,-0.6390305757522583,-0.09054971486330032,0.005820631515234709,-0.7422500252723694,-0.09392017871141434,0.005521759856492281,-0.8300667405128479,-0.09699059277772903
B,0.0,0.0,0.0,-0.13588356971740723,-0.0678483098745346,-0.04294496029615402,-0.2192808985710144,-0.21801750361919403,-0.0675174742937088,-0.22141119837760925,-0.37849873304367065,-0.09213405102491379,-0.17873722314834595,-0.4905177354812622,-0.11471864581108093,-0.18512776494026184,-0.4805838465690613,-0.01471587922424078,-0.2108686864376068,-0.6822888255119324,-0.053995583206415176,-0.2137102484703064,-0.8078946471214294,-0.09120028465986252,-0.20703676342964172,-0.9139086008071899,-0.11732340604066849,-0.12107732146978378,-0.5113993287086487,-0.024403328076004982,-0.1431073397397995,-0.7344846725463867,-0.0530734620988369,-0.15122826397418976,-0.8724135756492615,-0.0813523456454277,-0.15245820581912994,-0.9883098602294922,-0.10203653573989868,-0.05439278855919838,-0.5079264044761658,-0.04320797324180603,-0.07176116108894348,-0.7169617414474487,-0.0669831931591034,-0.0793382003903389,-0.8431548476219177,-0.08203473687171936,-0.08192863315343857,-0.9474061727523804,-0.09426437318325043,0.018547119572758675,-0.4760231077671051,-0.06899508088827133,0.009723518043756485,-0.6386522650718689,-0.0860956460237503,0.00813679862767458,-0.7419139742851257,-0.08902272582054138,0.0071553634479641914,-0.8297127485275269,-0.09163312613964081
B,0.0,0.0,0.0,-0.13491660356521606,-0.06941953301429749,-0.046413786709308624,-0.2155327945947647,-0.21921774744987488,-0.07257839292287827,-0.2100875824689865,-0.3773660361766815,-0.09831535071134567,-0.156895712018013,-0.480588436126709,-0.12296076864004135,-0.17367230355739594,-0.47715750336647034,-0.025700781494379044,-0.19205854833126068,-0.6794137954711914,-0.06765198707580566,-0.19594703614711761,-0.8063349723815918,-0.10557444393634796,-0.19192931056022644,-0.9149835109710693,-0.13238880038261414,-0.1065502017736435,-0.5047856569290161,-0.0360863022506237,-0.12168951332569122,-0.7319033145904541,-0.06853414326906204,-0.13001137971878052,-0.8734443783760071,-0.09759995341300964,-0.13126207888126373,-0.9913477301597595,-0.11845818161964417,-0.0370027981698513,-0.49634823203086853,-0.055343326181173325,-0.04664446413516998,-0.7066643834114075,-0.08319742977619171,-0.055180687457323074,-0.8358457684516907,-0.09989994764328003,-0.0596776120364666,-0.9412340521812439,-0.11254196614027023,0.03919421136379242,-0.45794376730918884,-0.08168430626392365,0.03788574039936066,-0.6250123381614685,-0.102254219353199,0.03414849564433098,-0.7330510020256042,-0.10639209300279617,0.0284372940659523,-0.8233457803726196,-0.10947510600090027
B,0.0,0.0,0.0,-0.1317896991968155,-0.06606169790029526,-0.04582534730434418,-0.21251405775547028,-0.21715080738067627,-0.07120224088430405,-0.20676739513874054,-0.3769925832748413,-0.09612199664115906,-0.15082848072052002,-0.47366267442703247,-0.12001544237136841,-0.16989263892173767,-0.48174619674682617,-0.02626989223062992,-0.18402372300624847,-0.6838086843490601,-0.06726016849279404,-0.1868336796760559,-0.8122162222862244,-0.10464708507061005,-0.1829918473958969,-0.9202027320861816,-0.13176710903644562,-0.100222647190094,-0.5079545378684998,-0.036753926426172256,-0.11339022219181061,-0.7323684096336365,-0.06912419945001602,-0.12101086229085922,-0.874333918094635,-0.09869459271430969,-0.12276828289031982,-0.9924353957176208,-0.12018240243196487,-0.029584728181362152,-0.496086984872818,-0.05581631511449814,-0.03632812574505806,-0.7035568356513977,-0.08414601534605026,-0.04354650154709816,-0.8321913480758667,-0.10274555534124374,-0.04841699078679085,-0.9387305378913879,-0.11709199100732803,0.047576598823070526,-0.4525834619998932,-0.08175191283226013,0.05213271826505661,-0.6138298511505127,-0.10417242348194122,0.04800574108958244,-0.7214826345443726,-0.11130892485380173,0.04057507589459419,-0.8142903447151184,-0.11667688190937042
B,0.0,0.0,0.0,-0.1301693618297577,-0.06782098859548569,-0.04462419077754021,-0.21027608215808868,-0.21550558507442474,-0.07108864933252335,-0.2083807736635208,-0.36962610483169556,-0.09704899042844772,-0.1657824069261551,-0.47725895047187805,-0.1216696947813034,-0.16300973296165466,-0.49238887429237366,-0.025355255231261253,-0.183200404047966,-0.6919996738433838,-0.06659825146198273,-0.18606925010681152,-0.8159126043319702,-0.10481217503547668,-0.1813422590494156,-0.9222176671028137,-0.13229992985725403,-0.09332845360040665,-0.5168944001197815,-0.035606879740953445,-0.11017575114965439,-0.7392577528953552,-0.06703590601682663,-0.11797544360160828,-0.8754555583000183,-0.0977240651845932,-0.11969853937625885,-0.9928103089332581,-0.12059109658002853,-0.023078273981809616,-0.504647970199585,-0.054186876863241196,-0.032449185848236084,-0.7087278962135315,-0.08172617107629776,-0.04153045266866684,-0.8342170715332031,-0.10006159543991089,-0.04865698516368866,-0.9415112137794495,-0.11486957967281342,0.05275098606944084,-0.462539941072464,-0.07930594682693481,0.05427337437868118,-0.6233645081520081,-0.10106109827756882,0.04971981421113014,-0.7272515296936035,-0.10744166374206543,0.0413200780749321,-0.8209160566329956,-0.11249812692403793
B,0.0,0.0,0.0,-0.1288968175649643,-0.06630078703165054,-0.04960917681455612,-0.20762711763381958,-0.219548761844635,-0.07524095475673676,-0.20126157999038696,-0.38012266159057617,-0.09926711767911911,-0.1461770385503769,-0.47280648350715637,-0.12172787636518478,-0.16563324630260468,-0.4799453914165497,-0.027087701484560966,-0.17869137227535248,-0.6832287907600403,-0.06647133082151413,-0.17905324697494507,-0.8106980919837952,-0.10306446999311447,-0.1741631180047989,-0.9180496335029602,-0.12972623109817505,-0.09632426500320435,-0.5086095929145813,-0.03483390808105469,-0.10537131875753403,-0.7362748384475708,-0.06575794517993927,-0.1085677221417427,-0.8773151636123657,-0.094770148396492,-0.10752034187316895,-0.9942029118537903,-0.11625546962022781,-0.030018188059329987,-0.4986807107925415,-0.051482100039720535,-0.03152809292078018,-0.7074475288391113,-0.07805801182985306,-0.03541946038603783,-0.8339160084724426,-0.09642753005027771,-0.036483120173215866,-0.9368977546691895,-0.11102697253227234,0.041792310774326324,-0.456943541765213,-0.0753675177693367,0.04946529492735863,-0.6185181736946106,-0.09466097503900528,0.05111534893512726,-0.7241334915161133,-0.10089196264743805,0.050720151513814926,-0.815351128578186,-0.10645901411771774
B,0.0,0.0,0.0,-0.13106949627399445,-0.07241318374872208,-0.04948601499199867,-0.20991027355194092,-0.21731853485107422,-0.08032861351966858,-0.2037319839000702,-0.3725026249885559,-0.10924239456653595,-0.15321731567382812,-0.47856083512306213,-0.13643135130405426,-0.16294464468955994,-0.48604556918144226,-0.032944995909929276,-0.17933394014835358,-0.6892324090003967,-0.07587401568889618,-0.17813846468925476,-0.8140246868133545,-0.11556181311607361,-0.17040559649467468,-0.9212201833724976,-0.14432857930660248,-0.09327743947505951,-0.5110352635383606,-0.0416826456785202,-0.10497668385505676,-0.7393145561218262,-0.07458318769931793,-0.10707616060972214,-0.8750506639480591,-0.10664230585098267,-0.10534626245498657,-0.9944356083869934,-0.13115935027599335,-0.026028618216514587,-0.49912694096565247,-0.05877972021698952,-0.03045882098376751,-0.7086132168769836,-0.08651796728372574,-0.03398718684911728,-0.8355866074562073,-0.10546368360519409,-0.03536319360136986,-0.9433153867721558,-0.12145157903432846,0.047893546521663666,-0.45787298679351807,-0.08276951313018799,0.051431212574243546,-0.6215730309486389,-0.10243889689445496,0.05337688699364662,-0.7254340648651123,-0.10783903300762177,0.052864547818899155,-0.8185265064239502,-0.113370381295681
B,0.0,0.0,0.0,-0.13661788403987885,-0.06859194487333298,-0.047893673181533813,-0.22377319633960724,-0.2193106710910797,-0.07484299689531326,-0.21120527386665344,-0.3855849504470825,-0.10008904337882996,-0.14386789500713348,-0.48353418707847595,-0.12390249222517014,-0.17137664556503296,-0.48648619651794434,-0.02488194778561592,-0.18943777680397034,-0.6887306571006775,-0.06336824595928192,-0.18859949707984924,-0.8124504685401917,-0.10131410509347916,-0.18172654509544373,-0.918384313583374,-0.13027118146419525,-0.10083474218845367,-0.5131852626800537,-0.03373614698648453,-0.1153746172785759,-0.7403318285942078,-0.062107499688863754,-0.11829902231693268,-0.8750827312469482,-0.09314997494220734,-0.11778231710195541,-0.9930394291877747,-0.11802592873573303,-0.03396926820278168,-0.4996338486671448,-0.051219724118709564,-0.04033312946557999,-0.707402229309082,-0.07637055218219757,-0.043953750282526016,-0.8327888250350952,-0.09629121422767639,-0.04493825137615204,-0.9373152256011963,-0.1138639971613884,0.04025792330503464,-0.4558751583099365,-0.07569877803325653,0.04165502265095711,-0.614132821559906,-0.09499036520719528,0.04235514625906944,-0.7155724763870239,-0.1020241528749466,0.041747212409973145,-0.8058252930641174,-0.10946275293827057
B,0.0,0.0,0.0,-0.1375419944524765,-0.06498256325721741,-0.04691820964217186,-0.22285768389701843,-0.22137735784053802,-0.07099369913339615,-0.20993345975875854,-0.3836495578289032,-0.09404352307319641,-0.14921507239341736,-0.4838341772556305,-0.11519315838813782,-0.18108969926834106,-0.485106498003006,-0.019585996866226196,-0.19544509053230286,-0.6836958527565002,-0.05554230883717537,-0.19933012127876282,-0.8073953986167908,-0.0914728194475174,-0.19953051209449768,-0.9131938219070435,-0.11983601003885269,-0.1093672439455986,-0.5128374695777893,-0.029387030750513077,-0.12679161131381989,-0.7355393767356873,-0.05805683508515358,-0.134041428565979,-0.8739363551139832,-0.08921131491661072,-0.1401067078113556,-0.990136444568634,-0.11402775347232819,-0.04101483151316643,-0.49715524911880493,-0.04820799455046654,-0.04792427644133568,-0.699532687664032,-0.07613848894834518,-0.05507688596844673,-0.8275958299636841,-0.09864810854196548,-0.0623394250869751,-0.9333750605583191,-0.11722439527511597,0.03574360907077789,-0.45013824105262756,-0.07370620965957642,0.04138897731900215,-0.6098237037658691,-0.09782898426055908,0.03889653459191322,-0.7131202816963196,-0.10818205028772354,0.03128756582736969,-0.8023465275764465,-0.11721221357584
B,0.0,0.0,0.0,-0.13867273926734924,-0.07205232232809067,-0.040770113468170166,-0.22511336207389832,-0.22035743296146393,-0.06336966156959534,-0.21184615790843964,-0.3784247040748596,-0.0862284004688263,-0.14629976451396942,-0.46661195158958435,-0.10901610553264618,-0.18844367563724518,-0.4834732115268707,-0.018352683633565903,-0.20468419790267944,-0.6855803728103638,-0.05498971790075302,-0.2088135927915573,-0.8117156028747559,-0.09185782074928284,-0.20938651263713837,-0.9197359681129456,-0.12057138979434967,-0.11639964580535889,-0.5117154717445374,-0.031737446784973145,-0.13426551222801208,-0.7373400330543518,-0.06035393103957176,-0.14190270006656647,-0.8740065097808838,-0.09178999066352844,-0.14731961488723755,-0.9890889525413513,-0.11624795943498611,-0.044825829565525055,-0.499873548746109,-0.05319901183247566,-0.05698872357606888,-0.7056741714477539,-0.07926353067159653,-0.0647478699684143,-0.8352528214454651,-0.10064328461885452,-0.07056385278701782,-0.9419991970062256,-0.11847652494907379,0.033778682351112366,-0.45598533749580383,-0.08104371279478073,0.03250700235366821,-0.616148829460144,-0.10259288549423218,0.029238393530249596,-0.7213494777679443,-0.11031294614076614,0.024612514302134514,-0.8125803470611572,-0.11752238869667053
B,0.0,0.0,0.0,-0.13814014196395874,-0.06675679981708527,-0.04587525501847267,-0.2257184088230133,-0.21044707298278809,-0.07263805717229843,-0.21428456902503967,-0.36912572383880615,-0.09861551970243454,-0.1533571183681488,-0.4709223806858063,-0.12337512522935867,-0.1821538656949997,-0.48551857471466064,-0.019644906744360924,-0.20385967195034027,-0.6862004399299622,-0.057405319064855576,-0.2066313922405243,-0.809471607208252,-0.09626535326242447,-0.20401911437511444,-0.9165627360343933,-0.12661033868789673,-0.11074213683605194,-0.5139861106872559,-0.03029068373143673,-0.132542222738266,-0.7392037510871887,-0.05909983813762665,-0.1390276402235031,-0.8726466298103333,-0.09230045229196548,-0.14303617179393768,-0.9897174835205078,-0.11911672353744507,-0.04209735989570618,-0.5023419857025146,-0.04964179918169975,-0.05744358152151108,-0.7086332440376282,-0.07627831399440765,-0.06582636386156082,-0.8356004357337952,-0.0978236198425293,-0.07103629410266876,-0.9406691193580627,-0.1166585236787796,0.036420535296201706,-0.4600309133529663,-0.07576907426118851,0.03374490886926651,-0.619268536567688,-0.09698829799890518,0.03155805543065071,-0.7213437557220459,-0.10480015724897385,0.027516236528754234,-0.8110784292221069,-0.11288860440254211
B,0.0,0.0,0.0,-0.13239037990570068,-0.07423192262649536,-0.043408527970314026,-0.21734343469142914,-0.22323931753635406,-0.06877514719963074,-0.20716939866542816,-0.38459649682044983,-0.09353624284267426,-0.1486225724220276,-0.4878513216972351,-0.11689253896474838,-0.1793886423110962,-0.49827784299850464,-0.01573844999074936,-0.19900308549404144,-0.6970835328102112,-0.050138432532548904,-0.20214036107063293,-0.8172531723976135,-0.08636624366044998,-0.20020230114459991,-0.9195501208305359,-0.11446657031774521,-0.1074812114238739,-0.52503901720047,-0.02582336962223053,-0.12588223814964294,-0.7485214471817017,-0.05103075131773949,-0.13319392502307892,-0.8800777196884155,-0.0813290923833847,-0.13807101547718048,-0.9904223680496216,-0.10581174492835999,-0.0374520979821682,-0.5135855674743652,-0.04447251558303833,-0.051076631993055344,-0.7220926284790039,-0.06722184270620346,-0.06026354804635048,-0.8467184901237488,-0.08702772855758667,-0.06700382381677628,-0.9491272568702698,-0.10446074604988098,0.04034746438264847,-0.4738173186779022,-0.06969613581895828,0.039250448346138,-0.6415659785270691,-0.0884382352232933,0.03696024790406227,-0.7474813461303711,-0.09565252810716629,0.033397700637578964,-0.8404747247695923,-0.10280904173851013
B,0.0,0.0,0.0,-0.1313796192407608,-0.08572777360677719,-0.039580728858709335,-0.2082650065422058,-0.2422580122947693,-0.06045549362897873,-0.196039617061615,-0.39683079719543457,-0.08141379058361053,-0.14023762941360474,-0.4884435832500458,-0.10019299387931824,-0.1772317737340927,-0.49683699011802673,-0.012688037008047104,-0.19523519277572632,-0.6954011917114258,-0.04722685366868973,-0.1979767382144928,-0.8183387517929077,-0.08070254325866699,-0.194685697555542,-0.9188875555992126,-0.10519617050886154,-0.10664961487054825,-0.5241042375564575,-0.023277536034584045,-0.12333086133003235,-0.7466620206832886,-0.050066735595464706,-0.12855081260204315,-0.8816632032394409,-0.07638343423604965,-0.13035058975219727,-0.9914680123329163,-0.0949900671839714,-0.03664935752749443,-0.5109754204750061,-0.04223448783159256,-0.04753343015909195,-0.7150757908821106,-0.06522944569587708,-0.053587205708026886,-0.838545560836792,-0.08063570410013199,-0.05855341628193855,-0.9388241767883301,-0.09260792285203934,0.04060474410653114,-0.4656764268875122,-0.06769254058599472,0.043442390859127045,-0.6238721013069153,-0.08402124792337418,0.039918024092912674,-0.7244177460670471,-0.08637867867946625,0.03342711925506592,-0.8093059659004211,-0.08833159506320953
B,0.0,0.0,0.0,-0.12452568113803864,-0.08293209969997406,-0.04277095943689346,-0.19836755096912384,-0.2430555373430252,-0.0644778236746788,-0.18468289077281952,-0.3999338150024414,-0.08569183945655823,-0.1264703869819641,-0.4897642731666565,-0.10507077723741531,-0.1610577255487442,-0.5033148527145386,-0.016008596867322922,-0.1753130853176117,-0.6964322328567505,-0.05062144622206688,-0.18106020987033844,-0.818128764629364,-0.08487071841955185,-0.1823936402797699,-0.9213398098945618,-0.11096543818712234,-0.09503202885389328,-0.5278886556625366,-0.025772418826818466,-0.10956567525863647,-0.7457975149154663,-0.05291939899325371,-0.11536141484975815,-0.8799877762794495,-0.07952236384153366,-0.11889708787202835,-0.9929066300392151,-0.09936894476413727,-0.02960853837430477,-0.5125354528427124,-0.044084880501031876,-0.03777328133583069,-0.7115938067436218,-0.06805053353309631,-0.042955148965120316,-0.8343238830566406,-0.08344513177871704,-0.04722723364830017,-0.9358713626861572,-0.09610086679458618,0.04347332566976547,-0.4650961458683014,-0.06940926611423492,0.044784970581531525,-0.6208205819129944,-0.08690264075994492,0.04204263910651207,-0.7218595147132874,-0.09020207822322845,0.03672850504517555,-0.8076169490814209,-0.09355136752128601
B,0.0,0.0,0.0,-0.12356994301080704,-0.0899355486035347,-0.04678945243358612,-0.1920260488986969,-0.24779345095157623,-0.07143183052539825,-0.17173342406749725,-0.4078737795352936,-0.09395376592874527,-0.11059347540140152,-0.5001427531242371,-0.114382304251194,-0.1521550863981247,-0.5006921291351318,-0.025089411064982414,-0.16730913519859314,-0.6959546804428101,-0.060887135565280914,-0.1723276674747467,-0.8174851536750793,-0.09524184465408325,-0.17263588309288025,-0.9204674363136292,-0.12139267474412918,-0.08396809548139572,-0.5247287154197693,-0.03268037736415863,-0.09733136743307114,-0.7485845685005188,-0.06068901717662811,-0.1030210554599762,-0.8818002343177795,-0.08771555870771408,-0.10871690511703491,-0.9940727353096008,-0.1084800511598587,-0.018823472782969475,-0.5079606175422668,-0.04846611246466637,-0.02489524334669113,-0.7108708620071411,-0.07277754694223404,-0.032124292105436325,-0.8347856998443604,-0.08857643604278564,-0.03890053182840347,-0.9356049299240112,-0.10203609615564346,0.054600927978754044,-0.45991960167884827,-0.07132978737354279,0.05723235756158829,-0.6190122961997986,-0.08886141330003738,0.05403514951467514,-0.7207962274551392,-0.09257542341947556,0.04720235615968704,-0.8061121702194214,-0.096736378967762
B,0.0,0.0,0.0,-0.12514609098434448,-0.09301632642745972,-0.04508918896317482,-0.19062183797359467,-0.2580365836620331,-0.06795413792133331,-0.16405579447746277,-0.4155026078224182,-0.08971081674098969,-0.10324449092149734,-0.508976936340332,-0.10967951267957687,-0.1459006369113922,-0.5093052387237549,-0.016004838049411774,-0.15891291201114655,-0.7039708495140076,-0.05103021487593651,-0.16088294982910156,-0.8254396319389343,-0.08681600540876389,-0.15802717208862305,-0.9287592768669128,-0.11410550028085709,-0.07408105581998825,-0.5286954045295715,-0.025010131299495697,-0.084023617208004,-0.7500463128089905,-0.050028104335069656,-0.0880490317940712,-0.8839723467826843,-0.07881475239992142,-0.09060527384281158,-0.9958869218826294,-0.10162363201379776,-0.006657038815319538,-0.5070803165435791,-0.04275098070502281,-0.009857222437858582,-0.7066291570663452,-0.06428064405918121,-0.014214822091162205,-0.8294144868850708,-0.08128675818443298,-0.018016209825873375,-0.9293299317359924,-0.09666789323091507,0.0664285197854042,-0.4546419084072113,-0.06768358498811722,0.06979777663946152,-0.6079933643341064,-0.08336450904607773,0.06760092824697495,-0.7069104313850403,-0.08694904297590256,0.061776816844940186,-0.7912827134132385,-0.09169063717126846
B,0.0,0.0,0.0,-0.12758667767047882,-0.091705821454525,-0.04162120074033737,-0.19552212953567505,-0.25762274861335754,-0.06183803826570511,-0.1676499992609024,-0.41646698117256165,-0.08169043064117432,-0.1100129559636116,-0.5130470395088196,-0.09964966028928757,-0.1490703821182251,-0.5102682709693909,-0.010186119005084038,-0.16477081179618835,-0.7058213353157043,-0.04362627863883972,-0.16993571817874908,-0.8268502950668335,-0.07849229872226715,-0.17180676758289337,-0.9306053519248962,-0.10530871152877808,-0.07672953605651855,-0.5320265889167786,-0.020394794642925262,-0.08608090132474899,-0.7517227530479431,-0.04468206316232681,-0.09083298593759537,-0.8844228982925415,-0.07262825965881348,-0.09521108120679855,-0.995457112789154,-0.09449668973684311,-0.008783743716776371,-0.5125282406806946,-0.039409659802913666,-0.012640465050935745,-0.7098630666732788,-0.06028901785612106,-0.016756543889641762,-0.830203115940094,-0.07586495578289032,-0.02074022777378559,-0.9285961985588074,-0.09001398086547852,0.06466318666934967,-0.4615228772163391,-0.0654478445649147,0.06802584230899811,-0.6146750450134277,-0.08036405593156815,0.06680074334144592,-0.712192714214325,-0.08294112235307693,0.06201712042093277,-0.7954294085502625,-0.08670847117900848
B,0.0,0.0,0.0,-0.12788769602775574,-0.0961151197552681,-0.04149385541677475,-0.19369927048683167,-0.26314496994018555,-0.06123489886522293,-0.16541016101837158,-0.42225873470306396,-0.08028580993413925,-0.10584628582000732,-0.5170003771781921,-0.09695198386907578,-0.1494923084974289,-0.5100277066230774,-0.008221879601478577,-0.16360054910182953,-0.7085142135620117,-0.03935899958014488,-0.16769978404045105,-0.8305047750473022,-0.07266756892204285,-0.16895531117916107,-0.9351882934570312,-0.09849247336387634,-0.07631377875804901,-0.5309562683105469,-0.017622429877519608,-0.08498211950063705,-0.753003716468811,-0.03868633881211281,-0.08843488246202469,-0.8859608173370361,-0.06482956558465958,-0.0921824723482132,-0.99574214220047,-0.08569254726171494,-0.007763797417283058,-0.509711742401123,-0.03569300100207329,-0.011449182406067848,-0.7079401016235352,-0.05353320389986038,-0.015536820515990257,-0.8281280398368835,-0.06710037589073181,-0.019609961658716202,-0.924872636795044,-0.08029793202877045,0.0667000412940979,-0.4578767716884613,-0.06081455200910568,0.06912041455507278,-0.6084215044975281,-0.07293802499771118,0.06771279126405716,-0.7031332850456238,-0.07304295897483826,0.06340952962636948,-0.7822551131248474,-0.07523152977228165
B,0.0,0.0,0.0,-0.12268508970737457,-0.10285533964633942,-0.04487336799502373,-0.18313132226467133,-0.2706948220729828,-0.06616004556417465,-0.1514798104763031,-0.4294993281364441,-0.08692274242639542,-0.09116438776254654,-0.5234904289245605,-0.10543904453516006,-0.1424562633037567,-0.5149277448654175,-0.005543201230466366,-0.14964857697486877,-0.7095456123352051,-0.03735791891813278,-0.14937423169612885,-0.8282226920127869,-0.07203521579504013,-0.1453046351671219,-0.932154655456543,-0.09932680428028107,-0.06890086829662323,-0.5353072285652161,-0.01361566036939621,-0.07450095564126968,-0.7548337578773499,-0.03553126007318497,-0.07441743463277817,-0.8860212564468384,-0.06330060958862305,-0.07432524114847183,-0.997234046459198,-0.0857490673661232,0.0004739629221148789,-0.5130761861801147,-0.031211290508508682,-0.0010775466216728091,-0.7088195085525513,-0.05139680951833725,-0.0035715976264327765,-0.8237329721450806,-0.06708671152591705,-0.005319311283528805,-0.9189105033874512,-0.08132869005203247,0.07669348269701004,-0.4593753516674042,-0.056177884340286255,0.08073063939809799,-0.6096227169036865,-0.07130446285009384,0.07971914857625961,-0.7036561369895935,-0.07371693104505539,0.07495732605457306,-0.7857187986373901,-0.07744335383176804
B,0.0,0.0,0.0,-0.12936365604400635,-0.09923607110977173,-0.04516776278614998,-0.19315484166145325,-0.26606956124305725,-0.06817077100276947,-0.16378745436668396,-0.42210397124290466,-0.08960673958063126,-0.10301224887371063,-0.5158637762069702,-0.10826589167118073,-0.14515432715415955,-0.5174448490142822,-0.0112574752420187,-0.15920794010162354,-0.7140727043151855,-0.04174165800213814,-0.16046561300754547,-0.8311289548873901,-0.07626643776893616,-0.15767888724803925,-0.9336439967155457,-0.1037946566939354,-0.06974499672651291,-0.53594970703125,-0.018171966075897217,-0.07942159473896027,-0.7579382061958313,-0.03856206312775612,-0.08212817460298538,-0.8856892585754395,-0.06704649329185486,-0.0849280133843422,-0.9963870644569397,-0.09125121682882309,-0.0011478973319754004,-0.5122159123420715,-0.033709816634655,-0.004729961510747671,-0.7105559706687927,-0.051183585077524185,-0.012709631584584713,-0.8289594650268555,-0.06861954182386398,-0.020873187109827995,-0.925058126449585,-0.08587431162595749,0.0744171142578125,-0.4562435746192932,-0.05636952444911003,0.07739768922328949,-0.6066263318061829,-0.069255530834198,0.07236488163471222,-0.7027001976966858,-0.0737231895327568,0.06287098675966263,-0.7881181240081787,-0.08020670711994171
B,0.0,0.0,0.0,-0.12447908520698547,-0.0943395346403122,-0.04931051656603813,-0.1886892467737198,-0.25867632031440735,-0.07460419833660126,-0.15883606672286987,-0.4137698709964752,-0.09745559841394424,-0.09755287319421768,-0.5064696669578552,-0.11786595731973648,-0.14432118833065033,-0.5120600461959839,-0.021609367802739143,-0.15677830576896667,-0.7104589343070984,-0.05437399819493294,-0.15788455307483673,-0.8293457627296448,-0.08907842636108398,-0.15497194230556488,-0.9336758852005005,-0.11640283465385437,-0.06694532185792923,-0.53038090467453,-0.027472591027617455,-0.07660739123821259,-0.7535912990570068,-0.04980604350566864,-0.08030764013528824,-0.8834875226020813,-0.07841892540454865,-0.08326539397239685,-0.9965274333953857,-0.10244585573673248,0.003991330042481422,-0.5065799951553345,-0.04175618290901184,0.001213759882375598,-0.7062258124351501,-0.060770321637392044,-0.0050414809957146645,-0.8245688080787659,-0.078336700797081,-0.011348388157784939,-0.9226897954940796,-0.09527437388896942,0.07951073348522186,-0.45031654834747314,-0.06335718929767609,0.08029603213071823,-0.6024497151374817,-0.07794228941202164,0.07525350898504257,-0.6998013854026794,-0.08273010700941086,0.0668284222483635,-0.787518322467804,-0.08896464854478836
B,0.0,0.0,0.0,-0.11848027259111404,-0.09031441062688828,-0.051203131675720215,-0.18330170214176178,-0.2560209631919861,-0.07713740319013596,-0.15306110680103302,-0.41208428144454956,-0.10071348398923874,-0.08775922656059265,-0.5017935037612915,-0.12204906344413757,-0.13862541317939758,-0.5128545761108398,-0.022904323413968086,-0.14902843534946442,-0.7094302773475647,-0.055838968604803085,-0.15037034451961517,-0.8276553750038147,-0.09083458036184311,-0.1488657146692276,-0.9314314723014832,-0.11866278946399689,-0.06158210709691048,-0.5302039384841919,-0.02825133502483368,-0.06880021840333939,-0.7503125071525574,-0.05026108771562576,-0.07340782135725021,-0.8815392851829529,-0.07953750342130661,-0.07768385857343674,-0.9969780445098877,-0.10440751165151596,0.00919654592871666,-0.5058846473693848,-0.04210023209452629,0.006129725370556116,-0.7019249200820923,-0.06048870459198952,-0.0011027399450540543,-0.8170038461685181,-0.07784533500671387,-0.008997423574328423,-0.9130165576934814,-0.09465721994638443,0.0842163935303688,-0.44975361227989197,-0.06360223889350891,0.08644862473011017,-0.6002607345581055,-0.07705943286418915,0.08139606565237045,-0.6950666904449463,-0.08112002909183502,0.07293937355279922,-0.7786099314689636,-0.08685210347175598
B,0.0,0.0,0.0,-0.12028633058071136,-0.09816490858793259,-0.04659794270992279,-0.18351465463638306,-0.26084059476852417,-0.07131437212228775,-0.14914289116859436,-0.4191786050796509,-0.09396275132894516,-0.08106917887926102,-0.502375602722168,-0.11329630017280579,-0.15112848579883575,-0.5230280160903931,-0.017001936212182045,-0.1613980084657669,-0.7208805680274963,-0.04574158415198326,-0.1597682386636734,-0.8365970849990845,-0.07736214995384216,-0.15497636795043945,-0.938988208770752,-0.10239750891923904,-0.07241429388523102,-0.5404918193817139,-0.02299690619111061,-0.08217132091522217,-0.7601925730705261,-0.03956016153097153,-0.08591535687446594,-0.8869242072105408,-0.06234206631779671,-0.08895955979824066,-0.9960352182388306,-0.081657275557518,0.005330135580152273,-0.5180725455284119,-0.037167616188526154,-0.00054821593221277,-0.713284432888031,-0.0501883439719677,-0.008472585119307041,-0.8279640674591064,-0.060805488377809525,-0.017420228570699692,-0.9243603348731995,-0.07217147946357727,0.08828108757734299,-0.4636327028274536,-0.058941129595041275,0.08973733335733414,-0.6170529127120972,-0.06715275347232819,0.08672685921192169,-0.7099143266677856,-0.06484265625476837,0.08104527741670609,-0.7898209095001221,-0.06493734568357468
B,0.0,0.0,0.0,-0.12815488874912262,-0.0986444503068924,-0.04859711602330208,-0.1947975754737854,-0.26343652606010437,-0.0721292793750763,-0.1602741926908493,-0.4271475374698639,-0.09261267632246017,-0.09000732749700546,-0.5066580772399902,-0.10936843603849411,-0.1581861525774002,-0.5208646655082703,-0.014702633023262024,-0.17143955826759338,-0.7167223691940308,-0.04023907706141472,-0.1733509749174118,-0.8306248188018799,-0.06984860450029373,-0.17303891479969025,-0.9309217929840088,-0.09375983476638794,-0.08122028410434723,-0.5407509803771973,-0.01789323054254055,-0.09158013015985489,-0.7607694268226624,-0.03120008483529091,-0.09493885934352875,-0.8879595398902893,-0.05077985301613808,-0.09789124876260757,-0.9951971173286438,-0.06801915168762207,-0.006636062171310186,-0.5190658569335938,-0.02988504432141781,-0.013432936742901802,-0.7152639627456665,-0.040912240743637085,-0.020684361457824707,-0.8294867873191833,-0.05026756972074509,-0.028421012684702873,-0.924980640411377,-0.06074398383498192,0.07332003861665726,-0.4669046700000763,-0.04983256012201309,0.07385014742612839,-0.6243351101875305,-0.05738398805260658,0.0722266212105751,-0.718603253364563,-0.05556449666619301,0.06938232481479645,-0.8009651899337769,-0.05614557862281799
B,0.0,0.0,0.0,-0.12727846205234528,-0.09831307083368301,-0.04346470534801483,-0.19271032512187958,-0.2604072690010071,-0.06493216007947922,-0.16229815781116486,-0.42266756296157837,-0.08457130938768387,-0.09377778321504593,-0.5032311081886292,-0.10121374577283859,-0.15603482723236084,-0.5153791308403015,-0.010854260995984077,-0.17049123346805573,-0.7098671197891235,-0.037349577993154526,-0.17175330221652985,-0.8235067129135132,-0.06775792688131332,-0.1698714941740036,-0.9253681898117065,-0.09250424057245255,-0.08088475465774536,-0.5348717570304871,-0.017979001626372337,-0.09476562589406967,-0.7538183927536011,-0.034004971385002136,-0.09965042769908905,-0.8829901218414307,-0.05634167790412903,-0.10475672781467438,-0.9944978952407837,-0.07537442445755005,-0.00806386861950159,-0.511778712272644,-0.033511869609355927,-0.015955239534378052,-0.706953227519989,-0.048541806638240814,-0.022541385143995285,-0.8196519613265991,-0.06014532223343849,-0.030410313978791237,-0.9154579639434814,-0.0715801790356636,0.071512870490551,-0.4585930407047272,-0.05629980191588402,0.07366398721933365,-0.6152263879776001,-0.06791943311691284,0.07491543143987656,-0.7118852138519287,-0.06839943677186966,0.07398760318756104,-0.7986425757408142,-0.07035122811794281
B,0.0,0.0,0.0,-0.1287473440170288,-0.09956663846969604,-0.03944563865661621,-0.1979556679725647,-0.2724596858024597,-0.058051832020282745,-0.16296067833900452,-0.4338602125644684,-0.07726619392633438,-0.08987686783075333,-0.4973796606063843,-0.09496676176786423,-0.16803370416164398,-0.5251901149749756,-0.006814650259912014,-0.1780392974615097,-0.7226976752281189,-0.034871600568294525,-0.17691025137901306,-0.8417678475379944,-0.06614547967910767,-0.17494088411331177,-0.9428691864013672,-0.09124958515167236,-0.0928226187825203,-0.5447707176208496,-0.017192628234624863,-0.10174539685249329,-0.7642265558242798,-0.03632628917694092,-0.107874795794487,-0.8910468816757202,-0.059747230261564255,-0.11477021872997284,-0.9933921098709106,-0.07800135761499405,-0.01704009622335434,-0.5250319242477417,-0.03578580170869827,-0.022938653826713562,-0.7274608016014099,-0.05259489640593529,-0.03498073294758797,-0.845228910446167,-0.0654139518737793,-0.047865498811006546,-0.941891610622406,-0.07670389115810394,0.0651116669178009,-0.4730488657951355,-0.06149272993206978,0.07743939012289047,-0.634828507900238,-0.07331115007400513,0.07913017272949219,-0.7403972148895264,-0.0736793577671051,0.07774386554956436,-0.8309924006462097,-0.07497575879096985
B,0.0,0.0,0.0,-0.12666834890842438,-0.09445102512836456,-0.03831932321190834,-0.1926392763853073,-0.26605430245399475,-0.05792282894253731,-0.14629723131656647,-0.4268091320991516,-0.07858557254076004,-0.06760991364717484,-0.5018105506896973,-0.09906015545129776,-0.1669115424156189,-0.5095350742340088,-0.011403211392462254,-0.1789814531803131,-0.7049151659011841,-0.04262674227356911,-0.18049389123916626,-0.8237485289573669,-0.07525910437107086,-0.1815439909696579,-0.9235721826553345,-0.10118862241506577,-0.08986127376556396,-0.5400570631027222,-0.025175418704748154,-0.09958885610103607,-0.7617138028144836,-0.05036936700344086,-0.10859601944684982,-0.8900637626647949,-0.0780278816819191,-0.1185641959309578,-0.9929463863372803,-0.09866680204868317,-0.012090860866010189,-0.5290337800979614,-0.04677058756351471,-0.017598891630768776,-0.739609956741333,-0.07062014192342758,-0.030476218089461327,-0.8610658049583435,-0.0877559632062912,-0.04307200759649277,-0.9627066850662231,-0.10100452601909637,0.07025903463363647,-0.4863588809967041,-0.07484527677297592,0.08150015771389008,-0.6641221046447754,-0.09444686770439148,0.08467599004507065,-0.7796722054481506,-0.09885885566473007,0.0846911147236824,-0.8799236416816711,-0.10223299264907837
B,0.0,0.0,0.0,-0.12361343204975128,-0.08557406067848206,-0.041474953293800354,-0.19266390800476074,-0.25535205006599426,-0.05973762273788452,-0.14771197736263275,-0.4169357717037201,-0.07837317138910294,-0.07146696746349335,-0.5015787482261658,-0.0955001562833786,-0.17658813297748566,-0.5066380500793457,-0.009178940206766129,-0.18682242929935455,-0.7073973417282104,-0.03687956929206848,-0.18465949594974518,-0.8281001448631287,-0.0679246261715889,-0.18181878328323364,-0.9323221445083618,-0.0932893231511116,-0.10125457495450974,-0.5335086584091187,-0.019129639491438866,-0.11300662159919739,-0.7543143033981323,-0.03873060271143913,-0.1178983822464943,-0.885881245136261,-0.06409134715795517,-0.12251636385917664,-0.9924665093421936,-0.08455496281385422,-0.027445698156952858,-0.5185455083847046,-0.03743636608123779,-0.03131991624832153,-0.7211950421333313,-0.055402304977178574,-0.03732569143176079,-0.8415342569351196,-0.0708950012922287,-0.04297420755028725,-0.9423986077308655,-0.08500032871961594,0.04988154396414757,-0.47310787439346313,-0.0629517212510109,0.06069587171077728,-0.6278532147407532,-0.07769309729337692,0.06349039077758789,-0.7310457825660706,-0.0811171606183052,0.06713646650314331,-0.8210885524749756,-0.08517139405012131
B,0.0,0.0,0.0,-0.12957541644573212,-0.07927647233009338,-0.046844884753227234,-0.2046290934085846,-0.22896891832351685,-0.07077132165431976,-0.171181321144104,-0.37094786763191223,-0.09359266608953476,-0.1158154234290123,-0.4467717707157135,-0.11399272084236145,-0.183770552277565,-0.5000254511833191,-0.022141939029097557,-0.1928606778383255,-0.7066317796707153,-0.05304970592260361,-0.18928836286067963,-0.8282765746116638,-0.08524617552757263,-0.18704771995544434,-0.9317761659622192,-0.1104075238108635,-0.10691230744123459,-0.5274782180786133,-0.029563358053565025,-0.1159190759062767,-0.755714476108551,-0.049522411078214645,-0.1174064502120018,-0.8884864449501038,-0.07386130094528198,-0.11911766231060028,-0.9928802251815796,-0.09418905526399612,-0.03200838342308998,-0.5144581198692322,-0.04525989294052124,-0.03716231510043144,-0.717984139919281,-0.06105416268110275,-0.04172172769904137,-0.834937572479248,-0.0737784132361412,-0.045677345246076584,-0.9293392300605774,-0.08640296012163162,0.046425674110651016,-0.47023075819015503,-0.0687038004398346,0.055823709815740585,-0.6269481182098389,-0.08065150678157806,0.056451138108968735,-0.7296950221061707,-0.0816958025097847,0.059195250272750854,-0.8169772624969482,-0.08412158489227295
B,0.0,0.0,0.0,-0.12435721606016159,-0.07997773587703705,-0.04831678047776222,-0.1982450634241104,-0.2328951358795166,-0.07468875497579575,-0.16896092891693115,-0.3807462751865387,-0.09927890449762344,-0.10581206530332565,-0.4722939729690552,-0.12142012268304825,-0.17280739545822144,-0.4967077076435089,-0.021407784894108772,-0.1848885715007782,-0.697813868522644,-0.05501723662018776,-0.1813346892595291,-0.8175498843193054,-0.0894903913140297,-0.17506690323352814,-0.919562578201294,-0.11554904282093048,-0.09521494805812836,-0.5227180123329163,-0.028002018108963966,-0.10628756135702133,-0.7512445449829102,-0.049441877752542496,-0.10773633420467377,-0.8834858536720276,-0.0761798843741417,-0.10787922888994217,-0.994163990020752,-0.0979112759232521,-0.020420990884304047,-0.5082887411117554,-0.04317937791347504,-0.02842998504638672,-0.7136839032173157,-0.05995749309659004,-0.03389425203204155,-0.8348015546798706,-0.07507997751235962,-0.038295336067676544,-0.9337091445922852,-0.08948217332363129,0.0572197251021862,-0.4614024758338928,-0.06575708836317062,0.06251334398984909,-0.6173617839813232,-0.07678961008787155,0.0647234097123146,-0.7185642123222351,-0.0779157280921936,0.06794188171625137,-0.8056032061576843,-0.08104779571294785
B,0.0,0.0,0.0,-0.11872439086437225,-0.07992482930421829,-0.05226000025868416,-0.19370023906230927,-0.22948986291885376,-0.08355676382780075,-0.15892577171325684,-0.37161558866500854,-0.11293001472949982,-0.09094658493995667,-0.4639104902744293,-0.13981960713863373,-0.17025993764400482,-0.5008745789527893,-0.029907001182436943,-0.181112602353096,-0.7040744423866272,-0.06652303785085678,-0.1772884577512741,-0.8225606679916382,-0.10291601717472076,-0.1715729832649231,-0.9258884787559509,-0.13071131706237793,-0.09307354688644409,-0.5231417417526245,-0.03687006235122681,-0.10098163038492203,-0.75083988904953,-0.060934655368328094,-0.10067811608314514,-0.8834578394889832,-0.08907508850097656,-0.09797006100416183,-0.9951893091201782,-0.11208286136388779,-0.019159549847245216,-0.5052396655082703,-0.05253644660115242,-0.024380626156926155,-0.7061293721199036,-0.071145199239254,-0.029077814891934395,-0.8236185312271118,-0.08658113330602646,-0.03145671635866165,-0.9227020144462585,-0.10126552730798721,0.058092642575502396,-0.45613861083984375,-0.0760997086763382,0.06396342813968658,-0.6138989329338074,-0.08888864517211914,0.06354061514139175,-0.7141084671020508,-0.09040208160877228,0.0639711320400238,-0.8017946481704712,-0.09358780831098557
B,0.0,0.0,0.0,-0.12120728939771652,-0.08036435395479202,-0.046312399208545685,-0.1971396505832672,-0.22783499956130981,-0.07442303001880646,-0.1695759892463684,-0.37165236473083496,-0.10126151144504547,-0.09927792847156525,-0.45239877700805664,-0.12605075538158417,-0.17030291259288788,-0.5011633634567261,-0.022458672523498535,-0.18350857496261597,-0.7001196146011353,-0.05629255250096321,-0.18211795389652252,-0.8191447854042053,-0.0915134996175766,-0.1771979182958603,-0.9226040840148926,-0.118949294090271,-0.09434977918863297,-0.5240716338157654,-0.031599223613739014,-0.10469938069581985,-0.750369668006897,-0.05310486629605293,-0.10616933554410934,-0.8818960189819336,-0.07998372614383698,-0.10593961924314499,-0.994372546672821,-0.10251766443252563,-0.0206165611743927,-0.5069466829299927,-0.04900973662734032,-0.029154948890209198,-0.7116700410842896,-0.06538113951683044,-0.0354585237801075,-0.8332559466362,-0.08058543503284454,-0.040464650839567184,-0.9334923028945923,-0.09594015032052994,0.05699438974261284,-0.4565141797065735,-0.07377800345420837,0.05936528369784355,-0.611086368560791,-0.08440341800451279,0.06076328456401825,-0.7113484740257263,-0.08540695160627365,0.06297265738248825,-0.7974522113800049,-0.08908746391534805
B,0.0,0.0,0.0,-0.1230854019522667,-0.08445034921169281,-0.04917483031749725,-0.19634611904621124,-0.23964737355709076,-0.07689537853002548,-0.15668870508670807,-0.3806634545326233,-0.1028573215007782,-0.0753227174282074,-0.4446640610694885,-0.12734194099903107,-0.16879220306873322,-0.4980173408985138,-0.026398668065667152,-0.18248304724693298,-0.6959625482559204,-0.06024448946118355,-0.18267574906349182,-0.8158971667289734,-0.09558557718992233,-0.18027465045452118,-0.9216538071632385,-0.1237163320183754,-0.09169647097587585,-0.5210164785385132,-0.034083615988492966,-0.102824367582798,-0.7467856407165527,-0.05672707408666611,-0.10465163737535477,-0.8792118430137634,-0.08541977405548096,-0.10549382865428925,-0.9944199919700623,-0.10933364182710648,-0.016949273645877838,-0.5031750202178955,-0.04994911700487137,-0.02408062107861042,-0.7079227566719055,-0.06817921996116638,-0.030069639906287193,-0.8325349688529968,-0.08786144107580185,-0.03615371137857437,-0.9354707598686218,-0.10577306151390076,0.06180669739842415,-0.4528139531612396,-0.07319325953722,0.06615275144577026,-0.6107367873191833,-0.08550170809030533,0.06645120680332184,-0.7134062051773071,-0.08968447148799896,0.06658583879470825,-0.8009644746780396,-0.0958203673362732
B,0.0,0.0,0.0,-0.12153565883636475,-0.07584801316261292,-0.045648109167814255,-0.20298384130001068,-0.228307843208313,-0.07109241932630539,-0.1756889820098877,-0.3733654022216797,-0.09561153501272202,-0.10245132446289062,-0.44473734498023987,-0.11787395924329758,-0.1765434890985489,-0.4972655177116394,-0.020390333607792854,-0.19157612323760986,-0.6932790875434875,-0.05453728511929512,-0.19024766981601715,-0.814187228679657,-0.09001589566469193,-0.18493689596652985,-0.9184727668762207,-0.11711368709802628,-0.10197949409484863,-0.5229389071464539,-0.029063766822218895,-0.11423198133707047,-0.7472386956214905,-0.05120912939310074,-0.11680763214826584,-0.8811386823654175,-0.07792568951845169,-0.1161322221159935,-0.9932337999343872,-0.0990767627954483,-0.027803806588053703,-0.5090778470039368,-0.046063486486673355,-0.037123069167137146,-0.71135413646698,-0.06257709860801697,-0.043320439755916595,-0.8337919116020203,-0.07845308631658554,-0.04836570471525192,-0.9327985048294067,-0.09292274713516235,0.05005522072315216,-0.4619421362876892,-0.07054580748081207,0.05390440300107002,-0.6178486943244934,-0.08112189918756485,0.05348552390933037,-0.718704879283905,-0.08277107775211334,0.0533682145178318,-0.8032532930374146,-0.08600471168756485
B,0.0,0.0,0.0,-0.1326877772808075,-0.08897377550601959,-0.04092653840780258,-0.20647861063480377,-0.23908556997776031,-0.061321407556533813,-0.17522373795509338,-0.3718376159667969,-0.0815194770693779,-0.120379239320755,-0.45028001070022583,-0.0985594391822815,-0.181703120470047,-0.5071690082550049,-0.00924785528331995,-0.19584757089614868,-0.7089496850967407,-0.03885021433234215,-0.19568072259426117,-0.8323861360549927,-0.07082263380289078,-0.19441358745098114,-0.9387623071670532,-0.09507725387811661,-0.1101837158203125,-0.5310584306716919,-0.017170680686831474,-0.1217193678021431,-0.7525580525398254,-0.03564095124602318,-0.12441496551036835,-0.8833820223808289,-0.059683263301849365,-0.125576451420784,-0.9920839071273804,-0.07844016700983047,-0.03967504948377609,-0.5165534615516663,-0.03340800479054451,-0.04413372278213501,-0.7196041941642761,-0.04643862694501877,-0.04847155511379242,-0.8394647836685181,-0.05923085659742355,-0.05370127409696579,-0.9373624920845032,-0.07072768360376358,0.03692777082324028,-0.46703681349754333,-0.056777991354465485,0.043790217489004135,-0.6255770325660706,-0.06357423961162567,0.04385907202959061,-0.7241188287734985,-0.061387162655591965,0.04322343319654465,-0.8067819476127625,-0.060780636966228485
B,0.0,0.0,0.0,-0.13729742169380188,-0.08409198373556137,-0.048146795481443405,-0.21723583340644836,-0.23827771842479706,-0.07355343550443649,-0.19077065587043762,-0.3870277404785156,-0.09756260365247726,-0.13712738454341888,-0.479907363653183,-0.11899594217538834,-0.1962030977010727,-0.49611055850982666,-0.02282636985182762,-0.2120084911584854,-0.706623911857605,-0.05899227410554886,-0.21425577998161316,-0.8362789750099182,-0.09522409737110138,-0.21545350551605225,-0.9473170638084412,-0.12234089523553848,-0.12142378091812134,-0.5213708877563477,-0.029300417751073837,-0.13287435472011566,-0.7473834753036499,-0.05281632021069527,-0.13552767038345337,-0.8815843462944031,-0.0809786319732666,-0.13598023355007172,-0.9907115697860718,-0.10312177985906601,-0.047783851623535156,-0.5057941675186157,-0.04420491307973862,-0.05381128937005997,-0.715226948261261,-0.062214210629463196,-0.05807920917868614,-0.8389104008674622,-0.07786910235881805,-0.06361421197652817,-0.938931405544281,-0.0920095145702362,0.030814558267593384,-0.45467233657836914,-0.06647665053606033,0.03842340409755707,-0.615166962146759,-0.07964124530553818,0.0384313128888607,-0.7170851230621338,-0.08127211034297943,0.03768164664506912,-0.8020100593566895,-0.08351565897464752
B,0.0,0.0,0.0,-0.12695226073265076,-0.10084632784128189,-0.04561970382928848,-0.1920711100101471,-0.27006661891937256,-0.06679936498403549,-0.15432733297348022,-0.42636623978614807,-0.0869348794221878,-0.08767165243625641,-0.5000352263450623,-0.1048356145620346,-0.1722356230020523,-0.4993527829647064,-0.008284985087811947,-0.1835308074951172,-0.7065918445587158,-0.03755989670753479,-0.18372392654418945,-0.8343474268913269,-0.07026122510433197,-0.1819944530725479,-0.9434223771095276,-0.09572245180606842,-0.09776119142770767,-0.5235172510147095,-0.013946925289928913,-0.10525031387805939,-0.7480889558792114,-0.0320325568318367,-0.10455100983381271,-0.8831397294998169,-0.058352719992399216,-0.10252242535352707,-0.9947307705879211,-0.07915888726711273,-0.02554881013929844,-0.507128119468689,-0.028220780193805695,-0.029348284006118774,-0.7117148041725159,-0.0428268201649189,-0.030403608456254005,-0.8320826292037964,-0.057701803743839264,-0.031065793707966805,-0.9293693900108337,-0.07090484350919724,0.051270950585603714,-0.45826631784439087,-0.04985387250781059,0.05863014981150627,-0.6121084690093994,-0.058642350137233734,0.062225308269262314,-0.7106574773788452,-0.0579984113574028,0.06644537299871445,-0.7933028340339661,-0.059141576290130615
B,0.0,0.0,0.0,-0.11926046013832092,-0.11669526249170303,-0.05156558379530907,-0.17422902584075928,-0.30529630184173584,-0.07722954452037811,-0.12159378826618195,-0.4671291708946228,-0.10109217464923859,-0.03266693651676178,-0.4976561963558197,-0.12366630136966705,-0.1390237659215927,-0.534980297088623,-0.020365159958600998,-0.1350431740283966,-0.7383334040641785,-0.049848105758428574,-0.12468396127223969,-0.8541818261146545,-0.08122524619102478,-0.11226281523704529,-0.9549172520637512,-0.10615243762731552,-0.06629898399114609,-0.5467089414596558,-0.02322017028927803,-0.06033051013946533,-0.7640647292137146,-0.03989160433411598,-0.05220135301351547,-0.8920974731445312,-0.06087525933980942,-0.042947713285684586,-0.9990773797035217,-0.07877930253744125,0.0044952621683478355,-0.5202885866165161,-0.03500485047698021,0.018934443593025208,-0.7164207100868225,-0.0482562854886055,0.024568714201450348,-0.8349591493606567,-0.06021309271454811,0.0286155603826046,-0.9325888752937317,-0.07102373242378235,0.07662367075681686,-0.4643436670303345,-0.05515151470899582,0.09116987138986588,-0.623490571975708,-0.061999447643756866,0.09731630980968475,-0.7262758612632751,-0.06017771363258362,0.10210765153169632,-0.8124921917915344,-0.06067353114485741
B,0.0,0.0,0.0,-0.11617662012577057,-0.10172352939844131,-0.04826733097434044,-0.17655904591083527,-0.29398250579833984,-0.06987421214580536,-0.1212574765086174,-0.446296751499176,-0.08987701684236526,-0.025640852749347687,-0.48117896914482117,-0.10863365232944489,-0.13025176525115967,-0.5239107608795166,-0.018056821078062057,-0.13216730952262878,-0.7129256129264832,-0.04651642218232155,-0.12656985223293304,-0.8243248462677002,-0.07803963124752045,-0.11991472542285919,-0.9186492562294006,-0.10239458829164505,-0.05607777088880539,-0.5363643169403076,-0.02214832417666912,-0.057243991643190384,-0.7543472051620483,-0.03985869139432907,-0.05832530930638313,-0.8872087597846985,-0.06459485739469528,-0.057647138833999634,-0.9983370304107666,-0.08439122140407562,0.013817526400089264,-0.511264979839325,-0.0344860702753067,0.02218051627278328,-0.7036008834838867,-0.04759695753455162,0.022898390889167786,-0.8180636763572693,-0.06348110735416412,0.02330932579934597,-0.912897527217865,-0.07711894810199738,0.08386751264333725,-0.456888347864151,-0.054674841463565826,0.09309177100658417,-0.6160241365432739,-0.06196101754903793,0.09388233721256256,-0.7132285833358765,-0.06209465488791466,0.09478987008333206,-0.7964237332344055,-0.06393704563379288
B,0.0,0.0,0.0,-0.11659500002861023,-0.10941637307405472,-0.040121544152498245,-0.16930370032787323,-0.3033154606819153,-0.05536331236362457,-0.1281074434518814,-0.4598512351512909,-0.0700162872672081,-0.0664425939321518,-0.5098733305931091,-0.08256550133228302,-0.13413560390472412,-0.5295523405075073,-0.0008566768956370652,-0.13158777356147766,-0.7163011431694031,-0.023242801427841187,-0.12676937878131866,-0.8296762704849243,-0.05124429985880852,-0.12087783962488174,-0.9277616739273071,-0.07312703877687454,-0.062410518527030945,-0.538642168045044,-0.007631062064319849,-0.06098203361034393,-0.7524341344833374,-0.018614107742905617,-0.06281823664903641,-0.8867855072021484,-0.03987478092312813,-0.0641184151172638,-0.9979422688484192,-0.05728257820010185,0.005329479463398457,-0.5117089152336121,-0.022535672411322594,0.009203672409057617,-0.7033218741416931,-0.03017064370214939,0.005664651747792959,-0.8187439441680908,-0.04013931751251221,0.0011977466056123376,-0.9135544300079346,-0.05039111524820328,0.07336921989917755,-0.45662689208984375,-0.04488503932952881,0.0806964859366417,-0.6072878837585449,-0.047404177486896515,0.08205196261405945,-0.7024628520011902,-0.0422731377184391,0.08403957635164261,-0.782661497592926,-0.04051874577999115
B,0.0,0.0,0.0,0.059435341507196426,-0.19543655216693878,-0.026649458333849907,0.0719875618815422,-0.42939701676368713,-0.03099564090371132,0.0435992106795311,-0.5871810913085938,-0.03765818104147911,-0.01998542807996273,-0.6546255350112915,-0.04618800804018974,-0.03517083823680878,-0.5848645567893982,0.010399248450994492,-0.052029095590114594,-0.7725540995597839,-0.016041994094848633,-0.06852799654006958,-0.8930418491363525,-0.04675823077559471,-0.08052293956279755,-0.9930400252342224,-0.06941676139831543,-0.0955665186047554,-0.5511331558227539,-0.00416967086493969,-0.1123991534113884,-0.7589799165725708,-0.023813406005501747,-0.11643475294113159,-0.8874174952507019,-0.05268698185682297,-0.11540710180997849,-0.9933183193206787,-0.07301154732704163,-0.14825135469436646,-0.4826371371746063,-0.0254034586250782,-0.16983160376548767,-0.6852716207504272,-0.05732496455311775,-0.15884940326213837,-0.8034195899963379,-0.08042199164628983,-0.14780040085315704,-0.897683322429657,-0.09603013843297958,-0.1845337450504303,-0.3839380741119385,-0.049385033547878265,-0.17165331542491913,-0.5178171992301941,-0.07906393706798553,-0.12663276493549347,-0.5415124893188477,-0.07731438428163528,-0.08194059133529663,-0.5389069318771362,-0.07271548360586166
B,0.0,0.0,0.0,-0.1302069127559662,-0.11739523708820343,-0.030269118025898933,-0.1961693912744522,-0.30737510323524475,-0.04326537996530533,-0.17386722564697266,-0.468346506357193,-0.059567421674728394,-0.10333806276321411,-0.5457676649093628,-0.0766855925321579,-0.16402842104434967,-0.5182484984397888,0.00453960383310914,-0.18229258060455322,-0.7113315463066101,-0.02574150450527668,-0.19521862268447876,-0.8323487639427185,-0.05816318467259407,-0.20283611118793488,-0.9300337433815002,-0.08277887105941772,-0.09539767354726791,-0.5421709418296814,-0.012029930017888546,-0.11833027750253677,-0.7529553771018982,-0.03484605252742767,-0.14155089855194092,-0.8846163153648376,-0.06461624801158905,-0.16131314635276794,-0.9869032502174377,-0.08566777408123016,-0.0249982587993145,-0.5261025428771973,-0.03666923940181732,-0.05921541526913643,-0.7172480821609497,-0.059030599892139435,-0.08750928193330765,-0.8403671979904175,-0.07943659275770187,-0.11025581508874893,-0.9350957274436951,-0.09433937817811966,0.04648822918534279,-0.47787171602249146,-0.06676559150218964,0.01739753782749176,-0.6100024580955505,-0.08202463388442993,-0.00215134653262794,-0.6804792881011963,-0.08310825377702713,-0.014700579456984997,-0.7265186309814453,-0.08366724103689194
B,0.0,0.0,0.0,-0.13445153832435608,-0.08878281712532043,-0.04125493764877319,-0.21286481618881226,-0.27985629439353943,-0.0540662445127964,-0.1866782307624817,-0.4552045166492462,-0.06653915345668793,-0.11131329089403152,-0.5152892470359802,-0.07672387361526489,-0.20934702455997467,-0.4952045977115631,0.00017668167129158974,-0.24183852970600128,-0.6953002214431763,-0.024273207411170006,-0.2545269727706909,-0.8209183216094971,-0.052559446543455124,-0.26149073243141174,-0.9226214289665222,-0.07518880814313889,-0.1332760602235794,-0.5307454466819763,-0.006090665701776743,-0.16515333950519562,-0.743919849395752,-0.021966679021716118,-0.18302026391029358,-0.8745501637458801,-0.046344805508852005,-0.19774821400642395,-0.9802528619766235,-0.06529556959867477,-0.05556304752826691,-0.52491694688797,-0.02084101177752018,-0.08064526319503784,-0.7216176390647888,-0.03522073104977608,-0.09973585605621338,-0.845730721950531,-0.05262795463204384,-0.11837957799434662,-0.9425225257873535,-0.06721431016921997,0.03177274018526077,-0.48715293407440186,-0.04259064793586731,0.022811023518443108,-0.6451554894447327,-0.05327274277806282,0.00559786893427372,-0.7439454793930054,-0.05661793053150177,-0.01491599716246128,-0.8267424702644348,-0.0602877177298069
B,0.0,0.0,0.0,-0.1310545653104782,-0.11324241757392883,-0.028590446338057518,-0.2041417360305786,-0.29624852538108826,-0.04131144657731056,-0.18879766762256622,-0.46926701068878174,-0.0558646097779274,-0.11474309861660004,-0.5200455784797668,-0.06891383975744247,-0.20236095786094666,-0.49427539110183716,0.005791869945824146,-0.23932099342346191,-0.6928004026412964,-0.01757202111184597,-0.253038614988327,-0.8139117360115051,-0.0452476367354393,-0.2594863772392273,-0.9156337380409241,-0.06771310418844223,-0.13022233545780182,-0.5268471837043762,-0.007033596746623516,-0.16614386439323425,-0.7420796155929565,-0.021987352520227432,-0.18324047327041626,-0.8733705878257751,-0.046539679169654846,-0.19612890481948853,-0.9805781245231628,-0.06605181843042374,-0.05204367637634277,-0.5199769735336304,-0.026653021574020386,-0.07920775562524796,-0.7185357809066772,-0.04191235452890396,-0.10000646114349365,-0.8439196348190308,-0.06182491034269333,-0.11857432872056961,-0.9396229982376099,-0.07817186415195465,0.03849366679787636,-0.4824605882167816,-0.05151498317718506,0.03347161412239075,-0.6365194916725159,-0.061336640268564224,0.021717341616749763,-0.7348694205284119,-0.06488171964883804,0.007241972256451845,-0.8127304911613464,-0.06942977756261826
B,0.0,0.0,0.0,-0.13645969331264496,-0.076417937874794,-0.032448749989271164,-0.22591307759284973,-0.24564506113529205,-0.04231896623969078,-0.20906409621238708,-0.4181347191333771,-0.05423062667250633,-0.14291858673095703,-0.5088725686073303,-0.06463376432657242,-0.20721055567264557,-0.4914468824863434,0.014878285117447376,-0.24500715732574463,-0.6876289248466492,-0.007189620286226273,-0.25734904408454895,-0.806641697883606,-0.03538248687982559,-0.26333916187286377,-0.90464848279953,-0.05782473087310791,-0.13546298444271088,-0.5284688472747803,0.004153296817094088,-0.17075644433498383,-0.746494472026825,-0.007431169506162405,-0.1870410442352295,-0.8763458728790283,-0.02893226407468319,-0.19684270024299622,-0.9804350733757019,-0.04666672274470329,-0.06017510965466499,-0.5277355313301086,-0.01575614884495735,-0.08952641487121582,-0.7262551188468933,-0.02660655789077282,-0.10778121650218964,-0.8417946100234985,-0.03926599770784378,-0.12171593308448792,-0.9316893815994263,-0.051581814885139465,0.0259828120470047,-0.49888426065444946,-0.042546939104795456,0.012887540273368359,-0.6570165157318115,-0.04945557564496994,0.002375458599999547,-0.7522237300872803,-0.04822419583797455,-0.0067991530522704124,-0.8323774933815002,-0.04936607554554939
B,0.0,0.0,0.0,-0.13816192746162415,-0.06064457446336746,-0.041846755892038345,-0.23731447756290436,-0.22649064660072327,-0.05521049723029137,-0.22445523738861084,-0.40788236260414124,-0.06872592121362686,-0.15013748407363892,-0.4976002275943756,-0.07955289632081985,-0.2255629301071167,-0.48360303044319153,0.00613516615703702,-0.26064181327819824,-0.6854475736618042,-0.016115542501211166,-0.27476346492767334,-0.8048008680343628,-0.04444390535354614,-0.28517651557922363,-0.9035109281539917,-0.06714759021997452,-0.15309008955955505,-0.5237261056900024,0.0009622170473448932,-0.1869347095489502,-0.7401233315467834,-0.009053923189640045,-0.2063983678817749,-0.8715974688529968,-0.02910773642361164,-0.22076378762722015,-0.9753273129463196,-0.045661941170692444,-0.07651777565479279,-0.524238646030426,-0.013635925017297268,-0.10246706008911133,-0.7156266570091248,-0.020762840285897255,-0.1204153299331665,-0.8282471299171448,-0.03103451244533062,-0.13412217795848846,-0.9135931730270386,-0.04177233949303627,0.006582892965525389,-0.4944668114185333,-0.036317262798547745,0.00017042721447069198,-0.6431570649147034,-0.03912952542304993,-0.0075201615691185,-0.7383260130882263,-0.036436788737773895,-0.010690625756978989,-0.8168128132820129,-0.036289386451244354
B,0.0,0.0,0.0,-0.13603606820106506,-0.05956954136490822,-0.03814106434583664,-0.23469680547714233,-0.2142384946346283,-0.05469954013824463,-0.2234208732843399,-0.38353776931762695,-0.07259928435087204,-0.16088654100894928,-0.4855181574821472,-0.0890817940235138,-0.2249302715063095,-0.4861340820789337,-0.004221477545797825,-0.2598307430744171,-0.6836361885070801,-0.030916359275579453,-0.2751316428184509,-0.8011151552200317,-0.060549475252628326,-0.28652387857437134,-0.8986830115318298,-0.08438084274530411,-0.15203209221363068,-0.5257671475410461,-0.016297239810228348,-0.1882013976573944,-0.7430809736251831,-0.03517702966928482,-0.20898668467998505,-0.8737971186637878,-0.05942476540803909,-0.22316479682922363,-0.9747807383537292,-0.07819895446300507,-0.07469448447227478,-0.5249533653259277,-0.03673025220632553,-0.09956906735897064,-0.7237282395362854,-0.05514608696103096,-0.11886531114578247,-0.8335651755332947,-0.06967558711767197,-0.13463687896728516,-0.9208834767341614,-0.08182550221681595,0.009234500117599964,-0.493130087852478,-0.06400775164365768,0.007524906191974878,-0.6598494648933411,-0.07921887934207916,0.003988792188465595,-0.7675092816352844,-0.08252745121717453,0.0021287749987095594,-0.8611717820167542,-0.08530139178037643
B,0.0,0.0,0.0,-0.1262095421552658,-0.06946629285812378,-0.04161306843161583,-0.21791121363639832,-0.2188064604997635,-0.06574147939682007,-0.19772912561893463,-0.38223275542259216,-0.08989756554365158,-0.12652097642421722,-0.4727700650691986,-0.11319344490766525,-0.21086983382701874,-0.47401192784309387,-0.02533358708024025,-0.24529525637626648,-0.6759243607521057,-0.05866260826587677,-0.25935235619544983,-0.7924738526344299,-0.09223110973834991,-0.271614670753479,-0.8952000737190247,-0.11945858597755432,-0.13843385875225067,-0.514209508895874,-0.03796113654971123,-0.1745111048221588,-0.7386118173599243,-0.062412239611148834,-0.19301031529903412,-0.8690986633300781,-0.08856616169214249,-0.21109867095947266,-0.9774647951126099,-0.1101958230137825,-0.06297367811203003,-0.510658323764801,-0.058049798011779785,-0.08657446503639221,-0.7199329733848572,-0.08002877980470657,-0.10434103012084961,-0.8403078317642212,-0.09638836234807968,-0.1241883635520935,-0.939396321773529,-0.11109934002161026,0.020786741748452187,-0.476027250289917,-0.0850711241364479,0.01126854307949543,-0.6433466076850891,-0.1041661947965622,-0.0018321805400773883,-0.7497984766960144,-0.10980550199747086,-0.017350900918245316,-0.8388082385063171,-0.11539175361394882
B,0.0,0.0,0.0,-0.13686761260032654,-0.06442531198263168,-0.05127141997218132,-0.22907526791095734,-0.2014610320329666,-0.08410658687353134,-0.20503033697605133,-0.348549485206604,-0.116230808198452,-0.13549739122390747,-0.43637314438819885,-0.1463990956544876,-0.2283650040626526,-0.4665011465549469,-0.03164627030491829,-0.2669127285480499,-0.664447009563446,-0.0733417421579361,-0.2803087830543518,-0.7858444452285767,-0.11319377273321152,-0.289117693901062,-0.8913895487785339,-0.1431368738412857,-0.15618470311164856,-0.5092950463294983,-0.04116140305995941,-0.19602419435977936,-0.7292969822883606,-0.07093524187803268,-0.21552053093910217,-0.8603338003158569,-0.10087627172470093,-0.23075000941753387,-0.9730131030082703,-0.12398680299520493,-0.08025427162647247,-0.5106713175773621,-0.05941413715481758,-0.11523620039224625,-0.7123208045959473,-0.08244931697845459,-0.13453274965286255,-0.8306356072425842,-0.09755803644657135,-0.15149842202663422,-0.9322355389595032,-0.11077110469341278,0.004506413359194994,-0.4779445230960846,-0.08565892279148102,-0.017083939164876938,-0.6367289423942566,-0.10142924636602402,-0.03359498456120491,-0.7366159558296204,-0.10199925303459167,-0.048644907772541046,-0.8221114277839661,-0.1035618856549263
B,0.0,0.0,0.0,-0.1343253254890442,-0.05736839398741722,-0.054964203387498856,-0.22231270372867584,-0.18227536976337433,-0.09186996519565582,-0.2014816403388977,-0.31995663046836853,-0.12639397382736206,-0.1447450965642929,-0.41832485795021057,-0.1590796560049057,-0.22358959913253784,-0.4523494243621826,-0.04723158851265907,-0.25534677505493164,-0.6557899713516235,-0.09370630979537964,-0.2680935263633728,-0.7826390266418457,-0.13462835550308228,-0.2765806317329407,-0.8930847644805908,-0.1653275340795517,-0.1479916125535965,-0.49398699402809143,-0.05669102445244789,-0.18704575300216675,-0.7225643396377563,-0.09115645289421082,-0.20382164418697357,-0.8585922718048096,-0.12245786935091019,-0.2177979201078415,-0.9759938716888428,-0.1469862461090088,-0.07009317725896835,-0.4909552037715912,-0.07439035177230835,-0.1044023334980011,-0.6980571150779724,-0.10238118469715118,-0.1213013082742691,-0.8181554079055786,-0.11917737126350403,-0.13748164474964142,-0.9199954867362976,-0.13370433449745178,0.01748051680624485,-0.4525505006313324,-0.09953088313341141,-0.004951917566359043,-0.6107859015464783,-0.12103864550590515,-0.0205018762499094,-0.7100865244865417,-0.12422133982181549,-0.0357377827167511,-0.7949418425559998,-0.12756069004535675
B,0.0,0.0,0.0,-0.12531180679798126,-0.045598048716783524,-0.0925411581993103,-0.20405936241149902,-0.17179863154888153,-0.1458168923854828,-0.1811058223247528,-0.314059317111969,-0.1905987560749054,-0.11782678961753845,-0.4149971604347229,-0.22961314022541046,-0.22838285565376282,-0.47431498765945435,-0.07031980901956558,-0.25978127121925354,-0.6848568320274353,-0.1253899484872818,-0.25822916626930237,-0.8184393644332886,-0.1748468577861786,-0.24584539234638214,-0.9356282949447632,-0.21151387691497803,-0.15938587486743927,-0.5150648951530457,-0.06136408448219299,-0.19331027567386627,-0.7270280122756958,-0.10267826169729233,-0.19359798729419708,-0.8635218143463135,-0.141454815864563,-0.18778030574321747,-0.9822110533714294,-0.17187577486038208,-0.0846729576587677,-0.5090943574905396,-0.06440578401088715,-0.11048480123281479,-0.6979520916938782,-0.0993044450879097,-0.11123638600111008,-0.8169845342636108,-0.12088271975517273,-0.10890604555606842,-0.9158266186714172,-0.1380740851163864,0.002162336837500334,-0.46941423416137695,-0.07860743999481201,-0.015613379888236523,-0.6197656393051147,-0.10485267639160156,-0.0263238325715065,-0.713629424571991,-0.11266899108886719,-0.037068914622068405,-0.7910858988761902,-0.11905846744775772
B,0.0,0.0,0.0,-0.13987106084823608,-0.0734950453042984,-0.05339604243636131,-0.2201700508594513,-0.23058491945266724,-0.0804162546992302,-0.18623298406600952,-0.3843693733215332,-0.10463428497314453,-0.11122961342334747,-0.4617217183113098,-0.1248796209692955,-0.21866779029369354,-0.48367196321487427,-0.017772432416677475,-0.2396085113286972,-0.6885968446731567,-0.05066597834229469,-0.24245436489582062,-0.8156324625015259,-0.0864439606666565,-0.24154002964496613,-0.9222204089164734,-0.1140788123011589,-0.14586734771728516,-0.5188698768615723,-0.020752359181642532,-0.1696336716413498,-0.7371847629547119,-0.042597804218530655,-0.17554065585136414,-0.871995747089386,-0.07166516780853271,-0.17822816967964172,-0.9839891791343689,-0.09477034211158752,-0.07277780026197433,-0.5114207863807678,-0.03298599272966385,-0.09012879431247711,-0.7105856537818909,-0.05053820461034775,-0.09970220178365707,-0.8369078636169434,-0.06945069879293442,-0.10786806792020798,-0.936854362487793,-0.08536294102668762,0.009796171449124813,-0.47036993503570557,-0.053244657814502716,0.003705655224621296,-0.6253227591514587,-0.06579571962356567,-0.009136172942817211,-0.7233268618583679,-0.0699356347322464,-0.022524146363139153,-0.8036658763885498,-0.07430677115917206
B,0.0,0.0,0.0,-0.13605783879756927,-0.08809352666139603,-0.04317015781998634,-0.21736180782318115,-0.2533572018146515,-0.060634102672338486,-0.18154044449329376,-0.41090255975723267,-0.07734975963830948,-0.11124138534069061,-0.4873782992362976,-0.0908571407198906,-0.21037615835666656,-0.503348708152771,0.0006530465325340629,-0.23540394008159637,-0.6994262337684631,-0.023182794451713562,-0.2441587746143341,-0.8191054463386536,-0.053692225366830826,-0.24985867738723755,-0.9221463203430176,-0.07829684764146805,-0.13444572687149048,-0.5400301218032837,-0.00431369012221694,-0.15440966188907623,-0.753251314163208,-0.01703532412648201,-0.1605834811925888,-0.8794886469841003,-0.04034489020705223,-0.16482087969779968,-0.9863234758377075,-0.05949559807777405,-0.05940981209278107,-0.5340489149093628,-0.018275737762451172,-0.07277823239564896,-0.7299708127975464,-0.026933539658784866,-0.08074676245450974,-0.8486191034317017,-0.040009044110774994,-0.08781793713569641,-0.9451891779899597,-0.05283825099468231,0.02172360010445118,-0.49524226784706116,-0.04000226408243179,0.016863783821463585,-0.6539118885993958,-0.04434460401535034,0.011184507049620152,-0.7530515789985657,-0.04270334541797638,0.006486363708972931,-0.8365997076034546,-0.043326202780008316
B,0.0,0.0,0.0,-0.1320076435804367,-0.11520685255527496,-0.030247140675783157,-0.1937221735715866,-0.32474055886268616,-0.03551429882645607,-0.1580525040626526,-0.49217087030410767,-0.042675476521253586,-0.09742314368486404,-0.5538604259490967,-0.04656052216887474,-0.1818481832742691,-0.5346484780311584,0.028315648436546326,-0.1929667592048645,-0.7241416573524475,0.01735546812415123,-0.1889892965555191,-0.8280124664306641,-0.0036156850401312113,-0.1796804666519165,-0.9165868163108826,-0.021332543343305588,-0.10577695816755295,-0.5555549263954163,0.02012450248003006,-0.11756087839603424,-0.7706471681594849,0.020425397902727127,-0.12056337296962738,-0.8927022218704224,0.004235666710883379,-0.12032141536474228,-0.992734968662262,-0.009867582470178604,-0.02867525815963745,-0.5386335849761963,0.003063109703361988,-0.03610878810286522,-0.7423794269561768,0.005091406404972076,-0.04419971629977226,-0.859849750995636,-0.0020199096761643887,-0.050326574593782425,-0.9564840197563171,-0.012044255621731281,0.053977373987436295,-0.49336931109428406,-0.021067392081022263,0.05159754678606987,-0.6471520662307739,-0.014741059392690659,0.048882775008678436,-0.7436344623565674,-0.005598970223218203,0.04765010252594948,-0.8261998295783997,-0.0022851289249956608
B,0.0,0.0,0.0,-0.13098661601543427,-0.0945061668753624,-0.036776211112737656,-0.20140758156776428,-0.29492849111557007,-0.04923464357852936,-0.16798777878284454,-0.4720815122127533,-0.06201779469847679,-0.0828884169459343,-0.5261500477790833,-0.07374627143144608,-0.1782645285129547,-0.5022293329238892,0.002139001851901412,-0.1998656690120697,-0.6974199414253235,-0.02082584984600544,-0.20956812798976898,-0.8162057995796204,-0.04756654053926468,-0.21267187595367432,-0.9144517779350281,-0.06925506144762039,-0.10555125772953033,-0.5316966772079468,-0.007007128093391657,-0.12604334950447083,-0.7448054552078247,-0.022957278415560722,-0.13852548599243164,-0.8782652020454407,-0.04561099037528038,-0.1479845643043518,-0.9889897108078003,-0.06337105482816696,-0.033845797181129456,-0.519258975982666,-0.024577826261520386,-0.05166403204202652,-0.716455340385437,-0.03999846428632736,-0.06908944249153137,-0.8405374884605408,-0.056368306279182434,-0.08392021805047989,-0.9404395222663879,-0.07011128216981888,0.04346853867173195,-0.4784270226955414,-0.0486580990254879,0.029166974127292633,-0.6406886577606201,-0.059167180210351944,0.014262037351727486,-0.7370802164077759,-0.06085735559463501,-0.0007080710493028164,-0.814349353313446,-0.06384067237377167
B,0.0,0.0,0.0,-0.1311519742012024,-0.10789445042610168,-0.035625290125608444,-0.19989845156669617,-0.30586478114128113,-0.04705195128917694,-0.16734784841537476,-0.4806594252586365,-0.059183016419410706,-0.0762716606259346,-0.5154145956039429,-0.07068085670471191,-0.1771794557571411,-0.4944513142108917,0.003127396572381258,-0.19843851029872894,-0.6966568231582642,-0.01875077374279499,-0.20636269450187683,-0.8218593001365662,-0.045431941747665405,-0.20886550843715668,-0.9257069826126099,-0.06755967438220978,-0.1051001101732254,-0.5208404064178467,-0.006181636359542608,-0.1269228458404541,-0.7412306070327759,-0.019938379526138306,-0.1344090700149536,-0.8755319118499756,-0.0424988828599453,-0.1403571367263794,-0.9901009202003479,-0.06096717342734337,-0.0328613705933094,-0.5088014602661133,-0.023487672209739685,-0.05137079581618309,-0.706212043762207,-0.038003742694854736,-0.06533408910036087,-0.8313086628913879,-0.05619098246097565,-0.07613970339298248,-0.9301142692565918,-0.07150359451770782,0.047396380454301834,-0.4694879949092865,-0.04711104556918144,0.03347482904791832,-0.6245651841163635,-0.05496396869421005,0.025624923408031464,-0.7112796306610107,-0.05460067093372345,0.01879240944981575,-0.7732747793197632,-0.05688052996993065
B,0.0,0.0,0.0,-0.13338854908943176,-0.10165320336818695,-0.04771165922284126,-0.20200127363204956,-0.28501471877098083,-0.06496074050664902,-0.16373084485530853,-0.45325854420661926,-0.08006832003593445,-0.07728537917137146,-0.495919793844223,-0.09234103560447693,-0.1933605670928955,-0.49985936284065247,-0.0038535764906555414,-0.22177161276340485,-0.7014169692993164,-0.027624571695923805,-0.2304186373949051,-0.8261090517044067,-0.05819649621844292,-0.23339208960533142,-0.9308004379272461,-0.08356228470802307,-0.12307628244161606,-0.5322268605232239,-0.0059883976355195045,-0.1559247076511383,-0.7451650500297546,-0.019674057140946388,-0.16849297285079956,-0.8734326362609863,-0.04500556364655495,-0.18030892312526703,-0.9836100339889526,-0.06643219292163849,-0.05361683666706085,-0.5220782160758972,-0.017027124762535095,-0.07413528114557266,-0.7155050039291382,-0.0301289614289999,-0.09008268266916275,-0.8343009352684021,-0.048842862248420715,-0.10261834412813187,-0.9268108606338501,-0.06504902243614197,0.02719220332801342,-0.4797761142253876,-0.03588356822729111,0.01529629435390234,-0.6328975558280945,-0.04376925900578499,0.001986084971576929,-0.723297655582428,-0.04629088193178177,-0.010883564129471779,-0.7922046184539795,-0.05065753310918808
B,0.0,0.0,0.0,-0.13963504135608673,-0.04623689502477646,-0.04319589212536812,-0.24204279482364655,-0.21137478947639465,-0.05679834261536598,-0.23148640990257263,-0.3901911675930023,-0.07021268457174301,-0.1747044026851654,-0.5008072853088379,-0.08102033287286758,-0.22849822044372559,-0.4761580228805542,0.0028044315986335278,-0.2653011083602905,-0.6780005693435669,-0.020390979945659637,-0.27880963683128357,-0.7980867624282837,-0.04836815968155861,-0.28820082545280457,-0.8976056575775146,-0.07046808302402496,-0.15632104873657227,-0.5200939178466797,-0.002727815182879567,-0.19357070326805115,-0.7407433986663818,-0.01431187242269516,-0.21323919296264648,-0.8714691400527954,-0.03382113575935364,-0.22583624720573425,-0.9741653203964233,-0.05017094314098358,-0.0838010162115097,-0.523135244846344,-0.017987240105867386,-0.11611653119325638,-0.7214666604995728,-0.026585837826132774,-0.13615231215953827,-0.8339008688926697,-0.034321967512369156,-0.14842934906482697,-0.9251323342323303,-0.04384917393326759,-0.0053879027254879475,-0.49817323684692383,-0.04143857583403587,-0.022675709798932076,-0.6553351879119873,-0.04610245302319527,-0.032280612736940384,-0.7536644339561462,-0.04264233633875847,-0.03549424931406975,-0.8415431380271912,-0.042185042053461075
B,0.0,0.0,0.0,-0.13838998973369598,-0.05417714640498161,-0.037455059587955475,-0.24413809180259705,-0.21805328130722046,-0.054345954209566116,-0.22864177823066711,-0.3813416659832001,-0.07320331037044525,-0.15891648828983307,-0.47345659136772156,-0.09195160120725632,-0.22923576831817627,-0.4773572087287903,-0.008323023095726967,-0.26134639978408813,-0.6770895719528198,-0.03945476934313774,-0.2751407027244568,-0.7966920733451843,-0.07251088321208954,-0.2868400514125824,-0.8967075347900391,-0.09889460355043411,-0.15754900872707367,-0.5185148119926453,-0.022362716495990753,-0.19448021054267883,-0.7379106283187866,-0.047297146171331406,-0.21737578511238098,-0.8677692413330078,-0.07509038597345352,-0.23584450781345367,-0.9717908501625061,-0.09637199342250824,-0.08313164860010147,-0.5215446949005127,-0.0448484867811203,-0.11754033714532852,-0.7248620390892029,-0.0661519467830658,-0.1390974521636963,-0.8436523079872131,-0.08246451616287231,-0.15568557381629944,-0.9442370533943176,-0.09635718911886215,-0.004418262746185064,-0.49456116557121277,-0.07419485598802567,-0.026260118931531906,-0.662739098072052,-0.09082237631082535,-0.04078248515725136,-0.7696637511253357,-0.09467598050832748,-0.05173081159591675,-0.8637844920158386,-0.09878386557102203
B,0.0,0.0,0.0,-0.13927382230758667,-0.06564496457576752,-0.04336613416671753,-0.23072049021720886,-0.21337246894836426,-0.07038916647434235,-0.2304975539445877,-0.36020588874816895,-0.09776998311281204,-0.18415597081184387,-0.45868703722953796,-0.12372142821550369,-0.22575892508029938,-0.4903169870376587,-0.020846771076321602,-0.24805645644664764,-0.6942945718765259,-0.05973527580499649,-0.25663483142852783,-0.8148430585861206,-0.09777053445577621,-0.2655373811721802,-0.9168809652328491,-0.12620750069618225,-0.14856092631816864,-0.5214216709136963,-0.03418459743261337,-0.17754611372947693,-0.7431445121765137,-0.06338165700435638,-0.1966816931962967,-0.8719476461410522,-0.09303353726863861,-0.21407978236675262,-0.9768162369728088,-0.1156528890132904,-0.06973570585250854,-0.5161099433898926,-0.055969174951314926,-0.0994354709982872,-0.725994884967804,-0.07948274165391922,-0.1161213368177414,-0.8462545275688171,-0.09155235439538956,-0.1294918954372406,-0.9464496970176697,-0.10191333293914795,0.012607327662408352,-0.47856906056404114,-0.08487916737794876,-0.007643714547157288,-0.6463289260864258,-0.1021258682012558,-0.02255198359489441,-0.7507339119911194,-0.10115406662225723,-0.035574596375226974,-0.8379750847816467,-0.10067137330770493
B,0.0,0.0,0.0,-0.13596878945827484,-0.0842408612370491,-0.04699483513832092,-0.2147289514541626,-0.22804901003837585,-0.08159592002630234,-0.19234153628349304,-0.35953488945961,-0.11672674119472504,-0.14234398305416107,-0.4378422498703003,-0.15001307427883148,-0.2029106765985489,-0.4904465973377228,-0.03396333009004593,-0.22231923043727875,-0.6905248165130615,-0.07937268912792206,-0.22074060142040253,-0.809182345867157,-0.1221727654337883,-0.21532544493675232,-0.9169443249702454,-0.15475277602672577,-0.12969046831130981,-0.5161151885986328,-0.047487787902355194,-0.1531657576560974,-0.7342497110366821,-0.08137522637844086,-0.15875783562660217,-0.8699254989624023,-0.11514893919229507,-0.16226458549499512,-0.9867472648620605,-0.14192023873329163,-0.05596207082271576,-0.5016433596611023,-0.06910990923643112,-0.0724172592163086,-0.707574725151062,-0.09771855175495148,-0.0832349956035614,-0.8352298736572266,-0.1144147738814354,-0.09419559687376022,-0.9417751431465149,-0.12865199148654938,0.02578115090727806,-0.4532279670238495,-0.09803396463394165,0.019407901912927628,-0.6054598689079285,-0.11908334493637085,0.0043771700002253056,-0.7057899236679077,-0.120876245200634,-0.013459857553243637,-0.788358211517334,-0.12342050671577454
B,0.0,0.0,0.0,-0.12689298391342163,-0.0987374410033226,-0.038804177194833755,-0.1979459822177887,-0.26476824283599854,-0.060530178248882294,-0.1627127081155777,-0.41136011481285095,-0.08380819857120514,-0.08301419019699097,-0.46852195262908936,-0.10629576444625854,-0.1674557626247406,-0.49557533860206604,-0.011277040466666222,-0.18500155210494995,-0.6876242756843567,-0.04536137357354164,-0.18601663410663605,-0.8075052499771118,-0.08071426302194595,-0.1812296360731125,-0.9127863049507141,-0.10799723863601685,-0.09828119724988937,-0.5200679898262024,-0.023111840710043907,-0.11682332307100296,-0.7413554191589355,-0.04644854739308357,-0.12157267332077026,-0.8780482411384583,-0.07455785572528839,-0.12195799499750137,-0.9925352334976196,-0.09624969214200974,-0.027100879698991776,-0.5026288628578186,-0.04293472692370415,-0.038356371223926544,-0.7036539912223816,-0.06303945928812027,-0.04355372488498688,-0.8241198062896729,-0.08127216249704361,-0.04984257370233536,-0.920780599117279,-0.09577152132987976,0.052308447659015656,-0.4480288326740265,-0.06943359971046448,0.05954742431640625,-0.6050740480422974,-0.08265971392393112,0.05781906470656395,-0.7036439776420593,-0.08473653346300125,0.05230182409286499,-0.7823865413665771,-0.08745329082012177
B,0.0,0.0,0.0,-0.14095410704612732,-0.09537944942712784,-0.0499366894364357,-0.2192258983850479,-0.2667655944824219,-0.07204136997461319,-0.18231938779354095,-0.4250149130821228,-0.09137961268424988,-0.10655170679092407,-0.48672181367874146,-0.10708072781562805,-0.19144943356513977,-0.5122020244598389,-0.016294805333018303,-0.19745001196861267,-0.7310620546340942,-0.04177163168787956,-0.1980406939983368,-0.8648967146873474,-0.07147141546010971,-0.2016124129295349,-0.9794654846191406,-0.09588880091905594,-0.11566641181707382,-0.527247965335846,-0.017994657158851624,-0.11981986463069916,-0.749212384223938,-0.03059881366789341,-0.1222396194934845,-0.8786010146141052,-0.05041736736893654,-0.12499026209115982,-0.983266294002533,-0.06749135255813599,-0.04351087287068367,-0.5029374361038208,-0.028153013437986374,-0.04588828980922699,-0.7029061317443848,-0.03571314737200737,-0.051084570586681366,-0.8202677369117737,-0.04493610933423042,-0.055428627878427505,-0.9148080348968506,-0.05579384043812752,0.03558439388871193,-0.44798895716667175,-0.046647991985082626,0.04169106110930443,-0.6044029593467712,-0.05155748873949051,0.04192560911178589,-0.7003820538520813,-0.04867973178625107,0.042076434940099716,-0.7806145548820496,-0.04837846755981445
B,0.0,0.0,0.0,-0.14636418223381042,-0.09668784588575363,-0.043127693235874176,-0.22304418683052063,-0.28273916244506836,-0.05491849407553673,-0.1863817572593689,-0.4521178901195526,-0.06545045971870422,-0.11117813736200333,-0.5196166038513184,-0.07222741842269897,-0.18858282268047333,-0.5210253596305847,0.014671755023300648,-0.19978542625904083,-0.7305118441581726,-0.0004959736834280193,-0.2004292905330658,-0.854489266872406,-0.025814926251769066,-0.20103654265403748,-0.9586655497550964,-0.0463220551609993,-0.11239838600158691,-0.5332926511764526,0.014360984787344933,-0.12015295028686523,-0.7584502100944519,0.011147640645503998,-0.12319960445165634,-0.8879615664482117,-0.006098753307014704,-0.12379524856805801,-0.992307722568512,-0.02110026217997074,-0.041055820882320404,-0.5116499662399292,0.004440175835043192,-0.04535374790430069,-0.713323175907135,0.005406773649156094,-0.05197397246956825,-0.833191990852356,-0.0018507339991629124,-0.05309685692191124,-0.927211344242096,-0.011328866705298424,0.037271928042173386,-0.46337538957595825,-0.013920590281486511,0.03431930020451546,-0.6146838665008545,-0.008128689602017403,0.027926262468099594,-0.7101756930351257,-0.00027217218303121626,0.025038227438926697,-0.7893106341362,0.0026300211902707815
B,0.0,0.0,0.0,-0.13294793665409088,-0.0957365408539772,-0.04562778025865555,-0.2032446414232254,-0.28337928652763367,-0.06139947101473808,-0.16934628784656525,-0.44761401414871216,-0.07548146694898605,-0.10376530885696411,-0.5299044251441956,-0.08553063869476318,-0.16700036823749542,-0.5225412249565125,0.00487659964710474,-0.1775423139333725,-0.7225227355957031,-0.016763385385274887,-0.17348572611808777,-0.8430680632591248,-0.046227362006902695,-0.16796967387199402,-0.9454131126403809,-0.06967628747224808,-0.09291332960128784,-0.5402049422264099,0.0031786507461220026,-0.10299807786941528,-0.760612428188324,-0.005769094917923212,-0.1052335575222969,-0.888708770275116,-0.026418115943670273,-0.105690598487854,-0.9943990707397461,-0.044071346521377563,-0.024265464395284653,-0.5193439722061157,-0.007917479611933231,-0.03138735890388489,-0.7187861800193787,-0.011964128352701664,-0.03820989280939102,-0.8395494818687439,-0.02028174139559269,-0.04227934405207634,-0.9361758232116699,-0.03084774687886238,0.05230839550495148,-0.46868377923965454,-0.02739563025534153,0.0507221594452858,-0.6203504204750061,-0.026322457939386368,0.043861500918865204,-0.7175717949867249,-0.02087731845676899,0.03745678439736366,-0.7990151643753052,-0.01980798877775669
B,0.0,0.0,0.0,-0.13051289319992065,-0.09166371077299118,-0.04926708713173866,-0.1993260234594345,-0.26729992032051086,-0.06912779062986374,-0.16113288700580597,-0.42680490016937256,-0.086338110268116,-0.09461454302072525,-0.5109160542488098,-0.09955913573503494,-0.16792821884155273,-0.52020663022995,-0.006079172249883413,-0.18091677129268646,-0.7137730121612549,-0.03203047066926956,-0.17694604396820068,-0.8317647576332092,-0.06426117569208145,-0.1698254942893982,-0.9330191612243652,-0.08940938115119934,-0.09175515174865723,-0.5418925881385803,-0.007219406310468912,-0.10448949784040451,-0.7585720419883728,-0.020129064098000526,-0.10631655156612396,-0.8853721022605896,-0.04240493103861809,-0.10602403432130814,-0.99436354637146,-0.06132258102297783,-0.021534185856580734,-0.5223790407180786,-0.01773243583738804,-0.02967415563762188,-0.7180715203285217,-0.026096085086464882,-0.03633655235171318,-0.836004376411438,-0.0354350320994854,-0.040123917162418365,-0.9328050017356873,-0.046148981899023056,0.05626135319471359,-0.4718243181705475,-0.03669428825378418,0.05274256318807602,-0.6250028610229492,-0.039470236748456955,0.04559870809316635,-0.7209553122520447,-0.03511622175574303,0.03819074109196663,-0.8023858070373535,-0.03426894545555115
B,0.0,0.0,0.0,-0.1304364949464798,-0.08648111671209335,-0.04660430923104286,-0.20046904683113098,-0.26069822907447815,-0.06508279591798782,-0.16749611496925354,-0.4215444028377533,-0.08179660141468048,-0.10692606121301651,-0.5129382610321045,-0.09480823576450348,-0.1689222902059555,-0.5167261958122253,-0.0027503513265401125,-0.18440696597099304,-0.7065121531486511,-0.02890668995678425,-0.18490193784236908,-0.822174608707428,-0.060933440923690796,-0.18228422105312347,-0.9225762486457825,-0.08596733957529068,-0.09383001178503036,-0.5413958430290222,-0.006108215544372797,-0.10768896341323853,-0.7572524547576904,-0.020163273438811302,-0.11191301047801971,-0.8845618963241577,-0.04284919798374176,-0.11372394114732742,-0.9935123920440674,-0.0618523508310318,-0.02365979366004467,-0.5237855315208435,-0.018977073952555656,-0.03309876471757889,-0.7191095948219299,-0.029197175055742264,-0.0414045974612236,-0.8365499973297119,-0.03974735364317894,-0.04761909320950508,-0.9336870312690735,-0.05111066251993179,0.05230952799320221,-0.4747852683067322,-0.03997649997472763,0.04959217458963394,-0.6288560032844543,-0.045064106583595276,0.042453110218048096,-0.7259017825126648,-0.0424572192132473,0.03418990597128868,-0.8095114827156067,-0.0427817665040493
B,0.0,0.0,0.0,-0.1327972561120987,-0.08363881707191467,-0.040821611881256104,-0.20981156826019287,-0.24687400460243225,-0.06109495088458061,-0.1832892745733261,-0.40273958444595337,-0.08124292641878128,-0.12198865413665771,-0.4960728883743286,-0.09962999075651169,-0.17563901841640472,-0.5039701461791992,-0.007697845343500376,-0.19341933727264404,-0.6954629421234131,-0.03995078057050705,-0.19187074899673462,-0.8127632141113281,-0.07548582553863525,-0.18502584099769592,-0.9163206219673157,-0.10312845557928085,-0.10186583548784256,-0.5278470516204834,-0.01803896576166153,-0.11910556256771088,-0.7456242442131042,-0.04044667258858681,-0.1221732348203659,-0.877839982509613,-0.06886467337608337,-0.12223409116268158,-0.9925013184547424,-0.09173841029405594,-0.030745144933462143,-0.5107182264328003,-0.03729629144072533,-0.04228648543357849,-0.7109642624855042,-0.05717378109693527,-0.05100713297724724,-0.8332152962684631,-0.07479497790336609,-0.058642566204071045,-0.9370960593223572,-0.09041548520326614,0.04634670168161392,-0.4629270136356354,-0.06337354332208633,0.044248245656490326,-0.6223256587982178,-0.0783655047416687,0.040588077157735825,-0.724049985408783,-0.08233524858951569,0.03549022227525711,-0.8140484094619751,-0.08718913048505783
B,0.0,0.0,0.0,-0.13067921996116638,-0.0866284966468811,-0.04031524807214737,-0.204439178109169,-0.2433209866285324,-0.06240877881646156,-0.1734677106142044,-0.3903425633907318,-0.08474148064851761,-0.11148977279663086,-0.4776538014411926,-0.10570205748081207,-0.17011526226997375,-0.5031334161758423,-0.010131214745342731,-0.18392887711524963,-0.6978148221969604,-0.04307052120566368,-0.1813468486070633,-0.8167514801025391,-0.07909411191940308,-0.1746579259634018,-0.9208606481552124,-0.10679449141025543,-0.09516691416501999,-0.5255393385887146,-0.02148027904331684,-0.10851507633924484,-0.746977686882019,-0.044384244829416275,-0.11058869957923889,-0.8796252012252808,-0.07427990436553955,-0.11001665890216827,-0.9939298033714294,-0.09812786430120468,-0.023249760270118713,-0.5080104470252991,-0.04124075174331665,-0.03100130520761013,-0.7124555706977844,-0.060792792588472366,-0.036362674087285995,-0.8344367742538452,-0.0792817771434784,-0.04070619121193886,-0.9365072846412659,-0.09532368928194046,0.053646136075258255,-0.4591488838195801,-0.06758982688188553,0.05393862724304199,-0.6226595640182495,-0.08198326826095581,0.05196503922343254,-0.7259335517883301,-0.0853508859872818,0.0490947887301445,-0.8163629174232483,-0.0895642563700676
C,0.0,0.0,0.0,-0.2398379147052765,-0.08834005892276764,0.08048385381698608,-0.39700281620025635,-0.27926814556121826,0.10828054696321487,-0.5222086310386658,-0.41757622361183167,0.09230862557888031,-0.6055115461349487,-0.5587977170944214,0.08422282338142395,-0.2070537954568863,-0.637291669845581,0.23952428996562958,-0.31550174951553345,-0.8780520558357239,0.2319512814283371,-0.4409206807613373,-0.8433776497840881,0.2038692682981491,-0.49882227182388306,-0.7411951422691345,0.1910729557275772,-0.16192716360092163,-0.6685906648635864,0.1617327183485031,-0.28273680806159973,-0.9514460563659668,0.16375558078289032,-0.4412233233451843,-0.8973972797393799,0.14066225290298462,-0.501316249370575,-0.7809360027313232,0.13006064295768738,-0.14446687698364258,-0.6672346591949463,0.06826484948396683,-0.26841917634010315,-0.949577808380127,0.06385260820388794,-0.4349527657032013,-0.8880857229232788,0.05399812385439873,-0.5025126338005066,-0.7597026228904724,0.051495157182216644,-0.169810488820076,-0.6394568085670471,-0.025344448164105415,-0.2899388372898102,-0.8650826811790466,-0.021050576120615005,-0.4239208400249481,-0.847292423248291,-0.012244204059243202,-0.4969683885574341,-0.7454044222831726,-0.004144259262830019
C,0.0,0.0,0.0,-0.22731631994247437,-0.07604717463254929,0.0001500527432654053,-0.3960949778556824,-0.27012547850608826,0.001363567658700049,-0.5335158109664917,-0.42067715525627136,-0.015803232789039612,-0.6179461479187012,-0.5523958206176758,-0.019360274076461792,-0.20697319507598877,-0.6295195817947388,0.10061997175216675,-0.3203628957271576,-0.8865522742271423,0.06390731036663055,-0.44860923290252686,-0.8532102704048157,0.03142523765563965,-0.5057961344718933,-0.7396620512008667,0.02220032550394535,-0.16293027997016907,-0.6640869379043579,0.0769045352935791,-0.2902649939060211,-0.9569463133811951,0.04797183722257614,-0.44288331270217896,-0.8876358270645142,0.026120981201529503,-0.5012651085853577,-0.7644282579421997,0.024379059672355652,-0.14762286841869354,-0.6646896600723267,0.038635846227407455,-0.2788107693195343,-0.9508265852928162,0.007446836214512587,-0.431098610162735,-0.8782889246940613,-0.005881994962692261,-0.48968860507011414,-0.7419323325157166,-0.0005910155014134943,-0.1691841185092926,-0.6383644938468933,-0.002122695790603757,-0.2878115773200989,-0.8657419085502625,-0.0209928210824728,-0.40617889165878296,-0.8562940955162048,-0.022276515141129494,-0.4650857448577881,-0.757907509803772,-0.012576160952448845
C,0.0,0.0,0.0,-0.22856734693050385,0.020067736506462097,-0.15150022506713867,-0.4183585047721863,-0.16900241374969482,-0.20613189041614532,-0.5435120463371277,-0.38204556703567505,-0.23674272000789642,-0.6115633845329285,-0.5771209001541138,-0.24974392354488373,-0.17916814982891083,-0.5541943907737732,-0.10025879740715027,-0.2707327604293823,-0.8842558860778809,-0.16379299759864807,-0.4098718762397766,-0.9121431112289429,-0.20901738107204437,-0.5027157068252563,-0.8301489949226379,-0.22736752033233643,-0.13508576154708862,-0.6111826300621033,-0.03793960064649582,-0.2849346995353699,-0.9140048623085022,-0.09314782917499542,-0.44600191712379456,-0.8846279382705688,-0.12783440947532654,-0.5166370272636414,-0.7610296010971069,-0.1385708451271057,-0.12384163588285446,-0.6380919218063354,0.0060499077662825584,-0.2691394090652466,-0.933501660823822,-0.04604053124785423,-0.4208762049674988,-0.8793746829032898,-0.07461291551589966,-0.4928295314311981,-0.7656102180480957,-0.07885558903217316,-0.12333428859710693,-0.6365413069725037,0.038104601204395294,-0.2483806014060974,-0.8678884506225586,-0.005631083622574806,-0.3751857578754425,-0.8635563850402832,-0.02804448828101158,-0.450493186712265,-0.7762786746025085,-0.031114311888813972
C,0.0,0.0,0.0,-0.21124009788036346,-0.02118477039039135,-0.13916949927806854,-0.3992239236831665,-0.22126223146915436,-0.1878242790699005,-0.5315619707107544,-0.43110769987106323,-0.20479586720466614,-0.5811699032783508,-0.6023240089416504,-0.2001858949661255,-0.16849909722805023,-0.5352859497070312,-0.14590725302696228,-0.26663124561309814,-0.8893637657165527,-0.1940292865037918,-0.40614765882492065,-0.9044250249862671,-0.2081766575574875,-0.497732013463974,-0.8147450089454651,-0.20088045299053192,-0.11399681866168976,-0.5897600650787354,-0.070713572204113,-0.26876676082611084,-0.9289839267730713,-0.10343919694423676,-0.42600831389427185,-0.9047192335128784,-0.10560441017150879,-0.4998939335346222,-0.7915065288543701,-0.09589337557554245,-0.0973045602440834,-0.6095659136772156,-0.0059877317398786545,-0.25040188431739807,-0.9031644463539124,-0.03918568417429924,-0.3918597102165222,-0.8670246601104736,-0.052183497697114944,-0.46105700731277466,-0.7651470303535461,-0.048602864146232605,-0.10578783601522446,-0.613490879535675,0.05158592760562897,-0.2349654585123062,-0.832825243473053,0.025742555037140846,-0.3518337309360504,-0.84699946641922,0.01211816631257534,-0.42233768105506897,-0.7862581610679626,0.012608126737177372
C,0.0,0.0,0.0,-0.21086478233337402,-0.05684284120798111,-0.05062975361943245,-0.3488403260707855,-0.2516844570636749,-0.05956251174211502,-0.45135584473609924,-0.4443625807762146,-0.07066132128238678,-0.48308053612709045,-0.6051952242851257,-0.06606058776378632,-0.0997699648141861,-0.6393230557441711,0.05966396629810333,-0.19651730358600616,-0.9273761510848999,0.03856201842427254,-0.33708178997039795,-0.9136064052581787,0.011608483269810677,-0.4125507175922394,-0.7946692705154419,0.0048101055435836315,-0.051542773842811584,-0.694266140460968,0.07465740293264389,-0.18098300695419312,-0.9747877717018127,0.07156316936016083,-0.3382912874221802,-0.929072916507721,0.05054056644439697,-0.407000869512558,-0.8105562329292297,0.042660582810640335,-0.0370061919093132,-0.7125064730644226,0.07402520626783371,-0.16019099950790405,-0.9870859980583191,0.06862805038690567,-0.3091243803501129,-0.9382383823394775,0.05041663721203804,-0.3791363835334778,-0.8164460062980652,0.044177282601594925,-0.05621076747775078,-0.7087815403938293,0.06729927659034729,-0.15591460466384888,-0.9452951550483704,0.06345084309577942,-0.275055855512619,-0.9485880732536316,0.0591585598886013,-0.35180556774139404,-0.8527073860168457,0.06303577125072479
C,0.0,0.0,0.0,-0.21870575845241547,-0.0503401942551136,0.06933390349149704,-0.33567309379577637,-0.24390855431556702,0.10510817170143127,-0.43069350719451904,-0.41797566413879395,0.09973519295454025,-0.4756154417991638,-0.5847437977790833,0.09932437539100647,-0.0974818766117096,-0.593052864074707,0.2692224979400635,-0.18945012986660004,-0.8251925706863403,0.2874435782432556,-0.3040482997894287,-0.8186755180358887,0.2649227976799011,-0.36495310068130493,-0.7056187987327576,0.25500229001045227,-0.05902765318751335,-0.6610027551651001,0.21030274033546448,-0.17982105910778046,-0.9096758365631104,0.24932456016540527,-0.3277856111526489,-0.8728224039077759,0.22261421382427216,-0.384609580039978,-0.7545191645622253,0.20258471369743347,-0.043047286570072174,-0.7040636539459229,0.13590294122695923,-0.153367280960083,-0.963761568069458,0.17141565680503845,-0.30490344762802124,-0.9264132380485535,0.16274712979793549,-0.36755067110061646,-0.7988136410713196,0.15238410234451294,-0.054924942553043365,-0.7304087281227112,0.058807894587516785,-0.13602368533611298,-0.9675096273422241,0.09766106307506561,-0.2579405605792999,-0.9661608338356018,0.11845080554485321,-0.3302706182003021,-0.8488784432411194,0.13018006086349487
C,0.0,0.0,0.0,-0.22774308919906616,-0.04959041252732277,0.029309706762433052,-0.35126766562461853,-0.253955215215683,0.04198721423745155,-0.4512530267238617,-0.43384894728660583,0.02417730912566185,-0.48736706376075745,-0.6055026054382324,0.014001550152897835,-0.08139044046401978,-0.6120718717575073,0.19220209121704102,-0.1720331311225891,-0.8685852289199829,0.18764205276966095,-0.30349645018577576,-0.8684775829315186,0.1572398990392685,-0.3813512325286865,-0.763709545135498,0.14277097582817078,-0.036852750927209854,-0.6643239855766296,0.1509549617767334,-0.16913482546806335,-0.9448400735855103,0.16305771470069885,-0.3325134515762329,-0.9120231866836548,0.12911418080329895,-0.4016711115837097,-0.7999452948570251,0.1067260280251503,-0.023746004328131676,-0.6934426426887512,0.09431808441877365,-0.14826254546642303,-0.9816755652427673,0.10437212884426117,-0.31113576889038086,-0.9463418126106262,0.08341072499752045,-0.38728800415992737,-0.8246979117393494,0.0676838830113411,-0.04893829673528671,-0.7053582668304443,0.03427146002650261,-0.14279866218566895,-0.9561532735824585,0.051223430782556534,-0.27141284942626953,-0.9624629616737366,0.05777807906270027,-0.35748499631881714,-0.860400915145874,0.06114057078957558
C,0.0,0.0,0.0,-0.2122732251882553,-0.04130512848496437,-0.07738731801509857,-0.35226473212242126,-0.2403220683336258,-0.10616811364889145,-0.4625396728515625,-0.44095537066459656,-0.1318400800228119,-0.5066452622413635,-0.6107103228569031,-0.13945536315441132,-0.11735016852617264,-0.6198242902755737,-0.0013703375589102507,-0.21502986550331116,-0.9293532967567444,-0.05192919820547104,-0.3546641170978546,-0.8829182386398315,-0.08396527916193008,-0.40918776392936707,-0.7356142401695251,-0.08888113498687744,-0.06366011500358582,-0.65838223695755,0.02558162994682789,-0.19049091637134552,-0.9816889762878418,-0.018752994015812874,-0.34997087717056274,-0.8957905173301697,-0.04171771928668022,-0.3992736339569092,-0.7557276487350464,-0.03815342113375664,-0.04366191476583481,-0.6678372025489807,0.037462200969457626,-0.1745208203792572,-0.9706167578697205,-0.004690592177212238,-0.3279305398464203,-0.8895580172538757,-0.02412497065961361,-0.3829898536205292,-0.747245192527771,-0.018306130543351173,-0.06152939423918724,-0.6573152542114258,0.04314698651432991,-0.17372208833694458,-0.9085907936096191,0.012271640822291374,-0.2991928458213806,-0.8942892551422119,0.0013427244266495109,-0.3663778603076935,-0.7833223938941956,0.00854831375181675
C,0.0,0.0,0.0,-0.2283867746591568,-0.11735492199659348,0.07424846291542053,-0.35096362233161926,-0.296195387840271,0.09779613465070724,-0.4605115056037903,-0.4591050446033478,0.08168477565050125,-0.5017836689949036,-0.6219456791877747,0.07210724800825119,-0.13223585486412048,-0.6381242871284485,0.21992863714694977,-0.22057099640369415,-0.8944991827011108,0.21026387810707092,-0.33609312772750854,-0.8664451241493225,0.18330274522304535,-0.3921182155609131,-0.7376322746276855,0.17686446011066437,-0.0845085009932518,-0.6771218180656433,0.1574893742799759,-0.19116255640983582,-0.965295672416687,0.16119571030139923,-0.33779376745224,-0.8971095681190491,0.13973018527030945,-0.3945266902446747,-0.7752617001533508,0.13370324671268463,-0.06355226784944534,-0.6909664869308472,0.08181844651699066,-0.1625588834285736,-0.9866988658905029,0.08801499009132385,-0.3152078092098236,-0.9279654026031494,0.08358858525753021,-0.3810502886772156,-0.7989215850830078,0.08556163311004639,-0.08527635782957077,-0.6856993436813354,0.006935051176697016,-0.17652404308319092,-0.9500272870063782,0.023924272507429123,-0.29613515734672546,-0.9400932788848877,0.042614828795194626,-0.3652530610561371,-0.8288902640342712,0.05959983542561531
C,0.0,0.0,0.0,-0.21551507711410522,-0.10387980192899704,0.049992743879556656,-0.3419784903526306,-0.31531691551208496,0.07460281997919083,-0.4418114423751831,-0.4801747500896454,0.061419542878866196,-0.48638224601745605,-0.6531984210014343,0.055829547345638275,-0.15116168558597565,-0.6559344530105591,0.2399350255727768,-0.21062928438186646,-0.8905144333839417,0.2347615510225296,-0.31407156586647034,-0.8917491436004639,0.2008977234363556,-0.371935099363327,-0.7993735074996948,0.18498702347278595,-0.10493937879800797,-0.6922500133514404,0.18461978435516357,-0.1786041408777237,-0.9615592956542969,0.19253019988536835,-0.31237858533859253,-0.9364606738090515,0.15886133909225464,-0.3744465708732605,-0.8253238201141357,0.1420481950044632,-0.07023899257183075,-0.7065212726593018,0.11144600808620453,-0.14671315252780914,-0.9841952323913574,0.11638897657394409,-0.2932009994983673,-0.9560508131980896,0.1024656742811203,-0.36345234513282776,-0.8345773816108704,0.09859198331832886,-0.06048912927508354,-0.7029381394386292,0.034863028675317764,-0.14368338882923126,-0.9398877024650574,0.04926310107111931,-0.2704257071018219,-0.9493434429168701,0.06077372282743454,-0.3537951111793518,-0.8503586649894714,0.07240478694438934
C,0.0,0.0,0.0,-0.2235783338546753,-0.10716512054204941,0.054992929100990295,-0.35714665055274963,-0.3117176294326782,0.07640980929136276,-0.4593314826488495,-0.47926756739616394,0.057027146220207214,-0.4967580735683441,-0.6564200520515442,0.0463760681450367,-0.1497824490070343,-0.6482888460159302,0.2599324882030487,-0.19725435972213745,-0.8890218138694763,0.2560727894306183,-0.30581390857696533,-0.8874953389167786,0.22262518107891083,-0.36458924412727356,-0.7837221026420593,0.20726048946380615,-0.1014617383480072,-0.6862420439720154,0.19964098930358887,-0.15330228209495544,-0.968834400177002,0.20787623524665833,-0.29750651121139526,-0.9415202140808105,0.17603881657123566,-0.36219775676727295,-0.8204744458198547,0.16158805787563324,-0.0674867033958435,-0.7062222957611084,0.1200283095240593,-0.12175758928060532,-0.9917727112770081,0.13016377389431,-0.2782658636569977,-0.9605041146278381,0.11932791769504547,-0.3520554304122925,-0.8315457701683044,0.11693833023309708,-0.058662109076976776,-0.7112345695495605,0.0361378937959671,-0.1283399760723114,-0.945594310760498,0.05453021451830864,-0.26417258381843567,-0.9418558478355408,0.06669269502162933,-0.3500216603279114,-0.830415666103363,0.07830824702978134
C,0.0,0.0,0.0,-0.20567268133163452,-0.09545651823282242,0.02550342120230198,-0.34649401903152466,-0.2968755066394806,0.03507087379693985,-0.4625314474105835,-0.4735080301761627,0.012500766664743423,-0.48917630314826965,-0.6606852412223816,0.00085344014223665,-0.1364467889070511,-0.6503118872642517,0.200935959815979,-0.21266673505306244,-0.9072175621986389,0.1836436241865158,-0.3234374523162842,-0.90776526927948,0.15029563009738922,-0.3771539032459259,-0.7890026569366455,0.13916760683059692,-0.088890939950943,-0.6852222084999084,0.15756836533546448,-0.17616213858127594,-0.9755545854568481,0.1473567932844162,-0.3149694800376892,-0.9367163777351379,0.11286261677742004,-0.37151414155960083,-0.8028646111488342,0.10269607603549957,-0.05713668093085289,-0.702824056148529,0.09572014957666397,-0.1541285365819931,-0.9880508184432983,0.08283599466085434,-0.29694417119026184,-0.9451279640197754,0.06619740277528763,-0.35530731081962585,-0.8061825037002563,0.06781038641929626,-0.053580354899168015,-0.7058230638504028,0.030252652242779732,-0.14874373376369476,-0.9469068646430969,0.024820739403367043,-0.27284789085388184,-0.9449763894081116,0.02745997905731201,-0.34447604417800903,-0.8261764049530029,0.039206843823194504
C,0.0,0.0,0.0,-0.21733886003494263,-0.08783967792987823,0.004090269561856985,-0.36928460001945496,-0.2918529510498047,0.008447223342955112,-0.4908166229724884,-0.4735143482685089,-0.008044018410146236,-0.5298426747322083,-0.6489412188529968,-0.012749578803777695,-0.1330633908510208,-0.6398076415061951,0.15404735505580902,-0.223636195063591,-0.9118690490722656,0.14516812562942505,-0.3474992513656616,-0.9230818152427673,0.1206749752163887,-0.41712644696235657,-0.8182263374328613,0.11543159931898117,-0.08643021434545517,-0.6747499704360962,0.13391011953353882,-0.2022150754928589,-0.9598296880722046,0.13689668476581573,-0.35087084770202637,-0.9364238381385803,0.11318428814411163,-0.4149600863456726,-0.8252645134925842,0.1069556325674057,-0.06735078990459442,-0.6885859370231628,0.09789269417524338,-0.1940891593694687,-0.9602065682411194,0.09780105203390121,-0.34085795283317566,-0.9331242442131042,0.0860099121928215,-0.4054328501224518,-0.8160080313682556,0.08707521110773087,-0.07920560985803604,-0.6859356760978699,0.058177556842565536,-0.18711553514003754,-0.9189294576644897,0.06077279523015022,-0.30910524725914,-0.9359275698661804,0.06458079814910889,-0.3834061622619629,-0.843691349029541,0.07578091323375702
C,0.0,0.0,0.0,-0.22226503491401672,-0.0913396030664444,0.029093164950609207,-0.37840911746025085,-0.29137831926345825,0.03696667030453682,-0.5041723847389221,-0.46778276562690735,0.01162948738783598,-0.5510725378990173,-0.6537122130393982,-0.004265218041837215,-0.14856907725334167,-0.6575312614440918,0.2126612365245819,-0.22752690315246582,-0.9072082042694092,0.20553436875343323,-0.3426353335380554,-0.9179906845092773,0.17374251782894135,-0.4137589633464813,-0.8250477313995361,0.1607784777879715,-0.10418295860290527,-0.6930535435676575,0.1686471849679947,-0.21050535142421722,-0.9651529788970947,0.17039191722869873,-0.361703097820282,-0.9322932958602905,0.13740451633930206,-0.4314544200897217,-0.824723482131958,0.12428585439920425,-0.08374115824699402,-0.7096608877182007,0.106745645403862,-0.1933733969926834,-0.9804992079734802,0.10525092482566833,-0.3458036184310913,-0.937682032585144,0.09277969598770142,-0.4161296784877777,-0.8129450678825378,0.09321300685405731,-0.09510031342506409,-0.7017421722412109,0.04088488221168518,-0.19038231670856476,-0.9396469593048096,0.0510261170566082,-0.3169606029987335,-0.9415289759635925,0.0622982531785965,-0.3958386778831482,-0.8405282497406006,0.07628850638866425
C,0.0,0.0,0.0,-0.2316625416278839,-0.08221496641635895,-0.020812122151255608,-0.384960800409317,-0.27675819396972656,-0.028092434629797935,-0.49941113591194153,-0.4649682939052582,-0.05193900316953659,-0.5529847145080566,-0.6461679339408875,-0.061946406960487366,-0.1493009626865387,-0.655338704586029,0.12753041088581085,-0.2443033903837204,-0.9186202883720398,0.10190373659133911,-0.36661797761917114,-0.9036043286323547,0.06440860778093338,-0.4374833405017853,-0.7924579381942749,0.04996830224990845,-0.09243506193161011,-0.694651186466217,0.11584141850471497,-0.2180062085390091,-0.9738414883613586,0.09758380055427551,-0.3682002127170563,-0.9297465085983276,0.05833436921238899,-0.43496063351631165,-0.8102034330368042,0.04198705777525902,-0.06742168962955475,-0.7091163992881775,0.08642751723527908,-0.21163852512836456,-0.9731235504150391,0.060249295085668564,-0.36187276244163513,-0.9130343198776245,0.029422450810670853,-0.42546698451042175,-0.7788916826248169,0.022202175110578537,-0.0788414254784584,-0.7042312622070312,0.05271707847714424,-0.2059864103794098,-0.9289546608924866,0.03879900276660919,-0.3310762345790863,-0.91261887550354,0.03281692788004875,-0.40091124176979065,-0.7997216582298279,0.03832476958632469
C,0.0,0.0,0.0,-0.23592446744441986,-0.10367710143327713,0.04842508211731911,-0.38340097665786743,-0.2985309660434723,0.07048716396093369,-0.495563805103302,-0.47663313150405884,0.05408496409654617,-0.5495225191116333,-0.6688171029090881,0.04538419842720032,-0.1532447338104248,-0.6585510969161987,0.2651134431362152,-0.24561290442943573,-0.8945336937904358,0.2807110846042633,-0.35669177770614624,-0.8958222270011902,0.2568553388118744,-0.42650631070137024,-0.8028379678726196,0.24604876339435577,-0.10057228058576584,-0.7000306248664856,0.21456006169319153,-0.21619552373886108,-0.9538254737854004,0.24242451786994934,-0.36248642206192017,-0.9238999485969543,0.20881113409996033,-0.429723858833313,-0.8216830492019653,0.18830929696559906,-0.0759589672088623,-0.7221136689186096,0.14612294733524323,-0.2045055776834488,-0.9758365154266357,0.1610584706068039,-0.35458558797836304,-0.9250015020370483,0.1431879997253418,-0.42146992683410645,-0.7946137189865112,0.13491177558898926,-0.08734867721796036,-0.7250289916992188,0.07505812495946884,-0.19669608771800995,-0.9579646587371826,0.09554242342710495,-0.322908490896225,-0.9464302062988281,0.10878991335630417,-0.39976438879966736,-0.8256709575653076,0.12074726819992065
C,0.0,0.0,0.0,-0.22879022359848022,-0.0987740233540535,0.021342042833566666,-0.38208138942718506,-0.2893722355365753,0.02864230051636696,-0.498117059469223,-0.4730069637298584,0.0028185017872601748,-0.5467105507850647,-0.6685833930969238,-0.013261371292173862,-0.15963982045650482,-0.6567943096160889,0.22330045700073242,-0.24776670336723328,-0.8949787616729736,0.21744149923324585,-0.36142975091934204,-0.9031302332878113,0.18185003101825714,-0.4333995580673218,-0.8162741661071777,0.16422796249389648,-0.10255243629217148,-0.696140706539154,0.18096846342086792,-0.21439878642559052,-0.9563062787055969,0.18392851948738098,-0.3609084188938141,-0.9311537146568298,0.14444810152053833,-0.4320925772190094,-0.8310120701789856,0.12337787449359894,-0.0720706433057785,-0.7169250249862671,0.11879511922597885,-0.19680282473564148,-0.9803347587585449,0.11009418964385986,-0.34847694635391235,-0.9352133870124817,0.09061641246080399,-0.41931387782096863,-0.8061801791191101,0.08650197088718414,-0.07556047290563583,-0.7168001532554626,0.0522579662501812,-0.18701235949993134,-0.9542995691299438,0.05462109297513962,-0.31572335958480835,-0.9488512873649597,0.0638318732380867,-0.3952767848968506,-0.8342368006706238,0.07618116587400436
C,0.0,0.0,0.0,-0.23278148472309113,-0.09851962327957153,0.05362430587410927,-0.38851746916770935,-0.2860925495624542,0.0760951042175293,-0.5072824358940125,-0.4584764540195465,0.05487367510795593,-0.5575711727142334,-0.653027355670929,0.03993560001254082,-0.17320552468299866,-0.6418684124946594,0.2951211631298065,-0.2500057518482208,-0.8610242605209351,0.3097119927406311,-0.35319018363952637,-0.8756858110427856,0.2795497477054596,-0.42387673258781433,-0.8029560446739197,0.26134392619132996,-0.1227707788348198,-0.6862261295318604,0.23410288989543915,-0.21932004392147064,-0.9400495886802673,0.2504713833332062,-0.3576394021511078,-0.9233445525169373,0.20495083928108215,-0.43352392315864563,-0.8240382075309753,0.1778191328048706,-0.09261253476142883,-0.715810239315033,0.1526256948709488,-0.2020326554775238,-0.9749791622161865,0.1572854220867157,-0.34911420941352844,-0.9370802044868469,0.1292426586151123,-0.42413270473480225,-0.8109959363937378,0.11606530100107193,-0.09083329141139984,-0.7279954552650452,0.06797824800014496,-0.19740977883338928,-0.9515761137008667,0.08265956491231918,-0.32047098875045776,-0.9368157386779785,0.08875425159931183,-0.39613819122314453,-0.8185622692108154,0.09472150355577469
C,0.0,0.0,0.0,-0.22364282608032227,-0.10984326153993607,0.08670005947351456,-0.3746819794178009,-0.3078487515449524,0.12795047461986542,-0.490597665309906,-0.4811343848705292,0.11682536453008652,-0.5497440099716187,-0.6746485233306885,0.10765276104211807,-0.17028462886810303,-0.632346510887146,0.3506181240081787,-0.24530889093875885,-0.8490253686904907,0.38911592960357666,-0.3449205160140991,-0.8601269125938416,0.37294304370880127,-0.4100090265274048,-0.7933003306388855,0.3618720769882202,-0.12475980073213577,-0.6820425391197205,0.2768670618534088,-0.22726917266845703,-0.9373509883880615,0.31100165843963623,-0.3642781376838684,-0.9033670425415039,0.26793956756591797,-0.4285793900489807,-0.7988698482513428,0.2427770048379898,-0.09574291110038757,-0.7159315347671509,0.1845303624868393,-0.21018962562084198,-0.9776606559753418,0.20497511327266693,-0.3529209494590759,-0.9161865711212158,0.1750147044658661,-0.41366997361183167,-0.7799324989318848,0.15908776223659515,-0.09062328934669495,-0.7351951599121094,0.09168229252099991,-0.19951371848583221,-0.9602945446968079,0.12085824459791183,-0.32372891902923584,-0.9340406060218811,0.12851054966449738,-0.39263680577278137,-0.8085801601409912,0.13344167172908783
C,0.0,0.0,0.0,-0.2271244376897812,-0.11139585822820663,0.06327212601900101,-0.38147106766700745,-0.3077743351459503,0.09255880117416382,-0.4958602488040924,-0.48150432109832764,0.07553716748952866,-0.5575218796730042,-0.6755725145339966,0.06278129667043686,-0.1873723715543747,-0.6454956531524658,0.30924615263938904,-0.26169055700302124,-0.8538232445716858,0.33335283398628235,-0.3552265763282776,-0.8680272698402405,0.31120625138282776,-0.4130111336708069,-0.79702228307724,0.2988766133785248,-0.1408778578042984,-0.6935774087905884,0.24767091870307922,-0.2316051572561264,-0.9397172331809998,0.27510643005371094,-0.36046722531318665,-0.9100122451782227,0.23669777810573578,-0.4220660924911499,-0.813479483127594,0.21515005826950073,-0.10815027356147766,-0.7257193922996521,0.16656209528446198,-0.21123841404914856,-0.977434515953064,0.18183201551437378,-0.3522435128688812,-0.9259700775146484,0.1579776406288147,-0.41373151540756226,-0.7970572113990784,0.14725859463214874,-0.09806946665048599,-0.7411644458770752,0.08305465430021286,-0.19877329468727112,-0.9660723209381104,0.10881512612104416,-0.32369309663772583,-0.9448772668838501,0.1200917512178421,-0.3934260606765747,-0.8205286264419556,0.1294141560792923
C,0.0,0.0,0.0,-0.2209627479314804,-0.1128949448466301,0.033047739416360855,-0.37406548857688904,-0.3015696406364441,0.0492769293487072,-0.48569536209106445,-0.48023557662963867,0.02919764630496502,-0.543514609336853,-0.6617962718009949,0.017980914562940598,-0.1728997826576233,-0.6543659567832947,0.23709510266780853,-0.2534797191619873,-0.8953383564949036,0.22752462327480316,-0.36151257157325745,-0.888759434223175,0.1910787969827652,-0.4270046353340149,-0.7872159481048584,0.17527969181537628,-0.12505920231342316,-0.6907450556755066,0.1903860867023468,-0.22230014204978943,-0.9618493318557739,0.1841498166322708,-0.35671672224998474,-0.918721079826355,0.1415853053331375,-0.42086315155029297,-0.8037492632865906,0.12417519837617874,-0.09385824203491211,-0.713184118270874,0.12385156750679016,-0.2017298936843872,-0.979441225528717,0.11042872071266174,-0.3423413634300232,-0.9242199659347534,0.08574239164590836,-0.4048311412334442,-0.7876905798912048,0.082323357462883,-0.08619122207164764,-0.7175056338310242,0.05387675762176514,-0.1919277459383011,-0.9421200156211853,0.05413542315363884,-0.3149297535419464,-0.9273552894592285,0.05768885836005211,-0.3853839337825775,-0.8119646906852722,0.0684138759970665
C,0.0,0.0,0.0,-0.22076258063316345,-0.10181716829538345,0.053439732640981674,-0.37058523297309875,-0.29173117876052856,0.08055668324232101,-0.4865160584449768,-0.4631156623363495,0.06639983505010605,-0.5438889265060425,-0.6479994058609009,0.059151459485292435,-0.17800621688365936,-0.6510871648788452,0.2732008099555969,-0.2621043026447296,-0.8803806900978088,0.2814269959926605,-0.36071276664733887,-0.868130624294281,0.2539503276348114,-0.41453003883361816,-0.770024299621582,0.24182480573654175,-0.13148750364780426,-0.694646418094635,0.21925696730613708,-0.23037242889404297,-0.9574770927429199,0.230585977435112,-0.35992419719696045,-0.9056509733200073,0.19037897884845734,-0.4155246317386627,-0.7877802848815918,0.17184577882289886,-0.09883609414100647,-0.7202004194259644,0.14674578607082367,-0.20896606147289276,-0.9779229164123535,0.14913025498390198,-0.34626680612564087,-0.9107195734977722,0.12396232038736343,-0.4009472131729126,-0.7718006372451782,0.11637119948863983,-0.09044408798217773,-0.7274758815765381,0.07216035574674606,-0.19756019115447998,-0.9468284845352173,0.08595036715269089,-0.3177528381347656,-0.91948401927948,0.09206052869558334,-0.3812887668609619,-0.7965996265411377,0.10147182643413544
C,0.0,0.0,0.0,-0.20777954161167145,-0.09660211205482483,0.009766404516994953,-0.35600802302360535,-0.29361698031425476,0.014432807452976704,-0.4700317978858948,-0.4720854163169861,-0.008067851886153221,-0.5171670913696289,-0.6458568572998047,-0.018959205597639084,-0.15126797556877136,-0.6566638350486755,0.16226458549499512,-0.23286989331245422,-0.9026135206222534,0.12975084781646729,-0.3435696065425873,-0.8922255039215088,0.08596816658973694,-0.4023471176624298,-0.7836644053459167,0.06727370619773865,-0.1059400662779808,-0.6921306252479553,0.1268768459558487,-0.20195069909095764,-0.9751319289207458,0.09928443282842636,-0.341976523399353,-0.932403564453125,0.05722031742334366,-0.4047386050224304,-0.8109164834022522,0.04112657532095909,-0.0764721930027008,-0.7067201733589172,0.07333485037088394,-0.184605211019516,-0.982812762260437,0.03916441649198532,-0.3291056156158447,-0.9242672324180603,0.010145516134798527,-0.3893233835697174,-0.7873595356941223,0.005594938527792692,-0.0749238133430481,-0.7013134956359863,0.016566522419452667,-0.18132217228412628,-0.9306617379188538,-0.0025149162393063307,-0.30433717370033264,-0.9121667146682739,-0.007071029860526323,-0.3729183077812195,-0.7960671782493591,-0.0003959833411499858
C,0.0,0.0,0.0,-0.21374794840812683,-0.10967915505170822,0.03446369245648384,-0.3570552170276642,-0.3060278296470642,0.04997778311371803,-0.4713026285171509,-0.47838589549064636,0.02932836301624775,-0.5254776477813721,-0.6579647660255432,0.0181407630443573,-0.15981946885585785,-0.6621918082237244,0.2297607958316803,-0.23008301854133606,-0.8972831964492798,0.21304510533809662,-0.3336462080478668,-0.8956744074821472,0.1689465194940567,-0.4007434844970703,-0.8035024404525757,0.14657312631607056,-0.114950992166996,-0.697742223739624,0.17897239327430725,-0.2004476636648178,-0.9667673707008362,0.16575327515602112,-0.3364337384700775,-0.9364635348320007,0.11717628687620163,-0.408893346786499,-0.8232548236846924,0.0930745080113411,-0.08497194200754166,-0.7162682414054871,0.10860643535852432,-0.17655612528324127,-0.9842905402183533,0.09150857478380203,-0.31978440284729004,-0.9427917003631592,0.06256663799285889,-0.3925935924053192,-0.8142983317375183,0.053454890847206116,-0.07862268388271332,-0.7173643112182617,0.03459034115076065,-0.16494803130626678,-0.9489938020706177,0.03410523384809494,-0.2882336378097534,-0.9433927536010742,0.03596222773194313,-0.3681061863899231,-0.8357828259468079,0.04233218729496002
C,0.0,0.0,0.0,-0.20458415150642395,-0.09097208082675934,-0.0793185904622078,-0.3655488193035126,-0.29178470373153687,-0.10501135885715485,-0.48766639828681946,-0.4853017330169678,-0.12826025485992432,-0.5386397838592529,-0.6604475975036621,-0.13408905267715454,-0.1370459496974945,-0.6388723850250244,0.02740824781358242,-0.22648276388645172,-0.9138145446777344,-0.02030702866613865,-0.3519458770751953,-0.9143718481063843,-0.06512995809316635,-0.42774543166160583,-0.8185437917709351,-0.08211115002632141,-0.08751274645328522,-0.6797133088111877,0.051945000886917114,-0.20096652209758759,-0.971436619758606,0.009405899792909622,-0.344027578830719,-0.938959538936615,-0.03053615801036358,-0.4167731702327728,-0.8244373202323914,-0.04243211820721626,-0.06441514939069748,-0.6974741816520691,0.058763690292835236,-0.19108575582504272,-0.967215359210968,0.014911042526364326,-0.33072906732559204,-0.9245298504829407,-0.015789736062288284,-0.3992958068847656,-0.8030911684036255,-0.017245709896087646,-0.0645877867937088,-0.694061279296875,0.058378640562295914,-0.17965075373649597,-0.9094387888908386,0.030794991180300713,-0.30015549063682556,-0.9138739109039307,0.017969651147723198,-0.37486645579338074,-0.823393702507019,0.02304920367896557
C,0.0,0.0,0.0,-0.2176913619041443,-0.0929364562034607,0.010553461499512196,-0.3723861277103424,-0.29684609174728394,0.02949513867497444,-0.4949311316013336,-0.47972002625465393,0.025358043611049652,-0.5544846653938293,-0.664411187171936,0.03200448304414749,-0.15140485763549805,-0.6590718030929565,0.2112252563238144,-0.24479076266288757,-0.9189655184745789,0.2316848635673523,-0.36445826292037964,-0.9119986295700073,0.21632908284664154,-0.4386407434940338,-0.8072587847709656,0.21301975846290588,-0.09967698156833649,-0.6938828825950623,0.1947013884782791,-0.21123886108398438,-0.9750308394432068,0.22674544155597687,-0.3551805913448334,-0.9347977042198181,0.20142817497253418,-0.42228075861930847,-0.8207722306251526,0.19077520072460175,-0.07731562107801437,-0.7046018242835999,0.1607668101787567,-0.20002275705337524,-0.973829984664917,0.1851222664117813,-0.3417036831378937,-0.931346595287323,0.16752034425735474,-0.4071531593799591,-0.8098838329315186,0.1609715074300766,-0.08484423160552979,-0.6964755058288574,0.12258601188659668,-0.19791339337825775,-0.9239782094955444,0.1467551290988922,-0.32155200839042664,-0.9223616123199463,0.15207190811634064,-0.39669716358184814,-0.8233515024185181,0.1604623794555664
C,0.0,0.0,0.0,-0.22048640251159668,-0.11165011674165726,0.049789831042289734,-0.3665826618671417,-0.30592796206474304,0.07624614238739014,-0.4794941246509552,-0.47621673345565796,0.06470814347267151,-0.5353463292121887,-0.6504009962081909,0.061043839901685715,-0.1689072847366333,-0.6658206582069397,0.2530270218849182,-0.25364574790000916,-0.8959249258041382,0.2538607716560364,-0.3553464412689209,-0.889748215675354,0.2206445336341858,-0.41502460837364197,-0.7903972864151001,0.20515076816082,-0.12189745157957077,-0.7030593156814575,0.2000172734260559,-0.21896541118621826,-0.9657947421073914,0.20626603066921234,-0.3542785942554474,-0.9331565499305725,0.16520269215106964,-0.4193853437900543,-0.8148072957992554,0.1446690857410431,-0.09305040538311005,-0.7190210223197937,0.1290551722049713,-0.1963977813720703,-0.9805242419242859,0.12765975296497345,-0.3378106951713562,-0.9328601360321045,0.1039176657795906,-0.4009561538696289,-0.7981705665588379,0.0962221622467041,-0.09152796119451523,-0.7136801481246948,0.05577753856778145,-0.18850630521774292,-0.9443566799163818,0.06309698522090912,-0.3105195164680481,-0.9343000054359436,0.06824853271245956,-0.383891224861145,-0.8211947679519653,0.07705897837877274
C,0.0,0.0,0.0,-0.21616283059120178,-0.10746018588542938,0.008739518001675606,-0.3727380633354187,-0.313055157661438,0.019528280943632126,-0.48863840103149414,-0.4924396574497223,0.0057069831527769566,-0.5524699091911316,-0.6570831537246704,0.003051039529964328,-0.1642162799835205,-0.6532426476478577,0.16457019746303558,-0.24498988687992096,-0.9019447565078735,0.13944999873638153,-0.35708004236221313,-0.9019243121147156,0.09868713468313217,-0.4278615415096283,-0.8099938631057739,0.08121292293071747,-0.11708813905715942,-0.6942745447158813,0.13578027486801147,-0.21540826559066772,-0.9673417210578918,0.11309710890054703,-0.35249146819114685,-0.9316452741622925,0.0698036253452301,-0.4216417968273163,-0.8183112144470215,0.05280749872326851,-0.0898263156414032,-0.7140467166900635,0.08985250443220139,-0.20309923589229584,-0.9791581630706787,0.06093955412507057,-0.3450203835964203,-0.9282334446907043,0.030443891882896423,-0.41131728887557983,-0.7990680932998657,0.025538722053170204,-0.08926501870155334,-0.7131157517433167,0.04125261679291725,-0.19828489422798157,-0.9327577948570251,0.030268196016550064,-0.3235522508621216,-0.917007327079773,0.027702800929546356,-0.39788901805877686,-0.8044880032539368,0.03569278493523598
C,0.0,0.0,0.0,-0.21493592858314514,-0.11357686668634415,0.01705106906592846,-0.3637898564338684,-0.314694881439209,0.028168870136141777,-0.4763496518135071,-0.4943755269050598,0.009036596864461899,-0.5349178314208984,-0.6728599071502686,-7.734786777291447e-06,-0.1524948924779892,-0.6592587828636169,0.20041082799434662,-0.22895817458629608,-0.9096775650978088,0.18077227473258972,-0.33986085653305054,-0.9113806486129761,0.13838863372802734,-0.4114172160625458,-0.8177464008331299,0.11798723042011261,-0.10846994817256927,-0.6973448991775513,0.16230903565883636,-0.20370571315288544,-0.9666160345077515,0.14746248722076416,-0.34136611223220825,-0.9373282194137573,0.10108129680156708,-0.4103517532348633,-0.8257567882537842,0.0789685994386673,-0.08178003132343292,-0.7158998847007751,0.1048666313290596,-0.18577231466770172,-0.9825928211212158,0.08492074906826019,-0.32857316732406616,-0.9379213452339172,0.056901928037405014,-0.39576539397239685,-0.810126543045044,0.04990429803729057,-0.07838675379753113,-0.7143673300743103,0.04341797158122063,-0.17609982192516327,-0.9426469206809998,0.038159724324941635,-0.3038623034954071,-0.9338367581367493,0.03784443810582161,-0.38256070017814636,-0.8240201473236084,0.044842880219221115
C,0.0,0.0,0.0,-0.2118920087814331,-0.10071262717247009,-0.0027296757325530052,-0.3691536486148834,-0.3019624352455139,0.0047739227302372456,-0.48468852043151855,-0.4858923554420471,-0.009681173600256443,-0.5407351851463318,-0.6635334491729736,-0.011900534853339195,-0.15512697398662567,-0.658755362033844,0.16933588683605194,-0.23822391033172607,-0.9148039221763611,0.15435351431369781,-0.353913813829422,-0.9089900851249695,0.11956804245710373,-0.42779791355133057,-0.8095254302024841,0.10511842370033264,-0.10814191401004791,-0.6956606507301331,0.14748471975326538,-0.20486676692962646,-0.9720850586891174,0.13943655788898468,-0.3417961895465851,-0.9367178678512573,0.10330980271100998,-0.41223451495170593,-0.825908362865448,0.08899655193090439,-0.08206996321678162,-0.7084090113639832,0.10667412728071213,-0.1889411062002182,-0.9819884300231934,0.09168649464845657,-0.3272414803504944,-0.9362404346466064,0.06750985980033875,-0.3961181938648224,-0.8138914108276367,0.0629192590713501,-0.0794612243771553,-0.7009374499320984,0.06127353385090828,-0.18387389183044434,-0.9306913614273071,0.05582522600889206,-0.3073650896549225,-0.9218630790710449,0.05422937124967575,-0.38486969470977783,-0.8189125061035156,0.06140356883406639
C,0.0,0.0,0.0,-0.22360901534557343,-0.10726887732744217,0.04023032635450363,-0.3751312792301178,-0.2978353202342987,0.06252133101224899,-0.4903920590877533,-0.4776522219181061,0.046125203371047974,-0.5490008592605591,-0.6649395227432251,0.03701988235116005,-0.18443894386291504,-0.6560716032981873,0.2611733675003052,-0.25863033533096313,-0.8757243752479553,0.26059263944625854,-0.3526555895805359,-0.8790659308433533,0.22449781000614166,-0.41287851333618164,-0.7963692545890808,0.2057100236415863,-0.1402890831232071,-0.6988129019737244,0.210027277469635,-0.22438547015190125,-0.9532639980316162,0.21361561119556427,-0.3515037000179291,-0.9261325597763062,0.16891643404960632,-0.4221998453140259,-0.8221042156219482,0.1456557959318161,-0.10693719983100891,-0.7268338799476624,0.13849425315856934,-0.20176200568675995,-0.9794345498085022,0.1298145055770874,-0.34003692865371704,-0.9341419339179993,0.10036364942789078,-0.41071635484695435,-0.8080506920814514,0.09047289192676544,-0.09310299903154373,-0.7377604842185974,0.06372786313295364,-0.1915944218635559,-0.9574921727180481,0.06849389523267746,-0.313180148601532,-0.9366576075553894,0.07254529744386673,-0.3892715871334076,-0.8177675604820251,0.08027221262454987
C,0.0,0.0,0.0,-0.20412442088127136,-0.08011501282453537,-0.061146486550569534,-0.36860889196395874,-0.2806676924228668,-0.07442565262317657,-0.4939592182636261,-0.4813162386417389,-0.09464246034622192,-0.5500323176383972,-0.6753460168838501,-0.09894002228975296,-0.13881251215934753,-0.6453205347061157,0.10626152902841568,-0.23258830606937408,-0.9090425968170166,0.0795622318983078,-0.35295283794403076,-0.9070737957954407,0.039366018027067184,-0.4288811683654785,-0.8112291097640991,0.022385865449905396,-0.0969414934515953,-0.6860147714614868,0.11796705424785614,-0.20427167415618896,-0.9686992168426514,0.09588394314050674,-0.3484379053115845,-0.9373318552970886,0.05289934575557709,-0.424776166677475,-0.8298960328102112,0.03649594634771347,-0.07674384117126465,-0.7043443322181702,0.10849285870790482,-0.19622167944908142,-0.9733099341392517,0.07905616611242294,-0.33558088541030884,-0.9337615966796875,0.045622143894433975,-0.4062768220901489,-0.8174611926078796,0.03936805576086044,-0.07785508781671524,-0.700558066368103,0.09103474766016006,-0.19125370681285858,-0.9204740524291992,0.07315896451473236,-0.3154754340648651,-0.9179067015647888,0.06181659922003746,-0.39111611247062683,-0.8225374817848206,0.06521006673574448
C,0.0,0.0,0.0,-0.21102701127529144,-0.09253764152526855,0.01570436730980873,-0.3599872887134552,-0.2923833131790161,0.03157970309257507,-0.47507938742637634,-0.47609081864356995,0.019141344353556633,-0.5361266136169434,-0.6519911289215088,0.016288209706544876,-0.14482030272483826,-0.64383864402771,0.1983102560043335,-0.22984282672405243,-0.8890386819839478,0.18276944756507874,-0.33646929264068604,-0.8907281756401062,0.14243941009044647,-0.4040978252887726,-0.7999117970466614,0.12295710295438766,-0.10170914977788925,-0.6910161375999451,0.1635250747203827,-0.20267558097839355,-0.9623013138771057,0.15064360201358795,-0.3391471803188324,-0.9319685697555542,0.10156846791505814,-0.4124141335487366,-0.8191493153572083,0.07759352773427963,-0.073629230260849,-0.7157773971557617,0.11029139906167984,-0.18747290968894958,-0.9822697639465332,0.0896041989326477,-0.32766005396842957,-0.935183584690094,0.054104797542095184,-0.39622753858566284,-0.8087119460105896,0.041950859129428864,-0.06902407109737396,-0.7191382646560669,0.05385918915271759,-0.1819838136434555,-0.9391113519668579,0.04644326865673065,-0.3062169849872589,-0.9211728572845459,0.04116508364677429,-0.3802706301212311,-0.808049738407135,0.04453758895397186
C,0.0,0.0,0.0,-0.22491663694381714,-0.10289572924375534,0.0623185858130455,-0.37641575932502747,-0.3023637533187866,0.09444262087345123,-0.48740139603614807,-0.4806240200996399,0.08209898322820663,-0.5453896522521973,-0.6684496998786926,0.07527511566877365,-0.1571987122297287,-0.6510301232337952,0.30219292640686035,-0.2357008457183838,-0.8718070983886719,0.3209531903266907,-0.3398524522781372,-0.8835011124610901,0.29287171363830566,-0.4095587134361267,-0.8078516125679016,0.27623188495635986,-0.1125878170132637,-0.6959064602851868,0.23927535116672516,-0.2066255807876587,-0.9488151669502258,0.26413536071777344,-0.3442533612251282,-0.9284776449203491,0.22236987948417664,-0.41762733459472656,-0.8326687216758728,0.1964571475982666,-0.08425985276699066,-0.726061224937439,0.15674541890621185,-0.18740418553352356,-0.9822828769683838,0.16868339478969574,-0.3323832154273987,-0.943141758441925,0.14285601675510406,-0.40482237935066223,-0.8213759064674377,0.1291600614786148,-0.08186706900596619,-0.7378566861152649,0.07145065069198608,-0.18369022011756897,-0.9627916216850281,0.09064266085624695,-0.3123766779899597,-0.9440813064575195,0.09913020581007004,-0.3929349184036255,-0.8232665657997131,0.1059684231877327
C,0.0,0.0,0.0,-0.21475934982299805,-0.11448448896408081,0.03613379970192909,-0.3696742057800293,-0.3115066587924957,0.058884646743535995,-0.48675498366355896,-0.491741418838501,0.045195259153842926,-0.5432820320129395,-0.6827058792114258,0.039924610406160355,-0.15965399146080017,-0.6535645127296448,0.26027992367744446,-0.23964084684848785,-0.8782930374145508,0.26618462800979614,-0.34074652194976807,-0.8862501978874207,0.23422370851039886,-0.4100746512413025,-0.810728907585144,0.21742479503154755,-0.11547578871250153,-0.7006027698516846,0.2142103910446167,-0.2072887271642685,-0.9486518502235413,0.22918623685836792,-0.33789175748825073,-0.9337239265441895,0.18918971717357635,-0.4117518663406372,-0.8447553515434265,0.16613885760307312,-0.08687831461429596,-0.7289459109306335,0.14756713807582855,-0.1890266090631485,-0.9771532416343689,0.15034037828445435,-0.3284222483634949,-0.9445310235023499,0.12447220087051392,-0.40208297967910767,-0.8332436084747314,0.11359784007072449,-0.08146153390407562,-0.7376916408538818,0.07699459046125412,-0.1830924153327942,-0.9532963633537292,0.08896858990192413,-0.30549687147140503,-0.938094973564148,0.0931193083524704,-0.3824884295463562,-0.8295884132385254,0.09928051382303238
C,0.0,0.0,0.0,-0.21645767986774445,-0.10919245332479477,0.04550802707672119,-0.36731770634651184,-0.306820809841156,0.06995867192745209,-0.4802156686782837,-0.48271816968917847,0.05358940362930298,-0.536267101764679,-0.6746006608009338,0.04415439814329147,-0.1718980371952057,-0.6571902632713318,0.2732086181640625,-0.24121037125587463,-0.8850710988044739,0.27529582381248474,-0.34242331981658936,-0.8926194310188293,0.23770837485790253,-0.414075642824173,-0.8126004338264465,0.21584101021289825,-0.12677039206027985,-0.6992449760437012,0.21557067334651947,-0.21263344585895538,-0.9513117074966431,0.21932275593280792,-0.34631526470184326,-0.9302465915679932,0.17011268436908722,-0.4207936227321625,-0.8220809102058411,0.14264822006225586,-0.09524941444396973,-0.7255972623825073,0.13738404214382172,-0.18799053132534027,-0.982170820236206,0.13139280676841736,-0.32846599817276,-0.9385446906089783,0.1033516451716423,-0.4016932547092438,-0.8103433847427368,0.09254699945449829,-0.0831127017736435,-0.7333400249481201,0.05543803051114082,-0.17500288784503937,-0.9577356576919556,0.06082121655344963,-0.30242252349853516,-0.9459834098815918,0.06474132090806961,-0.3866729438304901,-0.8342110514640808,0.07111366093158722
C,0.0,0.0,0.0,-0.20804458856582642,-0.10928758978843689,-0.00025180348893627524,-0.36673033237457275,-0.2991900146007538,0.008638306520879269,-0.48866549134254456,-0.48081862926483154,-0.007482609245926142,-0.5476398468017578,-0.6614437103271484,-0.012687595561146736,-0.15717539191246033,-0.6536227464675903,0.18380680680274963,-0.24799413979053497,-0.896228551864624,0.16542550921440125,-0.35693082213401794,-0.889560341835022,0.1258716732263565,-0.4228139817714691,-0.7942606210708618,0.10789494216442108,-0.11077853292226791,-0.697494626045227,0.1582571268081665,-0.22029303014278412,-0.9630450010299683,0.13978512585163116,-0.35911110043525696,-0.9200927019119263,0.09239483624696732,-0.4285522699356079,-0.8004105091094971,0.07249660789966583,-0.08457987755537033,-0.72089684009552,0.11317316442728043,-0.20441678166389465,-0.9788839221000671,0.08437837660312653,-0.34433314204216003,-0.9177560210227966,0.05069567263126373,-0.4083890914916992,-0.7831169366836548,0.04429556801915169,-0.08209233731031418,-0.7222378849983215,0.06425046175718307,-0.19162386655807495,-0.9410871863365173,0.05059048533439636,-0.31464579701423645,-0.921027660369873,0.04534051567316055,-0.38686832785606384,-0.8085149526596069,0.05193831026554108
C,0.0,0.0,0.0,-0.1931610256433487,-0.08507081866264343,-0.1517164558172226,-0.3680098056793213,-0.30144309997558594,-0.17741109430789948,-0.5034013390541077,-0.48376020789146423,-0.17483915388584137,-0.5691270232200623,-0.6719156503677368,-0.15050995349884033,-0.152272567152977,-0.6525179743766785,0.00731491856276989,-0.2609085142612457,-0.9276805520057678,0.023387014865875244,-0.38213956356048584,-0.924104630947113,0.015504458919167519,-0.46170347929000854,-0.8281245827674866,0.018893377855420113,-0.11311599612236023,-0.6726011633872986,0.10385145992040634,-0.22828790545463562,-0.9548072814941406,0.13659213483333588,-0.366163045167923,-0.9300681352615356,0.11808574199676514,-0.44091659784317017,-0.8161815404891968,0.11165376007556915,-0.10386147350072861,-0.6674894690513611,0.18182149529457092,-0.2185085266828537,-0.9213977456092834,0.20788580179214478,-0.34486252069473267,-0.8883541226387024,0.18110814690589905,-0.4135192334651947,-0.7893012166023254,0.16935279965400696,-0.11053387820720673,-0.6543562412261963,0.24746926128864288,-0.20882226526737213,-0.8650627732276917,0.27016881108283997,-0.3203888237476349,-0.8747638463973999,0.2625187039375305,-0.39361175894737244,-0.8084955811500549,0.26257050037384033
C,0.0,0.0,0.0,-0.1903250366449356,-0.09075623750686646,-0.10992918163537979,-0.35409069061279297,-0.29947221279144287,-0.1396942287683487,-0.4838351011276245,-0.4941940903663635,-0.15836013853549957,-0.5449578166007996,-0.6720646023750305,-0.15726862847805023,-0.1389017105102539,-0.639929473400116,0.004092033486813307,-0.23964782059192657,-0.9266942739486694,-0.03783196583390236,-0.3672764003276825,-0.9103224277496338,-0.07794979214668274,-0.43893033266067505,-0.8076178431510925,-0.09293618053197861,-0.10036992281675339,-0.6822775602340698,0.04895409196615219,-0.22660724818706512,-0.9739862084388733,0.013329707086086273,-0.37023913860321045,-0.9272596836090088,-0.023278549313545227,-0.43693938851356506,-0.8083348870277405,-0.034323688596487045,-0.08575423806905746,-0.6976166367530823,0.07442297786474228,-0.2219506800174713,-0.9631786942481995,0.03403342887759209,-0.35600030422210693,-0.9067167639732361,0.0028722560964524746,-0.4144170582294464,-0.7871673107147217,-0.0009722442482598126,-0.08976508677005768,-0.6910386085510254,0.09076060354709625,-0.20692257583141327,-0.9005019664764404,0.06324043869972229,-0.32374125719070435,-0.8851273059844971,0.04893706366419792,-0.388778418302536,-0.7859175801277161,0.051856182515621185
C,0.0,0.0,0.0,-0.17880120873451233,-0.06040911003947258,-0.03501516580581665,-0.3293364644050598,-0.26525595784187317,-0.04723259434103966,-0.441480815410614,-0.4630722999572754,-0.07437528669834137,-0.4882217049598694,-0.644207239151001,-0.08492791652679443,-0.1334601640701294,-0.6176032423973083,0.08497142791748047,-0.18873082101345062,-0.9123096466064453,0.023691702634096146,-0.3164924085140228,-0.8738494515419006,-0.02561153471469879,-0.38192370533943176,-0.7545155882835388,-0.044725943356752396,-0.09322142601013184,-0.6585124135017395,0.06972594559192657,-0.1717691421508789,-0.979109525680542,0.011160572990775108,-0.3227534890174866,-0.9090988039970398,-0.02572685107588768,-0.3811463713645935,-0.7721225619316101,-0.030284522101283073,-0.06668201833963394,-0.6751401424407959,0.034203656017780304,-0.15801553428173065,-0.9874366521835327,-0.023315057158470154,-0.30477190017700195,-0.9099565148353577,-0.04542708769440651,-0.3607912063598633,-0.7685083150863647,-0.038284990936517715,-0.052759576588869095,-0.6720142364501953,-0.007623882498592138,-0.15272818505764008,-0.9084042906761169,-0.04734055697917938,-0.27926313877105713,-0.8855985403060913,-0.059000156819820404,-0.34532615542411804,-0.7756044864654541,-0.051964808255434036
C,0.0,0.0,0.0,-0.18722563982009888,-0.09613855928182602,0.005574898794293404,-0.32667210698127747,-0.31379884481430054,0.009561203420162201,-0.43508419394493103,-0.49088025093078613,-0.0148361437022686,-0.46263158321380615,-0.6676627993583679,-0.025191087275743484,-0.14410562813282013,-0.6410848498344421,0.15091392397880554,-0.18755047023296356,-0.9182111620903015,0.09991887956857681,-0.30117297172546387,-0.8905096054077148,0.05340349301695824,-0.35521364212036133,-0.7781206369400024,0.03459148481488228,-0.10097907483577728,-0.6687067151069641,0.10975909978151321,-0.15098294615745544,-0.9843283295631409,0.05625418946146965,-0.29545193910598755,-0.9279777407646179,0.014779264107346535,-0.3543489873409271,-0.7956933379173279,0.0067361341789364815,-0.06624923646450043,-0.6793315410614014,0.04836849495768547,-0.12440859526395798,-0.992231011390686,-0.007190001662820578,-0.2761364281177521,-0.9225088357925415,-0.033654164522886276,-0.33901336789131165,-0.7805564999580383,-0.029490860179066658,-0.05328943207859993,-0.6755928993225098,-0.01694667711853981,-0.13619478046894073,-0.9173732399940491,-0.052757084369659424,-0.26271551847457886,-0.8925732970237732,-0.06235479190945625,-0.32971981167793274,-0.7772102355957031,-0.055342912673950195
C,0.0,0.0,0.0,-0.17790426313877106,-0.0846649631857872,0.0003060164744965732,-0.325635701417923,-0.29487699270248413,-0.0015894817188382149,-0.43500879406929016,-0.47954365611076355,-0.03093974106013775,-0.46404144167900085,-0.6606545448303223,-0.046391811221838,-0.15288236737251282,-0.6341527104377747,0.1355385184288025,-0.19845016300678253,-0.9180434346199036,0.0775718241930008,-0.30616524815559387,-0.8916547894477844,0.026876436546444893,-0.36336755752563477,-0.7942599058151245,0.005734534468501806,-0.1093173548579216,-0.6625404357910156,0.09544454514980316,-0.16972729563713074,-0.9854910969734192,0.032730862498283386,-0.31091609597206116,-0.9228616952896118,-0.009770923294126987,-0.37254098057746887,-0.7956506013870239,-0.01617821864783764,-0.07422611862421036,-0.6721436977386475,0.03543119877576828,-0.1427384614944458,-0.9870657324790955,-0.027404502034187317,-0.2881525158882141,-0.9065538644790649,-0.05129876360297203,-0.3491119146347046,-0.7662158608436584,-0.04294823482632637,-0.05513124540448189,-0.6652220487594604,-0.02868436649441719,-0.13656949996948242,-0.9124597311019897,-0.06638996303081512,-0.25892817974090576,-0.8843508362770081,-0.07350559532642365,-0.3249031901359558,-0.7719520330429077,-0.06392692774534225
C,0.0,0.0,0.0,-0.18631795048713684,-0.09703539311885834,0.0009592411806806922,-0.33679819107055664,-0.3024500906467438,0.0019204453565180302,-0.4470956027507782,-0.4852405786514282,-0.023337997496128082,-0.4720792770385742,-0.6688370704650879,-0.03703261911869049,-0.16956597566604614,-0.6262746453285217,0.14204631745815277,-0.2139969766139984,-0.8933572769165039,0.08998724818229675,-0.31426167488098145,-0.9112240672111511,0.03864575922489166,-0.3776111900806427,-0.8494458198547363,0.01645161211490631,-0.1231442391872406,-0.656816840171814,0.10444075614213943,-0.17877763509750366,-0.9691215753555298,0.04758301377296448,-0.3135523498058319,-0.949570894241333,-0.0016135565238073468,-0.3853352665901184,-0.8448596000671387,-0.015366419218480587,-0.08322208374738693,-0.6662887334823608,0.047688212245702744,-0.14924737811088562,-0.9666760563850403,-0.01367386244237423,-0.28905385732650757,-0.9053074717521667,-0.04562058672308922,-0.3536927103996277,-0.7723540663719177,-0.04242192208766937,-0.05867750197649002,-0.6566171646118164,-0.012279914692044258,-0.13422854244709015,-0.9019923210144043,-0.04807605594396591,-0.24838238954544067,-0.8975113034248352,-0.057711973786354065,-0.31681692600250244,-0.8016254305839539,-0.04996272921562195
C,0.0,0.0,0.0,-0.18742771446704865,-0.13311134278774261,-0.004072216339409351,-0.33778607845306396,-0.3424740731716156,-0.008752957917749882,-0.4441700577735901,-0.5319416522979736,-0.03802107274532318,-0.4533715844154358,-0.7201507091522217,-0.055082742124795914,-0.16346067190170288,-0.6320878267288208,0.1352957934141159,-0.20158618688583374,-0.8968735337257385,0.075129434466362,-0.3070933520793915,-0.9102503061294556,0.013894941657781601,-0.37698569893836975,-0.8317349553108215,-0.014551890082657337,-0.11184792965650558,-0.6641339063644409,0.10045718401670456,-0.15107646584510803,-0.968688428401947,0.041006676852703094,-0.2838282585144043,-0.9588751196861267,-0.011587000451982021,-0.35814356803894043,-0.8467904925346375,-0.02910788170993328,-0.07150966674089432,-0.6729016304016113,0.04568413645029068,-0.12067711353302002,-0.9769322276115417,-0.008287151344120502,-0.25936031341552734,-0.9477466344833374,-0.03803013637661934,-0.3315317630767822,-0.8234043121337891,-0.03711306303739548,-0.04662330821156502,-0.6583897471427917,-0.01380507368594408,-0.1124207153916359,-0.8987500071525574,-0.04511556029319763,-0.22729559242725372,-0.9209681749343872,-0.054921407252550125,-0.3044743835926056,-0.8416800498962402,-0.04873847961425781
C,0.0,0.0,0.0,-0.19633737206459045,-0.1347678154706955,-0.0021242680959403515,-0.35266923904418945,-0.34718018770217896,-0.005190051626414061,-0.46121418476104736,-0.5382189750671387,-0.03370094299316406,-0.479065477848053,-0.7243668437004089,-0.04870961606502533,-0.17322668433189392,-0.6416789889335632,0.13835202157497406,-0.22250233590602875,-0.9022671580314636,0.08406960964202881,-0.32259756326675415,-0.8976069092750549,0.030999841168522835,-0.37069886922836304,-0.8047735095024109,0.007968354970216751,-0.1195211261510849,-0.6766042113304138,0.10298715531826019,-0.16626261174678802,-0.9825006127357483,0.049156252294778824,-0.2951411008834839,-0.9544461965560913,0.006016475614160299,-0.3505839705467224,-0.8326066732406616,-0.0045564183965325356,-0.07755830138921738,-0.6882842183113098,0.04747588932514191,-0.12828466296195984,-0.9917373657226562,-0.0012933067046105862,-0.2661891579627991,-0.9594093561172485,-0.025229476392269135,-0.3251253664493561,-0.829580545425415,-0.021331194788217545,-0.05274446681141853,-0.6760204434394836,-0.013130483217537403,-0.1131705641746521,-0.9154011011123657,-0.04159928113222122,-0.22773104906082153,-0.9332747459411621,-0.04964568093419075,-0.2963264584541321,-0.8475755453109741,-0.042339593172073364
C,0.0,0.0,0.0,-0.1931331306695938,-0.12954750657081604,-0.006780791096389294,-0.3438955843448639,-0.33574557304382324,-0.012563250958919525,-0.4476899802684784,-0.5293949842453003,-0.0436699204146862,-0.4576612412929535,-0.7181264162063599,-0.06142012029886246,-0.17166338860988617,-0.6467870473861694,0.1335761845111847,-0.22004593908786774,-0.9012215733528137,0.07502555102109909,-0.31936538219451904,-0.8772270083427429,0.019329572096467018,-0.362652063369751,-0.7726775407791138,-0.004772945307195187,-0.11666566878557205,-0.6804649829864502,0.09914971143007278,-0.15559953451156616,-0.9847139120101929,0.043069325387477875,-0.2815028131008148,-0.9411553740501404,-0.00021544820629060268,-0.3324500620365143,-0.8112422823905945,-0.010092844255268574,-0.07095672935247421,-0.6907190084457397,0.043979763984680176,-0.11507485061883926,-0.9933568239212036,-0.010499515570700169,-0.24863314628601074,-0.9483993649482727,-0.03553669899702072,-0.3011106550693512,-0.8127583265304565,-0.030571168288588524,-0.042040351778268814,-0.6782433986663818,-0.0163981094956398,-0.1038760393857956,-0.9217703342437744,-0.050623584538698196,-0.2158164083957672,-0.9263278841972351,-0.058541521430015564,-0.27928030490875244,-0.8261746764183044,-0.04950921982526779
C,0.0,0.0,0.0,-0.18583880364894867,-0.13960611820220947,-0.03756716847419739,-0.3506563901901245,-0.35272249579429626,-0.049020055681467056,-0.4687283933162689,-0.5563355088233948,-0.06936148554086685,-0.4953099489212036,-0.7446725964546204,-0.07375071197748184,-0.1549624353647232,-0.6095633506774902,0.06508789211511612,-0.21221424639225006,-0.9063541889190674,0.01948430761694908,-0.31445661187171936,-0.9217045903205872,-0.0153274517506361,-0.3696015775203705,-0.8349179029464722,-0.023013805970549583,-0.11015385389328003,-0.6561000943183899,0.06395970284938812,-0.16754688322544098,-0.9823240041732788,0.02104700729250908,-0.2970529794692993,-0.9519979357719421,-0.00555199570953846,-0.3564887046813965,-0.8292848467826843,-0.00287398393265903,-0.08390213549137115,-0.6830666065216064,0.04604856297373772,-0.15929853916168213,-0.9872304201126099,0.005595122464001179,-0.2868034541606903,-0.9447272419929504,-0.013337556272745132,-0.338909387588501,-0.8132243752479553,-0.004967234097421169,-0.07505200058221817,-0.6883636713027954,0.023528240621089935,-0.15151040256023407,-0.9244136810302734,0.00041015719762071967,-0.2602998912334442,-0.9296810626983643,-0.0065290736965835094,-0.32182031869888306,-0.8321430683135986,0.0036788953002542257
C,0.0,0.0,0.0,-0.17973965406417847,-0.13873745501041412,-0.0641811192035675,-0.34718912839889526,-0.3440484404563904,-0.07763467729091644,-0.4648272693157196,-0.5430911779403687,-0.09132182598114014,-0.4951675832271576,-0.7259483933448792,-0.08806334435939789,-0.16233761608600616,-0.6146113276481628,0.05072998255491257,-0.22649678587913513,-0.8979010581970215,0.0051863230764865875,-0.3249761164188385,-0.9173195362091064,-0.0352109931409359,-0.37280818819999695,-0.8303247094154358,-0.04595685377717018,-0.11815543472766876,-0.66265869140625,0.07070539891719818,-0.17827320098876953,-0.9760753512382507,0.02712150476872921,-0.29648730158805847,-0.9550367593765259,-0.010507036931812763,-0.34753990173339844,-0.8274638056755066,-0.014403916895389557,-0.08927332609891891,-0.6872440576553345,0.07284816354513168,-0.16242966055870056,-0.9682981967926025,0.03611534461379051,-0.2756567895412445,-0.9427218437194824,0.004606504458934069,-0.31976646184921265,-0.8228103518486023,0.0047948118299245834,-0.07283085584640503,-0.6836641430854797,0.068687304854393,-0.14526678621768951,-0.9009575247764587,0.05033954605460167,-0.24456970393657684,-0.9274108409881592,0.036250922828912735,-0.3019183874130249,-0.8540700674057007,0.041256703436374664
C,0.0,0.0,0.0,-0.1838366836309433,-0.15393207967281342,-0.0067025539465248585,-0.33554404973983765,-0.34216660261154175,-0.015130404382944107,-0.4431499242782593,-0.5210677981376648,-0.04403227940201759,-0.4726347327232361,-0.6936142444610596,-0.060067176818847656,-0.1364673227071762,-0.6451196670532227,0.10587647557258606,-0.19279059767723083,-0.9121384620666504,0.050421614199876785,-0.30060887336730957,-0.905699610710144,-0.0028460733592510223,-0.3610043525695801,-0.8071545958518982,-0.023716041818261147,-0.08998144418001175,-0.6804996132850647,0.07997839152812958,-0.14700205624103546,-0.9891361594200134,0.029830757528543472,-0.27734553813934326,-0.9551684260368347,-0.01077258214354515,-0.33752480149269104,-0.8238081336021423,-0.020075567066669464,-0.05929616838693619,-0.6922590136528015,0.03702322021126747,-0.11913640052080154,-0.9831960797309875,-0.001783271785825491,-0.24907183647155762,-0.9447294473648071,-0.02210300974547863,-0.3064652681350708,-0.81396484375,-0.017887720838189125,-0.04495171457529068,-0.6775977611541748,-0.010408029891550541,-0.10097450762987137,-0.9093677401542664,-0.02839748002588749,-0.20969989895820618,-0.930482804775238,-0.031035088002681732,-0.28072813153266907,-0.847541868686676,-0.02030958980321884
C,0.0,0.0,0.0,-0.1836613565683365,-0.15469758212566376,0.017718371003866196,-0.3364272713661194,-0.3528679609298706,0.0179307721555233,-0.4525868594646454,-0.5309914946556091,-0.007846773602068424,-0.4859151840209961,-0.7140860557556152,-0.022974899038672447,-0.12553946673870087,-0.6144890189170837,0.13189050555229187,-0.16899405419826508,-0.8994157910346985,0.08737748861312866,-0.275267094373703,-0.9273513555526733,0.0434122309088707,-0.3506923019886017,-0.8534129858016968,0.028047356754541397,-0.08095292001962662,-0.6522430777549744,0.09320249408483505,-0.13086992502212524,-0.9770823121070862,0.04673678055405617,-0.26801231503486633,-0.9634155035018921,0.005881853401660919,-0.34490224719047546,-0.8417761325836182,-0.002877012128010392,-0.055792007595300674,-0.6738077402114868,0.0395711287856102,-0.11713840067386627,-0.9772177934646606,0.0018754469929262996,-0.25387927889823914,-0.9489130973815918,-0.021887538954615593,-0.3236022889614105,-0.8248166441917419,-0.0188750009983778,-0.05094598978757858,-0.6770013570785522,-0.015503191389143467,-0.1170165091753006,-0.9158201217651367,-0.0302606001496315,-0.22747427225112915,-0.930487334728241,-0.03289348632097244,-0.30024969577789307,-0.842438817024231,-0.022737829014658928
C,0.0,0.0,0.0,-0.1819612830877304,-0.1347314417362213,-0.004502554424107075,-0.33247068524360657,-0.3319830596446991,-0.01559386309236288,-0.44499751925468445,-0.5175182223320007,-0.046306923031806946,-0.4716179668903351,-0.7015606760978699,-0.06411724537611008,-0.12592709064483643,-0.6161636710166931,0.0871100202202797,-0.16456972062587738,-0.9131611585617065,0.027890536934137344,-0.28000810742378235,-0.9218533039093018,-0.0210554376244545,-0.35839030146598816,-0.8259251713752747,-0.03783731535077095,-0.0805884376168251,-0.6517556309700012,0.05805065855383873,-0.12847812473773956,-0.9889799356460571,0.001376214437186718,-0.2707045078277588,-0.9626624584197998,-0.037062324583530426,-0.3455454409122467,-0.8298401832580566,-0.04296009615063667,-0.05242926627397537,-0.6689051389694214,0.013425727374851704,-0.11406759172677994,-0.9778934717178345,-0.03410278260707855,-0.25470641255378723,-0.9427527785301208,-0.058067258447408676,-0.3250526785850525,-0.8134490847587585,-0.05427674949169159,-0.0418638177216053,-0.6675950288772583,-0.03396068513393402,-0.10997914522886276,-0.9070612192153931,-0.058931514620780945,-0.22753261029720306,-0.9153009057044983,-0.06492742896080017,-0.30486559867858887,-0.821971595287323,-0.0557592548429966
C,0.0,0.0,0.0,-0.19374801218509674,-0.1296185553073883,-0.021377960219979286,-0.3414839506149292,-0.3160471022129059,-0.04064048454165459,-0.4520310163497925,-0.4935533404350281,-0.08102090656757355,-0.4758792817592621,-0.6761965751647949,-0.1071881353855133,-0.15306009352207184,-0.6493791341781616,0.09727903455495834,-0.18977169692516327,-0.9224289655685425,0.030790362507104874,-0.2953014671802521,-0.9156749844551086,-0.028834417462348938,-0.36074140667915344,-0.811143159866333,-0.053899265825748444,-0.09922876209020615,-0.6834738254547119,0.0715799406170845,-0.15452128648757935,-0.9879894256591797,0.011073713190853596,-0.28870517015457153,-0.9524917602539062,-0.0356430858373642,-0.35253918170928955,-0.8218828439712524,-0.05005115643143654,-0.060050420463085175,-0.6972746849060059,0.026221517473459244,-0.12234746664762497,-0.9901331067085266,-0.029356658458709717,-0.25753939151763916,-0.9378801584243774,-0.055107999593019485,-0.3174898028373718,-0.7926384806632996,-0.05238015204668045,-0.03829248994588852,-0.6909121870994568,-0.024634039029479027,-0.09896046668291092,-0.9268016219139099,-0.05641500651836395,-0.21194866299629211,-0.9318851828575134,-0.062148965895175934,-0.28488191962242126,-0.8274086713790894,-0.05249118059873581
C,0.0,0.0,0.0,-0.18190254271030426,-0.10263606905937195,0.00022854216513223946,-0.3278968036174774,-0.28969427943229675,-0.01512056589126587,-0.43825018405914307,-0.440944105386734,-0.05311792716383934,-0.49380308389663696,-0.6025882959365845,-0.0806729793548584,-0.15967266261577606,-0.6221414804458618,0.0923338457942009,-0.1547449678182602,-0.8881843090057373,0.02373722940683365,-0.2603868842124939,-0.9233800768852234,-0.03839859738945961,-0.347236305475235,-0.8640760183334351,-0.06838952004909515,-0.10155922919511795,-0.6408138871192932,0.0473591648042202,-0.11664286255836487,-0.9519258737564087,-0.013951309025287628,-0.2511567771434784,-0.9679464101791382,-0.05704708397388458,-0.3407120406627655,-0.8754934072494507,-0.07366394251585007,-0.05683702230453491,-0.6419097781181335,-0.015212819911539555,-0.07667481154203415,-0.9520314335823059,-0.06591442227363586,-0.21522924304008484,-0.9587583541870117,-0.08571852743625641,-0.3054776191711426,-0.8665493130683899,-0.08580892533063889,-0.026797479018568993,-0.62437504529953,-0.08310596644878387,-0.0735153928399086,-0.8624745011329651,-0.11607276648283005,-0.18538963794708252,-0.898750364780426,-0.12513066828250885,-0.27350321412086487,-0.8413434028625488,-0.12309816479682922
C,0.0,0.0,0.0,-0.18923503160476685,-0.09871790558099747,0.01713656261563301,-0.3301726281642914,-0.2863960862159729,0.011469557881355286,-0.44154828786849976,-0.425912469625473,-0.02360394597053528,-0.50490802526474,-0.5795937776565552,-0.05017617344856262,-0.14745013415813446,-0.6328644156455994,0.12917418777942657,-0.15389671921730042,-0.8781340718269348,0.0764242559671402,-0.2551621198654175,-0.9149411916732788,0.024581728503108025,-0.33980196714401245,-0.8650745749473572,-0.0006133746355772018,-0.09398197382688522,-0.648480236530304,0.07351671904325485,-0.11025489866733551,-0.9536820650100708,0.02348015271127224,-0.24578967690467834,-0.9693232178688049,-0.013512521982192993,-0.34212565422058105,-0.8864151239395142,-0.024964604526758194,-0.04981422424316406,-0.6458044648170471,-0.0002828026481438428,-0.07364770025014877,-0.9602543115615845,-0.048728469759225845,-0.21940207481384277,-0.9637001752853394,-0.06691168248653412,-0.3186192512512207,-0.8738898634910583,-0.06410463154315948,-0.028651369735598564,-0.6229726672172546,-0.07853516936302185,-0.08688082545995712,-0.8651746511459351,-0.1122954785823822,-0.20566783845424652,-0.8889029026031494,-0.12006599456071854,-0.2980007231235504,-0.8226415514945984,-0.11620321869850159
C,0.0,0.0,0.0,-0.1909552812576294,-0.08401167392730713,0.009425107389688492,-0.3349947929382324,-0.2692016363143921,0.001159714418463409,-0.4455757439136505,-0.4022059142589569,-0.03427115082740784,-0.5060108304023743,-0.5539616346359253,-0.06030742824077606,-0.15325719118118286,-0.6227640509605408,0.11414247006177902,-0.16543971002101898,-0.8736615777015686,0.0632462128996849,-0.2649683654308319,-0.9086737036705017,0.015153820626437664,-0.3447563350200653,-0.862148642539978,-0.008055022917687893,-0.10167426615953445,-0.6393731236457825,0.06331301480531693,-0.12076761573553085,-0.9482283592224121,0.01309226080775261,-0.2573983073234558,-0.9663054347038269,-0.022348366677761078,-0.3497573435306549,-0.8903839588165283,-0.03222166746854782,-0.061041418462991714,-0.6370723843574524,-0.005344084929674864,-0.09491622447967529,-0.9423749446868896,-0.05304486304521561,-0.24648548662662506,-0.9409196376800537,-0.07297434657812119,-0.3446877598762512,-0.8553531169891357,-0.07157941907644272,-0.042723558843135834,-0.6167885065078735,-0.07885667681694031,-0.10226871073246002,-0.8576678037643433,-0.11039659380912781,-0.2230071723461151,-0.879828155040741,-0.11979815363883972,-0.3147798478603363,-0.8174512982368469,-0.11795131862163544
C,0.0,0.0,0.0,-0.19386787712574005,-0.09235812723636627,0.024835171177983284,-0.3357241451740265,-0.26666370034217834,0.025532804429531097,-0.4451906681060791,-0.39691463112831116,-0.004846290685236454,-0.5004884600639343,-0.5543838143348694,-0.027006443589925766,-0.1514873504638672,-0.615581214427948,0.15924854576587677,-0.1613168716430664,-0.851061224937439,0.12655521929264069,-0.25570282340049744,-0.9001171588897705,0.08454710245132446,-0.34155210852622986,-0.8718889355659485,0.06283675879240036,-0.10309262573719025,-0.6325961947441101,0.10229243338108063,-0.1172257736325264,-0.9255326390266418,0.0693608745932579,-0.24513281881809235,-0.969489574432373,0.03579363226890564,-0.3430255055427551,-0.9251117706298828,0.02355041168630123,-0.06641076505184174,-0.6304491758346558,0.02680656872689724,-0.10297819972038269,-0.9238483309745789,-0.010895025916397572,-0.24543240666389465,-0.9400740265846252,-0.029695473611354828,-0.3471910059452057,-0.8699964880943298,-0.029040945693850517,-0.0515730157494545,-0.6109392046928406,-0.05289618670940399,-0.11152125895023346,-0.8497551679611206,-0.07799883931875229,-0.22597993910312653,-0.8805065751075745,-0.08376631140708923,-0.3170846700668335,-0.8245798945426941,-0.08043217658996582
C,0.0,0.0,0.0,-0.19008207321166992,-0.0793963149189949,0.011244353838264942,-0.3308652639389038,-0.25673171877861023,0.006771937012672424,-0.44259458780288696,-0.3902537524700165,-0.02431204356253147,-0.5099180340766907,-0.5510872602462769,-0.0457717701792717,-0.14980649948120117,-0.6142510771751404,0.13527068495750427,-0.16236472129821777,-0.8499224781990051,0.09497583657503128,-0.259786993265152,-0.9022405743598938,0.048117123544216156,-0.34625568985939026,-0.8781795501708984,0.02257612906396389,-0.10339882224798203,-0.6338807344436646,0.08369427174329758,-0.11910869926214218,-0.9217755198478699,0.04628211259841919,-0.2493477165699005,-0.9684140086174011,0.012820678763091564,-0.3472558557987213,-0.920059084892273,-0.000513019971549511,-0.06839115172624588,-0.6319287419319153,0.012927010655403137,-0.09607188403606415,-0.925032913684845,-0.026583584025502205,-0.2379596084356308,-0.9589101076126099,-0.04492665454745293,-0.34138724207878113,-0.9012596011161804,-0.04594636708498001,-0.054622966796159744,-0.6118249297142029,-0.06365545839071274,-0.10699882358312607,-0.8477676510810852,-0.09472621232271194,-0.2228403091430664,-0.8927667140960693,-0.105550117790699,-0.3182135224342346,-0.8509041666984558,-0.10607405751943588
C,0.0,0.0,0.0,-0.1912367045879364,-0.08890190720558167,0.010910438373684883,-0.3312552571296692,-0.2579757869243622,0.004383943043649197,-0.4425447881221771,-0.38658884167671204,-0.029602698981761932,-0.5087553858757019,-0.5462456941604614,-0.05415020138025284,-0.14559343457221985,-0.6042320132255554,0.13715028762817383,-0.15725362300872803,-0.8472213745117188,0.09167758375406265,-0.25766822695732117,-0.9020504355430603,0.04184528440237045,-0.3461267352104187,-0.8721250295639038,0.01644779182970524,-0.09704306721687317,-0.6225351691246033,0.08509020507335663,-0.11014433950185776,-0.9202278852462769,0.04151124879717827,-0.24386711418628693,-0.9698086977005005,0.005238703452050686,-0.3451481759548187,-0.9223783612251282,-0.007831735536456108,-0.06212456524372101,-0.6222104430198669,0.013221386820077896,-0.09429197013378143,-0.91924649477005,-0.03215841203927994,-0.24138060212135315,-0.9482061266899109,-0.0524207204580307,-0.346744179725647,-0.8851330876350403,-0.0517934150993824,-0.05075672268867493,-0.6050213575363159,-0.06399573385715485,-0.10791746526956558,-0.8425635695457458,-0.09650728851556778,-0.22438640892505646,-0.8831691145896912,-0.10588720440864563,-0.3164285123348236,-0.8373130559921265,-0.10383179783821106
C,0.0,0.0,0.0,-0.19292166829109192,-0.08549920469522476,0.012639841064810753,-0.3360501825809479,-0.2626395523548126,0.005885567050427198,-0.4472654461860657,-0.3894703686237335,-0.0279275793582201,-0.5105276107788086,-0.5438873171806335,-0.05228481441736221,-0.1483658403158188,-0.6127591133117676,0.12438707798719406,-0.15990538895130157,-0.8567296266555786,0.07602507621049881,-0.2593499422073364,-0.907221257686615,0.027107402682304382,-0.3442208766937256,-0.8730915188789368,0.0026283978950232267,-0.10099820792675018,-0.6289334893226624,0.07074592262506485,-0.11811908334493637,-0.9262189865112305,0.025186488404870033,-0.25163891911506653,-0.9678212404251099,-0.008990135975182056,-0.3484582304954529,-0.9108574986457825,-0.020264869555830956,-0.06581509113311768,-0.6245429515838623,-0.001500089536421001,-0.09853624552488327,-0.9254541397094727,-0.047846853733062744,-0.24575373530387878,-0.9507771730422974,-0.06656879186630249,-0.3476657569408417,-0.8835018277168274,-0.06522144377231598,-0.05394221842288971,-0.6013379096984863,-0.07876244187355042,-0.1098032221198082,-0.8433713316917419,-0.11398760974407196,-0.22673290967941284,-0.8834656476974487,-0.1243370994925499,-0.31827312707901,-0.83420330286026,-0.12263759970664978
C,0.0,0.0,0.0,-0.19297565519809723,-0.09343241155147552,0.0245321374386549,-0.33323121070861816,-0.25970983505249023,0.024911636486649513,-0.4461582899093628,-0.38803088665008545,-0.005719140637665987,-0.507901132106781,-0.548494279384613,-0.02830093540251255,-0.15060244500637054,-0.6017861366271973,0.16152723133563995,-0.16241204738616943,-0.8425268530845642,0.1277945339679718,-0.25826629996299744,-0.8992915749549866,0.08498424291610718,-0.345120906829834,-0.8784704208374023,0.06274997442960739,-0.10241199284791946,-0.622035562992096,0.10446099191904068,-0.12101218849420547,-0.9150596261024475,0.07167495042085648,-0.2523197531700134,-0.9676439166069031,0.03912751376628876,-0.35270243883132935,-0.9226887226104736,0.027092983946204185,-0.0664529874920845,-0.62343430519104,0.028112269937992096,-0.10067557543516159,-0.9186756610870361,-0.009561228565871716,-0.24571336805820465,-0.9452257752418518,-0.027588535100221634,-0.3499024510383606,-0.8777510523796082,-0.026815978810191154,-0.05304089933633804,-0.6102550625801086,-0.052643418312072754,-0.1094285175204277,-0.8460026979446411,-0.0799759179353714,-0.22515295445919037,-0.8763244152069092,-0.08686316013336182,-0.3176001012325287,-0.8176714181900024,-0.08400017768144608
C,0.0,0.0,0.0,-0.1915334165096283,-0.08526211977005005,-0.0008703410858288407,-0.3374204635620117,-0.2521229386329651,-0.011738874018192291,-0.4559464156627655,-0.3838914632797241,-0.04669801890850067,-0.5183266401290894,-0.5457310676574707,-0.07137089967727661,-0.1550239473581314,-0.6089125275611877,0.12203840911388397,-0.16682270169258118,-0.859665036201477,0.07281434535980225,-0.26489874720573425,-0.9084237813949585,0.02080041915178299,-0.35448357462882996,-0.8767532706260681,-0.005849095527082682,-0.10769061744213104,-0.6269270181655884,0.07855429500341415,-0.1320497691631317,-0.9205040335655212,0.03264247253537178,-0.2647257149219513,-0.9643236994743347,-0.005792170763015747,-0.3644019365310669,-0.9146067500114441,-0.020863879472017288,-0.07363958656787872,-0.626308023929596,0.01511327177286148,-0.11113665252923965,-0.9235318899154663,-0.03170109540224075,-0.2547672688961029,-0.9498434066772461,-0.05349460616707802,-0.35841104388237,-0.8854547142982483,-0.054056134074926376,-0.06082049012184143,-0.6078841090202332,-0.05431213229894638,-0.11722452193498611,-0.848448634147644,-0.08838781714439392,-0.22944144904613495,-0.8888068199157715,-0.09949170798063278,-0.3198401629924774,-0.8403115272521973,-0.09843043237924576
C,0.0,0.0,0.0,-0.1929166167974472,-0.09301429241895676,0.02077806554734707,-0.3384276330471039,-0.259260892868042,0.019376294687390327,-0.45556119084358215,-0.3805182874202728,-0.012134842574596405,-0.523286759853363,-0.5351290702819824,-0.03498612716794014,-0.15706507861614227,-0.6105368733406067,0.15242543816566467,-0.16754266619682312,-0.8588814735412598,0.11021365225315094,-0.2650991976261139,-0.9057129621505737,0.060932572931051254,-0.35476499795913696,-0.8719956278800964,0.0355660580098629,-0.11094411462545395,-0.6277957558631897,0.0964803546667099,-0.1350862681865692,-0.9214079976081848,0.05673062428832054,-0.2679746747016907,-0.9634259343147278,0.01879340037703514,-0.3676367998123169,-0.9115272164344788,0.0033252330031245947,-0.07772469520568848,-0.6276746392250061,0.021084511652588844,-0.1165904775261879,-0.9233142137527466,-0.021050462499260902,-0.26121556758880615,-0.943998396396637,-0.043059248477220535,-0.3642198145389557,-0.8748383522033691,-0.044624246656894684,-0.06686393171548843,-0.611147403717041,-0.05893214792013168,-0.12529054284095764,-0.8501487374305725,-0.08854689449071884,-0.23948785662651062,-0.8848346471786499,-0.09776974469423294,-0.329943984746933,-0.8307520151138306,-0.09649600088596344
C,0.0,0.0,0.0,-0.19192057847976685,-0.08560789376497269,0.010615202598273754,-0.33708465099334717,-0.24774250388145447,0.001774072297848761,-0.4590243697166443,-0.36119580268859863,-0.03424565866589546,-0.5341299176216125,-0.5120741724967957,-0.06071332097053528,-0.14949996769428253,-0.6096349358558655,0.13425596058368683,-0.16126799583435059,-0.8651294708251953,0.0891079306602478,-0.263226181268692,-0.9086100459098816,0.03874910622835159,-0.3548126220703125,-0.8704144954681396,0.013116416521370411,-0.10690761357545853,-0.6263609528541565,0.0841260701417923,-0.13283671438694,-0.9240038990974426,0.04410255700349808,-0.26887935400009155,-0.9631739258766174,0.006927907932549715,-0.3678642809391022,-0.9118939638137817,-0.008835836313664913,-0.07858709245920181,-0.6254106760025024,0.014470774680376053,-0.12065698951482773,-0.9211833477020264,-0.02661028690636158,-0.26565393805503845,-0.9436386227607727,-0.048289068043231964,-0.36902597546577454,-0.8798270225524902,-0.051195867359638214,-0.07370907068252563,-0.6086428761482239,-0.060442473739385605,-0.132980614900589,-0.8448096513748169,-0.08847524225711823,-0.2462579309940338,-0.8811995983123779,-0.09725771844387054,-0.33684414625167847,-0.83226078748703,-0.09669787436723709
C,0.0,0.0,0.0,-0.1906934380531311,-0.07794471085071564,0.012329312972724438,-0.33542293310165405,-0.23568809032440186,0.008930746465921402,-0.45751848816871643,-0.3344891369342804,-0.019812824204564095,-0.5330212116241455,-0.47442930936813354,-0.04058164358139038,-0.15011179447174072,-0.6030098795890808,0.13054883480072021,-0.1803893893957138,-0.8438389897346497,0.09373404830694199,-0.2760651707649231,-0.9035486578941345,0.04813450947403908,-0.35902824997901917,-0.8863587975502014,0.021929126232862473,-0.10751283913850784,-0.6231457591056824,0.0802130177617073,-0.1461290568113327,-0.9116944074630737,0.04155083745718002,-0.27322936058044434,-0.9619488716125488,0.00043608705163933337,-0.367019385099411,-0.908591628074646,-0.01892288774251938,-0.0783143863081932,-0.6215713024139404,0.01240488886833191,-0.1258288025856018,-0.9113022685050964,-0.026897696778178215,-0.2635921537876129,-0.9559423327445984,-0.0543503537774086,-0.3656757175922394,-0.9046837091445923,-0.06259392946958542,-0.07401090115308762,-0.6014459133148193,-0.06030081957578659,-0.13599622249603271,-0.828907310962677,-0.09553692489862442,-0.24496819078922272,-0.8990122675895691,-0.11519276350736618,-0.3378813862800598,-0.8884095549583435,-0.12201713770627975
C,0.0,0.0,0.0,-0.18615907430648804,-0.08262110501527786,0.000944164115935564,-0.33169275522232056,-0.24177737534046173,-0.0070584723725914955,-0.4534214437007904,-0.3492148518562317,-0.03731464967131615,-0.5311638712882996,-0.49099984765052795,-0.05912209302186966,-0.15239402651786804,-0.6069919466972351,0.1159476637840271,-0.17648853361606598,-0.843123733997345,0.0735054761171341,-0.269524484872818,-0.9103381037712097,0.02267567627131939,-0.35415512323379517,-0.9024618864059448,-0.007055978290736675,-0.11185857653617859,-0.6247876882553101,0.07272132486104965,-0.13897274434566498,-0.9077470302581787,0.028430994600057602,-0.26478099822998047,-0.9643086194992065,-0.015279870480298996,-0.3627166748046875,-0.9206829071044922,-0.036600735038518906,-0.08487872034311295,-0.6215136647224426,0.01157512329518795,-0.1200549528002739,-0.904900312423706,-0.030777612701058388,-0.25452864170074463,-0.9595431685447693,-0.059634946286678314,-0.3586943447589874,-0.918224036693573,-0.06882237643003464,-0.0788755863904953,-0.600141167640686,-0.055254388600587845,-0.12968844175338745,-0.8260543346405029,-0.09001395106315613,-0.23308879137039185,-0.9039027690887451,-0.10957428812980652,-0.32505232095718384,-0.9015480279922485,-0.11673067510128021
C,0.0,0.0,0.0,-0.18813645839691162,-0.0795915499329567,0.004273850936442614,-0.33279430866241455,-0.23580649495124817,-0.002711252076551318,-0.4533887803554535,-0.342391699552536,-0.03343825042247772,-0.5269005298614502,-0.4893289804458618,-0.05616913363337517,-0.15439625084400177,-0.6100414991378784,0.12438689917325974,-0.18014170229434967,-0.8405662178993225,0.0873505026102066,-0.2698404788970947,-0.9067937731742859,0.04027629643678665,-0.3502691090106964,-0.9032852053642273,0.01164235919713974,-0.11143027245998383,-0.6283877491950989,0.07781709730625153,-0.14328338205814362,-0.911697268486023,0.03511270508170128,-0.26755157113075256,-0.9635435938835144,-0.007236002944409847,-0.36372894048690796,-0.9134762287139893,-0.02651631273329258,-0.08070171624422073,-0.6249715089797974,0.013490023091435432,-0.12009165436029434,-0.9109433889389038,-0.027764778584241867,-0.25497865676879883,-0.9599377512931824,-0.054160404950380325,-0.35804077982902527,-0.911577582359314,-0.06076750159263611,-0.07010552287101746,-0.6022942066192627,-0.05660480260848999,-0.12638399004936218,-0.8278164863586426,-0.09213843941688538,-0.23200932145118713,-0.9030464291572571,-0.11122043430805206,-0.3243646025657654,-0.8974586725234985,-0.1170373260974884
C,0.0,0.0,0.0,-0.18989971280097961,-0.08196254074573517,0.005120201036334038,-0.33673036098480225,-0.23886246979236603,-0.002247412921860814,-0.45829036831855774,-0.34813937544822693,-0.03381601348519325,-0.5255355834960938,-0.4972580373287201,-0.05722248926758766,-0.15225759148597717,-0.6076425909996033,0.12337134033441544,-0.1796014904975891,-0.8419702053070068,0.08083495497703552,-0.2739624083042145,-0.9043223857879639,0.029498722404241562,-0.35804983973503113,-0.8907226324081421,-0.000507890828885138,-0.10914546996355057,-0.6272583603858948,0.0767616257071495,-0.1394435167312622,-0.9117701649665833,0.031056886538863182,-0.2663019001483917,-0.9638896584510803,-0.014515706337988377,-0.3643149137496948,-0.9129960536956787,-0.03583867847919464,-0.07808149605989456,-0.6253954768180847,0.012350964359939098,-0.11959594488143921,-0.9099675416946411,-0.032209478318691254,-0.25760331749916077,-0.9544758200645447,-0.061768677085638046,-0.36222773790359497,-0.9025911092758179,-0.06965061277151108,-0.0680728629231453,-0.6034675240516663,-0.05735158920288086,-0.1265421211719513,-0.8297975659370422,-0.0942271277308464,-0.23570109903812408,-0.8982329368591309,-0.11352939903736115,-0.33008942008018494,-0.8837472796440125,-0.11916334182024002
C,0.0,0.0,0.0,-0.1926722377538681,-0.08338113874197006,0.007970250211656094,-0.33676522970199585,-0.24346153438091278,0.0016125920228660107,-0.45688706636428833,-0.35330215096473694,-0.03045128472149372,-0.5238065123558044,-0.5051428079605103,-0.05378734692931175,-0.15198518335819244,-0.6161066889762878,0.13260532915592194,-0.18146023154258728,-0.8535283803939819,0.0924602597951889,-0.27521294355392456,-0.9078418016433716,0.04291268438100815,-0.3576577603816986,-0.8895557522773743,0.014163067564368248,-0.10888540744781494,-0.6331362724304199,0.08336744457483292,-0.14434629678726196,-0.917732298374176,0.04142757132649422,-0.2717180848121643,-0.9623768925666809,-0.0030453086365014315,-0.36744004487991333,-0.9108195304870605,-0.024307474493980408,-0.07768815755844116,-0.6293649673461914,0.015879454091191292,-0.12443876266479492,-0.917172372341156,-0.026971956714987755,-0.2639603018760681,-0.9558064341545105,-0.05578512325882912,-0.36808744072914124,-0.9031397700309753,-0.06370150297880173,-0.06929385662078857,-0.6062110662460327,-0.056887153536081314,-0.13354621827602386,-0.84132981300354,-0.09179860353469849,-0.24526573717594147,-0.9024766087532043,-0.10901545733213425,-0.3409099876880646,-0.8809545040130615,-0.1137329712510109
C,0.0,0.0,0.0,-0.18934711813926697,-0.08117561042308807,0.0023783128708601,-0.33338096737861633,-0.2415573000907898,-0.007467053830623627,-0.4537044167518616,-0.3531864583492279,-0.04178304597735405,-0.5208560824394226,-0.506628692150116,-0.06648070365190506,-0.14690950512886047,-0.6141617894172668,0.12574262917041779,-0.17330549657344818,-0.8513184189796448,0.08015232533216476,-0.2714807391166687,-0.9091644287109375,0.027095714583992958,-0.35594937205314636,-0.8889899849891663,-0.0030337139032781124,-0.10517988353967667,-0.6296110153198242,0.07881099730730057,-0.13378667831420898,-0.9167723655700684,0.032116200774908066,-0.2651323974132538,-0.9642120003700256,-0.012632123194634914,-0.36278489232063293,-0.9109504222869873,-0.033009547740221024,-0.07561472058296204,-0.6265703439712524,0.012911221012473106,-0.11490447074174881,-0.9163998961448669,-0.032237350940704346,-0.25602132081985474,-0.9577242732048035,-0.05931581184267998,-0.3604564964771271,-0.9044486284255981,-0.06548555940389633,-0.06766334921121597,-0.6053426265716553,-0.05898785963654518,-0.1265178769826889,-0.837164044380188,-0.09558408707380295,-0.23813685774803162,-0.8999958634376526,-0.11270289123058319,-0.3328186571598053,-0.879743754863739,-0.11671144515275955
C,0.0,0.0,0.0,-0.1897604763507843,-0.07780811190605164,-0.0018899625865742564,-0.33328479528427124,-0.23774486780166626,-0.011883692815899849,-0.4536217749118805,-0.35178858041763306,-0.04447377845644951,-0.5216151475906372,-0.5036720037460327,-0.06700637936592102,-0.1476944237947464,-0.6102734208106995,0.11869821697473526,-0.17338542640209198,-0.8491383790969849,0.07254081964492798,-0.2723407745361328,-0.9065204858779907,0.019926248118281364,-0.35813969373703003,-0.88471919298172,-0.00920774694532156,-0.10527592897415161,-0.627770721912384,0.07593829929828644,-0.1371859610080719,-0.9128865599632263,0.031098240986466408,-0.26537588238716125,-0.9641450643539429,-0.010921886190772057,-0.36081984639167786,-0.9150535464286804,-0.029667003080248833,-0.07520633190870285,-0.6249759197235107,0.014137782156467438,-0.11787088960409164,-0.9120436906814575,-0.02981581911444664,-0.2559943199157715,-0.958750307559967,-0.05535486713051796,-0.35859155654907227,-0.9100654721260071,-0.060397300869226456,-0.06661990284919739,-0.6046004295349121,-0.053825974464416504,-0.12677472829818726,-0.8366990685462952,-0.08970150351524353,-0.23737283051013947,-0.9014743566513062,-0.10579167306423187,-0.33109334111213684,-0.8818360567092896,-0.10873665660619736
C,0.0,0.0,0.0,-0.1843213438987732,-0.08093461394309998,-0.005104762967675924,-0.3313266932964325,-0.24392299354076385,-0.01706000044941902,-0.45581892132759094,-0.35941576957702637,-0.051239337772130966,-0.5238116383552551,-0.5163134932518005,-0.07540690898895264,-0.1498657613992691,-0.6132357716560364,0.11779554933309555,-0.1776515543460846,-0.8537073731422424,0.07021745294332504,-0.2748955190181732,-0.9115045666694641,0.014939796179533005,-0.36166319251060486,-0.890268087387085,-0.01611744798719883,-0.10817180573940277,-0.6290296912193298,0.07646355032920837,-0.13899946212768555,-0.912394106388092,0.030326584354043007,-0.2657182216644287,-0.9640507102012634,-0.016634995117783546,-0.3620617389678955,-0.915976345539093,-0.03928498551249504,-0.07842209190130234,-0.6256222724914551,0.015998024493455887,-0.11786560714244843,-0.912062406539917,-0.028323756530880928,-0.25239506363868713,-0.9585317969322205,-0.057980261743068695,-0.35442018508911133,-0.910887598991394,-0.0662318766117096,-0.0699957087635994,-0.6040599346160889,-0.05075164884328842,-0.1262630969285965,-0.8369139432907104,-0.08652333915233612,-0.23252005875110626,-0.9049150347709656,-0.10477204620838165,-0.32469990849494934,-0.8888238668441772,-0.10974611341953278
C,0.0,0.0,0.0,-0.18678365647792816,-0.08344247192144394,-0.004581213928759098,-0.3324885368347168,-0.24504907429218292,-0.014911006204783916,-0.45600390434265137,-0.36275291442871094,-0.047048166394233704,-0.5223646759986877,-0.5163992047309875,-0.06937024742364883,-0.14620381593704224,-0.6136819124221802,0.11915549635887146,-0.1709694266319275,-0.8515524864196777,0.0743556097149849,-0.2663750648498535,-0.9093725085258484,0.021108528599143028,-0.35297757387161255,-0.8916358351707458,-0.009265337139368057,-0.10406266897916794,-0.6304563879966736,0.07901180535554886,-0.13337267935276031,-0.9131127595901489,0.03354707732796669,-0.25990089774131775,-0.965635359287262,-0.012207729741930962,-0.35785534977912903,-0.9201211333274841,-0.03402870520949364,-0.07516107708215714,-0.6272799968719482,0.019907541573047638,-0.1145201325416565,-0.911965548992157,-0.024728838354349136,-0.2490672618150711,-0.9599195122718811,-0.05427192896604538,-0.35232841968536377,-0.9145230650901794,-0.06218893080949783,-0.067289337515831,-0.6057726144790649,-0.04522356018424034,-0.12472403049468994,-0.8356680870056152,-0.08017081022262573,-0.23014628887176514,-0.9017760753631592,-0.09765560925006866,-0.32157954573631287,-0.8865678906440735,-0.10221204906702042
C,0.0,0.0,0.0,-0.1862146407365799,-0.0898965448141098,0.015638913959264755,-0.32841014862060547,-0.25366929173469543,0.014826972968876362,-0.4472966194152832,-0.3729911148548126,-0.012995603494346142,-0.5126492381095886,-0.530299723148346,-0.03307291120290756,-0.1467103511095047,-0.6128979921340942,0.15259376168251038,-0.17224451899528503,-0.8453325033187866,0.12003089487552643,-0.2625623941421509,-0.9058828353881836,0.07305334508419037,-0.34274980425834656,-0.8944630026817322,0.04487624391913414,-0.10338272154331207,-0.6304330229759216,0.101747065782547,-0.1355499029159546,-0.9131659865379333,0.0652308538556099,-0.2593095600605011,-0.9657942056655884,0.02046116068959236,-0.3552231788635254,-0.9159061312675476,-0.0012414144584909081,-0.07227977365255356,-0.6277329325675964,0.03280019760131836,-0.11207073926925659,-0.9146332144737244,-0.00300099840387702,-0.24435292184352875,-0.9642515778541565,-0.031116336584091187,-0.3475085496902466,-0.9172013401985168,-0.03983316943049431,-0.06075404956936836,-0.6070764064788818,-0.0411769263446331,-0.12050383538007736,-0.8347077965736389,-0.07037833333015442,-0.22456493973731995,-0.9037215709686279,-0.0870988741517067,-0.3164517283439636,-0.8941757082939148,-0.09252070635557175
C,0.0,0.0,0.0,-0.18542353808879852,-0.08241979777812958,0.010244091041386127,-0.3365132510662079,-0.2500758171081543,0.010202649980783463,-0.4593755304813385,-0.3701372444629669,-0.015650859102606773,-0.5237093567848206,-0.5262367129325867,-0.032379742711782455,-0.15234313905239105,-0.6094585657119751,0.15090179443359375,-0.1736423671245575,-0.8440170884132385,0.1194157600402832,-0.26449817419052124,-0.9067036509513855,0.07446245104074478,-0.3458314836025238,-0.8971604704856873,0.047831106930971146,-0.1097007766366005,-0.6272448301315308,0.10306936502456665,-0.13403096795082092,-0.9121488928794861,0.0677112564444542,-0.25873786211013794,-0.9659475684165955,0.026437493041157722,-0.35518333315849304,-0.922267735004425,0.0071579948998987675,-0.08098123222589493,-0.6266278028488159,0.03606126084923744,-0.11970792710781097,-0.9128637313842773,-0.003053453750908375,-0.25498151779174805,-0.9603491425514221,-0.03148919343948364,-0.359023779630661,-0.9148510694503784,-0.0388912670314312,-0.07421621680259705,-0.6098947525024414,-0.03609774634242058,-0.13808275759220123,-0.8418304324150085,-0.06774349510669708,-0.24611644446849823,-0.9068624377250671,-0.08452189713716507,-0.33893653750419617,-0.8911526799201965,-0.08945807069540024
C,0.0,0.0,0.0,-0.18299980461597443,-0.0833553820848465,0.004216257482767105,-0.33373215794563293,-0.24600626528263092,-0.0011234298581257463,-0.45512649416923523,-0.36792734265327454,-0.03024333156645298,-0.5166605114936829,-0.5253969430923462,-0.05011998116970062,-0.14653947949409485,-0.6087377667427063,0.1346546858549118,-0.16781000792980194,-0.8421498537063599,0.09585454314947128,-0.2603438198566437,-0.9056500792503357,0.04562241584062576,-0.3450799584388733,-0.8965613842010498,0.015698492527008057,-0.10319086909294128,-0.6263372302055359,0.08876855671405792,-0.12591786682605743,-0.9103262424468994,0.04627474769949913,-0.24927452206611633,-0.9684328436851501,0.001121765119023621,-0.347668319940567,-0.9268345832824707,-0.020719030871987343,-0.07330183684825897,-0.6257643699645996,0.023833932355046272,-0.1084875762462616,-0.9072920083999634,-0.019420819357037544,-0.24124976992607117,-0.9624988436698914,-0.05057704448699951,-0.3459228277206421,-0.9236844182014465,-0.06020710617303848,-0.06387927383184433,-0.6083741784095764,-0.046572670340538025,-0.12420289218425751,-0.8325921893119812,-0.08117286115884781,-0.22895857691764832,-0.9036994576454163,-0.10062684118747711,-0.320430725812912,-0.8969822525978088,-0.10757308453321457
C,0.0,0.0,0.0,-0.18267160654067993,-0.09510888904333115,0.005574402399361134,-0.3314518332481384,-0.25360140204429626,-0.0011104483855888247,-0.45554837584495544,-0.37330880761146545,-0.0324869230389595,-0.5160804390907288,-0.5300835371017456,-0.05463290214538574,-0.13990221917629242,-0.6080703139305115,0.1404339224100113,-0.16378110647201538,-0.852257251739502,0.09858115017414093,-0.2584472894668579,-0.9124460220336914,0.04409993439912796,-0.34668317437171936,-0.898478627204895,0.012495140545070171,-0.09842611849308014,-0.6241928935050964,0.09501516819000244,-0.1284206658601761,-0.9143468737602234,0.04955017566680908,-0.254109650850296,-0.9671753644943237,-0.0013007144443690777,-0.3511198163032532,-0.9178808927536011,-0.02618052251636982,-0.07247737050056458,-0.6228132247924805,0.03063300997018814,-0.11275169253349304,-0.909647524356842,-0.011612099595367908,-0.24524742364883423,-0.9589747786521912,-0.0449417307972908,-0.3467159569263458,-0.9128490090370178,-0.05561527609825134,-0.06757085025310516,-0.6034261584281921,-0.03910819813609123,-0.12270582467317581,-0.8344660997390747,-0.07008393108844757,-0.2268872708082199,-0.9044560790061951,-0.08843569457530975,-0.31697309017181396,-0.8933547735214233,-0.09455440938472748
C,0.0,0.0,0.0,-0.17945733666419983,-0.0983504131436348,0.011516180820763111,-0.32663479447364807,-0.2612147927284241,0.008309094235301018,-0.450491726398468,-0.3802478611469269,-0.02185842953622341,-0.5098782181739807,-0.5390945672988892,-0.04335976392030716,-0.13745400309562683,-0.6195560693740845,0.15186333656311035,-0.15599116683006287,-0.85260009765625,0.11635632812976837,-0.24504710733890533,-0.9154619574546814,0.06579163670539856,-0.32907190918922424,-0.9102511405944824,0.0344296433031559,-0.09462526440620422,-0.6359292268753052,0.10197778046131134,-0.116731196641922,-0.9193383455276489,0.05933151766657829,-0.2406691461801529,-0.9706072211265564,0.010173388756811619,-0.3401122987270355,-0.9232491850852966,-0.01400767918676138,-0.06535132974386215,-0.6363742351531982,0.033370666205883026,-0.09827785938978195,-0.9193580746650696,-0.007310043089091778,-0.2319912165403366,-0.9634107351303101,-0.03904613107442856,-0.3375219702720642,-0.9152659177780151,-0.04907277971506119,-0.055647242814302444,-0.6197878122329712,-0.040555499494075775,-0.10956161469221115,-0.8450344800949097,-0.0708782970905304,-0.21529769897460938,-0.9106576442718506,-0.0889272540807724,-0.30904579162597656,-0.897654116153717,-0.09540020674467087
C,0.0,0.0,0.0,-0.18242262303829193,-0.09330621361732483,0.03215779364109039,-0.3283458352088928,-0.2599813938140869,0.04163193702697754,-0.44739392399787903,-0.3823389410972595,0.02205054461956024,-0.5145148038864136,-0.5346234440803528,0.008275906555354595,-0.12150745838880539,-0.594361424446106,0.1637030392885208,-0.14350567758083344,-0.8294788002967834,0.14646334946155548,-0.22597990930080414,-0.9130347967147827,0.11108696460723877,-0.30900925397872925,-0.9269126057624817,0.08892285078763962,-0.07400909811258316,-0.6200876832008362,0.10646430402994156,-0.10162921249866486,-0.8995024561882019,0.08400547504425049,-0.21787947416305542,-0.9747063517570496,0.04678411781787872,-0.317501425743103,-0.946014940738678,0.027616150677204132,-0.047785867005586624,-0.6268666982650757,0.03323977813124657,-0.08684561401605606,-0.9023666977882385,0.004928503651171923,-0.2130952775478363,-0.9715375304222107,-0.022640792652964592,-0.31847241520881653,-0.9479321837425232,-0.032903268933296204,-0.050206441432237625,-0.6161168217658997,-0.0430418960750103,-0.10841760784387589,-0.8374302387237549,-0.06765910983085632,-0.20898401737213135,-0.9174320101737976,-0.08355357497930527,-0.30221423506736755,-0.9232767224311829,-0.09019830077886581
C,0.0,0.0,0.0,-0.17381154000759125,-0.07546966522932053,0.02747807651758194,-0.31602534651756287,-0.24615073204040527,0.03799383342266083,-0.4298454523086548,-0.3663388788700104,0.02312907576560974,-0.49973785877227783,-0.5103824138641357,0.014190047979354858,-0.1099189892411232,-0.5739215016365051,0.14529690146446228,-0.1328626573085785,-0.7996362447738647,0.136437326669693,-0.21090666949748993,-0.8880580067634583,0.11175829917192459,-0.2875582277774811,-0.9172929525375366,0.09518323838710785,-0.06115533038973808,-0.5988434553146362,0.09195590019226074,-0.07876482605934143,-0.87873774766922,0.07767632603645325,-0.1877789944410324,-0.9592699408531189,0.05200968310236931,-0.2836105525493622,-0.9489861130714417,0.039560358971357346,-0.03607231751084328,-0.6062943935394287,0.02374717779457569,-0.06882885098457336,-0.8808630704879761,-0.0011115241795778275,-0.1898079514503479,-0.9588779807090759,-0.024293595924973488,-0.2936711311340332,-0.9559065699577332,-0.03295646235346794,-0.0434223972260952,-0.6007859110832214,-0.04723844677209854,-0.10690156370401382,-0.8192999362945557,-0.07191808521747589,-0.205620676279068,-0.9024407267570496,-0.08729668706655502,-0.2975437045097351,-0.9224230051040649,-0.09468019008636475
C,0.0,0.0,0.0,-0.16592396795749664,-0.07892879843711853,0.03010966069996357,-0.30649980902671814,-0.25961366295814514,0.04484953358769417,-0.4155905246734619,-0.38245195150375366,0.03373662754893303,-0.4877936840057373,-0.52498459815979,0.027607526630163193,-0.1130695790052414,-0.579649806022644,0.1509542465209961,-0.13155490159988403,-0.7951658964157104,0.14491142332553864,-0.20464541018009186,-0.8911136984825134,0.12066713720560074,-0.2800426185131073,-0.932375967502594,0.10266990214586258,-0.06372912973165512,-0.6008923053741455,0.09536540508270264,-0.07524030655622482,-0.8719009160995483,0.07974247634410858,-0.18032115697860718,-0.9559645652770996,0.05205467343330383,-0.27642086148262024,-0.9513223171234131,0.039041027426719666,-0.0336410328745842,-0.6046512126922607,0.025286104530096054,-0.0607852004468441,-0.8706879615783691,-0.0005231695249676704,-0.17646372318267822,-0.9553567171096802,-0.02471310831606388,-0.27772068977355957,-0.9606618881225586,-0.033181607723236084,-0.0320681557059288,-0.5918937921524048,-0.04766406491398811,-0.09026975184679031,-0.8103508353233337,-0.07332904636859894,-0.18509946763515472,-0.9042275547981262,-0.0895642638206482,-0.27365371584892273,-0.9357489943504333,-0.09718380123376846
C,0.0,0.0,0.0,-0.15777185559272766,-0.09463439881801605,0.01257770974189043,-0.2991773784160614,-0.28037065267562866,0.013711072504520416,-0.4067491590976715,-0.40527111291885376,-0.006047451868653297,-0.4732610285282135,-0.5521158576011658,-0.02007969096302986,-0.11327823996543884,-0.5855896472930908,0.10830193012952805,-0.13173864781856537,-0.8093945980072021,0.08056757599115372,-0.205332949757576,-0.9108738303184509,0.04369528964161873,-0.283955454826355,-0.9503756761550903,0.02023112215101719,-0.057768288999795914,-0.6012522578239441,0.059102173894643784,-0.06481470912694931,-0.8756199479103088,0.022771170362830162,-0.16663695871829987,-0.9668455719947815,-0.013358901254832745,-0.2639419138431549,-0.9645385146141052,-0.02890743501484394,-0.018834320828318596,-0.5986298322677612,-0.004224652890115976,-0.041258204728364944,-0.8592724800109863,-0.04249589890241623,-0.15171140432357788,-0.9565884470939636,-0.06892634928226471,-0.24993613362312317,-0.9680398106575012,-0.07618051767349243,-0.004501050803810358,-0.5749707818031311,-0.07120560109615326,-0.06011750176548958,-0.7899975776672363,-0.10303651541471481,-0.15183936059474945,-0.9001926779747009,-0.1201549768447876,-0.23857393860816956,-0.9414215087890625,-0.12616294622421265
C,0.0,0.0,0.0,-0.16234423220157623,-0.09143414348363876,0.019522573798894882,-0.29996582865715027,-0.2677534520626068,0.022320903837680817,-0.4051792323589325,-0.3960145115852356,0.0015903232851997018,-0.4717647135257721,-0.5436545014381409,-0.014109634794294834,-0.10998982936143875,-0.5816993713378906,0.12757200002670288,-0.12125930935144424,-0.7970594763755798,0.10921771079301834,-0.19414842128753662,-0.8957284688949585,0.07699732482433319,-0.2703469693660736,-0.9393970370292664,0.05416412279009819,-0.06166006252169609,-0.598095715045929,0.0742100328207016,-0.0581154003739357,-0.873869776725769,0.04874599725008011,-0.1593359410762787,-0.9622785449028015,0.01985091157257557,-0.2541545033454895,-0.9671636819839478,0.0058634583838284016,-0.029056333005428314,-0.5960365533828735,0.0057844012044370174,-0.041831400245428085,-0.8622742295265198,-0.024920964613556862,-0.15140344202518463,-0.9511865973472595,-0.045576851814985275,-0.24897198379039764,-0.9606508612632751,-0.052431363612413406,-0.017201978713274002,-0.5760340094566345,-0.0666896179318428,-0.06126690283417702,-0.7936334013938904,-0.09291280061006546,-0.14968591928482056,-0.8905028104782104,-0.1062309741973877,-0.23578323423862457,-0.9241718649864197,-0.11234666407108307
C,0.0,0.0,0.0,-0.1607794612646103,-0.09109646081924438,0.020610250532627106,-0.292560875415802,-0.2635129690170288,0.024435753002762794,-0.39776039123535156,-0.3905751705169678,0.004647632595151663,-0.4633696377277374,-0.5391590595245361,-0.01007245946675539,-0.0946621298789978,-0.5811933875083923,0.1308644562959671,-0.10705966502428055,-0.7943644523620605,0.11496008932590485,-0.1810348927974701,-0.8927804231643677,0.08375672250986099,-0.2576903998851776,-0.9374459385871887,0.06135699525475502,-0.04478874430060387,-0.6029154658317566,0.07824254035949707,-0.044167447835206985,-0.8728758096694946,0.05639222264289856,-0.1466885507106781,-0.9626463055610657,0.028225235641002655,-0.2426135092973709,-0.9701229929924011,0.013482121750712395,-0.011997821740806103,-0.6056885719299316,0.010621326975524426,-0.025708327069878578,-0.8659868240356445,-0.017307640984654427,-0.13546353578567505,-0.9567645788192749,-0.037856146693229675,-0.23361270129680634,-0.9690453410148621,-0.04548272490501404,-0.002718121511861682,-0.5926769375801086,-0.06092771142721176,-0.04760916903614998,-0.8059362173080444,-0.08547476679086685,-0.13672341406345367,-0.9000287055969238,-0.0983918160200119,-0.22356019914150238,-0.9331417679786682,-0.10465336591005325
C,0.0,0.0,0.0,-0.16050194203853607,-0.0853077843785286,0.02651846595108509,-0.29773467779159546,-0.24585634469985962,0.032989080995321274,-0.40829408168792725,-0.36987894773483276,0.013085511513054371,-0.4712677001953125,-0.5218037366867065,-0.0024188354145735502,-0.10121273249387741,-0.5639553070068359,0.15404726564884186,-0.12068497389554977,-0.7743434906005859,0.14945480227470398,-0.1919311285018921,-0.87636399269104,0.12533506751060486,-0.2650511860847473,-0.9224151372909546,0.10658343136310577,-0.05811129882931709,-0.5864304900169373,0.09912750869989395,-0.0607282780110836,-0.8614766597747803,0.0874466523528099,-0.16248691082000732,-0.9538996815681458,0.06315255910158157,-0.2573266327381134,-0.966324508190155,0.05056201294064522,-0.03213902935385704,-0.5934908986091614,0.028454894199967384,-0.05179731920361519,-0.8557532429695129,0.008066274225711823,-0.15829159319400787,-0.94728684425354,-0.011614236049354076,-0.254833459854126,-0.9614264369010925,-0.020167095586657524,-0.03134150803089142,-0.5846213698387146,-0.046153273433446884,-0.08652213215827942,-0.7910310626029968,-0.06674348562955856,-0.17443177103996277,-0.883415937423706,-0.07987051457166672,-0.26007696986198425,-0.9213144779205322,-0.0874289944767952
C,0.0,0.0,0.0,-0.1685945838689804,-0.07382295280694962,0.02389443665742874,-0.30543896555900574,-0.2489105761051178,0.03663959726691246,-0.41675615310668945,-0.3782646358013153,0.023179156705737114,-0.4767245352268219,-0.5294536352157593,0.014653121121227741,-0.10932682454586029,-0.5639417767524719,0.16054704785346985,-0.12200771272182465,-0.7798966765403748,0.16049908101558685,-0.19202369451522827,-0.8820114135742188,0.1404879242181778,-0.2630358636379242,-0.9319559931755066,0.12350262701511383,-0.06199111044406891,-0.5856951475143433,0.10756013542413712,-0.06100573390722275,-0.8599919080734253,0.09691004455089569,-0.16236113011837006,-0.9510773420333862,0.07190150022506714,-0.25621047616004944,-0.9619498252868652,0.05904605612158775,-0.031175121665000916,-0.5921483039855957,0.03818502649664879,-0.04978901520371437,-0.8674992322921753,0.012207808904349804,-0.16212967038154602,-0.9561719298362732,-0.011316703632473946,-0.26336589455604553,-0.9646960496902466,-0.01997195929288864,-0.02755957841873169,-0.5856106877326965,-0.034895461052656174,-0.0839088186621666,-0.8069011569023132,-0.06315699964761734,-0.17762543261051178,-0.8972667455673218,-0.08045396208763123,-0.267115980386734,-0.9247675538063049,-0.08921124786138535
C,0.0,0.0,0.0,-0.16478991508483887,-0.07509394735097885,0.01795407012104988,-0.2970770597457886,-0.245842844247818,0.026889992877840996,-0.40877801179885864,-0.37098121643066406,0.011418907903134823,-0.47323790192604065,-0.520724356174469,0.0013290849747136235,-0.09895678609609604,-0.5590678453445435,0.15217451751232147,-0.11200208216905594,-0.7707170844078064,0.15360769629478455,-0.1774216890335083,-0.8758410811424255,0.1364046037197113,-0.24711674451828003,-0.9296904802322388,0.1212063655257225,-0.052513185888528824,-0.5805870890617371,0.10335657745599747,-0.05522553622722626,-0.8482761383056641,0.09588724374771118,-0.15144987404346466,-0.9432489275932312,0.07490655779838562,-0.243763267993927,-0.9640637636184692,0.06413217633962631,-0.02418176829814911,-0.5874181985855103,0.03805233910679817,-0.04525841027498245,-0.855932354927063,0.014100632630288601,-0.15292131900787354,-0.9494765996932983,-0.00694721844047308,-0.2539452612400055,-0.9672186374664307,-0.014623595401644707,-0.025335265323519707,-0.5826029777526855,-0.03134481608867645,-0.08212635666131973,-0.7963617444038391,-0.05818871408700943,-0.17193277180194855,-0.8872642517089844,-0.07443466037511826,-0.26034682989120483,-0.920715868473053,-0.08277221024036407
C,0.0,0.0,0.0,-0.16123518347740173,-0.06890402734279633,0.024102332070469856,-0.2937307357788086,-0.24422499537467957,0.0355987586081028,-0.4073489010334015,-0.3700582981109619,0.020979395136237144,-0.47758543491363525,-0.5195125937461853,0.011710211634635925,-0.10282249003648758,-0.5675264000892639,0.16128921508789062,-0.11165677011013031,-0.7782887816429138,0.16500942409038544,-0.18085363507270813,-0.8815876841545105,0.14883050322532654,-0.25273963809013367,-0.9324409365653992,0.134307399392128,-0.05783458799123764,-0.5880060791969299,0.10869679600000381,-0.052563026547431946,-0.8588180541992188,0.10317155718803406,-0.15224240720272064,-0.9489505887031555,0.08364943414926529,-0.2456972450017929,-0.9630365371704102,0.07470400631427765,-0.03007918782532215,-0.5937557816505432,0.039753902703523636,-0.04492821544408798,-0.86348956823349,0.018907472491264343,-0.15616290271282196,-0.9528549313545227,-9.752894402481616e-05,-0.2588878870010376,-0.9659073352813721,-0.0064073228277266026,-0.0299289058893919,-0.587910532951355,-0.03325831890106201,-0.08224546164274216,-0.8028074502944946,-0.057395026087760925,-0.17469929158687592,-0.8941832780838013,-0.07267069071531296,-0.26475977897644043,-0.9269338250160217,-0.08039109408855438
C,0.0,0.0,0.0,-0.16497059166431427,-0.07083718478679657,0.030683517456054688,-0.2977629005908966,-0.24579836428165436,0.04845480993390083,-0.4102204144001007,-0.3710106909275055,0.03844012692570686,-0.4775143265724182,-0.5185627937316895,0.03266181796789169,-0.09700179845094681,-0.554317831993103,0.17567910254001617,-0.10720933973789215,-0.7628257870674133,0.1874305009841919,-0.17405423521995544,-0.870753288269043,0.17644467949867249,-0.24182628095149994,-0.9260207414627075,0.1643994152545929,-0.051137253642082214,-0.5805500149726868,0.12125959992408752,-0.050790440291166306,-0.8509737253189087,0.12350194156169891,-0.1494400054216385,-0.9468398690223694,0.1066674292087555,-0.24148692190647125,-0.964226245880127,0.09808112680912018,-0.021868905052542686,-0.5906577110290527,0.050511933863162994,-0.04084987938404083,-0.8597620725631714,0.03409499675035477,-0.15159223973751068,-0.9525079131126404,0.014621995389461517,-0.25375428795814514,-0.967268705368042,0.007030211389064789,-0.020998235791921616,-0.5897807478904724,-0.023753494024276733,-0.07687705010175705,-0.8054559826850891,-0.04619868844747543,-0.1707974672317505,-0.8951302170753479,-0.06135178729891777,-0.2615686058998108,-0.924975574016571,-0.06969889998435974
C,0.0,0.0,0.0,-0.16554699838161469,-0.07111193984746933,0.015266899950802326,-0.29754820466041565,-0.23844879865646362,0.020124509930610657,-0.408970445394516,-0.36512795090675354,0.0012213127920404077,-0.4730622172355652,-0.5160366892814636,-0.012686323374509811,-0.09671191871166229,-0.557822048664093,0.1402103155851364,-0.1079937070608139,-0.773394763469696,0.13302312791347504,-0.17862410843372345,-0.8776119947433472,0.10974107682704926,-0.2525121569633484,-0.9259105920791626,0.09205622225999832,-0.050076767802238464,-0.5801624059677124,0.09159519523382187,-0.04997410252690315,-0.851352334022522,0.07663218677043915,-0.1510433405637741,-0.9457278847694397,0.05110671743750572,-0.24784402549266815,-0.9612979888916016,0.03865562751889229,-0.018866611644625664,-0.5874950289726257,0.02681545913219452,-0.038387469947338104,-0.853156328201294,-0.00031561750802211463,-0.1493021696805954,-0.947755753993988,-0.02441735565662384,-0.2530943751335144,-0.9674416184425354,-0.03361038491129875,-0.012912343256175518,-0.5819274187088013,-0.04210715740919113,-0.0706699788570404,-0.7953442931175232,-0.07095948606729507,-0.16282504796981812,-0.8879427909851074,-0.08889205753803253,-0.25186702609062195,-0.9243449568748474,-0.09769850224256516
C,0.0,0.0,0.0,-0.16689357161521912,-0.07471262663602829,0.01745809055864811,-0.30638107657432556,-0.246132954955101,0.023367268964648247,-0.4223063886165619,-0.37465107440948486,0.004786109086126089,-0.4847385287284851,-0.5327684283256531,-0.008154644630849361,-0.11431941390037537,-0.5753688216209412,0.14374437928199768,-0.13379186391830444,-0.7946220636367798,0.12981729209423065,-0.2107449769973755,-0.885937511920929,0.09878651052713394,-0.287384957075119,-0.9197959303855896,0.07641547918319702,-0.06653401255607605,-0.5993770360946655,0.09255731850862503,-0.07551725208759308,-0.8765812516212463,0.0681527853012085,-0.18315203487873077,-0.9580098390579224,0.03345833346247673,-0.2836521565914154,-0.9456464648246765,0.01619379036128521,-0.03334420546889305,-0.604882001876831,0.02514074184000492,-0.05801629275083542,-0.8783577084541321,-0.00651136040687561,-0.1743071973323822,-0.9619131684303284,-0.03493094816803932,-0.27979961037635803,-0.9600584506988525,-0.046232279390096664,-0.023674432188272476,-0.5944940447807312,-0.04631175845861435,-0.08062294870615005,-0.8134227991104126,-0.07688084244728088,-0.17390863597393036,-0.9042609930038452,-0.09735502302646637,-0.26424500346183777,-0.931512713432312,-0.10786902159452438
C,0.0,0.0,0.0,-0.16895440220832825,-0.08404713869094849,0.025876203551888466,-0.30403968691825867,-0.25431665778160095,0.03645504638552666,-0.4159258306026459,-0.37972360849380493,0.019506970420479774,-0.4804915487766266,-0.5351852774620056,0.00753604294732213,-0.11110246181488037,-0.5771356225013733,0.16861099004745483,-0.12696178257465363,-0.7893617749214172,0.16655151546001434,-0.19779089093208313,-0.8840689659118652,0.14214427769184113,-0.271781325340271,-0.9258230924606323,0.12282250821590424,-0.06291776895523071,-0.5965860486030579,0.11362143605947495,-0.06817048043012619,-0.8677608370780945,0.10031180828809738,-0.16954757273197174,-0.9512203335762024,0.06982655078172684,-0.2661276161670685,-0.9519680738449097,0.05435759946703911,-0.029842063784599304,-0.6031962633132935,0.042002320289611816,-0.0517675057053566,-0.8714367151260376,0.01719028130173683,-0.16206036508083344,-0.9573520421981812,-0.00838871207088232,-0.26465320587158203,-0.9643436670303345,-0.01826697401702404,-0.020329998806118965,-0.5968331694602966,-0.03355535864830017,-0.07621356099843979,-0.8140212297439575,-0.05869705602526665,-0.1693507879972458,-0.9061260223388672,-0.0757240504026413,-0.2604450285434723,-0.9377062916755676,-0.08444903045892715
C,0.0,0.0,0.0,-0.1695002317428589,-0.07569142431020737,0.01949801668524742,-0.3058888912200928,-0.2500697672367096,0.029692308977246284,-0.4183136820793152,-0.3779368996620178,0.014595172367990017,-0.48264309763908386,-0.5312262177467346,0.005112302023917437,-0.11517418175935745,-0.5728207230567932,0.15910209715366364,-0.12452717125415802,-0.7873430252075195,0.1560000330209732,-0.1947532296180725,-0.8844985961914062,0.1328790932893753,-0.26796573400497437,-0.9278730750083923,0.11501166969537735,-0.06692159175872803,-0.5920226573944092,0.10918879508972168,-0.06597849726676941,-0.8635517358779907,0.09626270830631256,-0.1671542227268219,-0.9488793611526489,0.06948335468769073,-0.26307228207588196,-0.9533618092536926,0.05679163336753845,-0.03417009860277176,-0.598787784576416,0.04246394336223602,-0.04914944991469383,-0.8672769069671631,0.01821267232298851,-0.1599360704421997,-0.9555879831314087,-0.004968699999153614,-0.2630968689918518,-0.9647694230079651,-0.0130439642816782,-0.025370212271809578,-0.5949292182922363,-0.028628919273614883,-0.07750232517719269,-0.8094646334648132,-0.05269351229071617,-0.16820216178894043,-0.9020892381668091,-0.06845275312662125,-0.25683486461639404,-0.9343183636665344,-0.07600320130586624
C,0.0,0.0,0.0,-0.16921715438365936,-0.07759781926870346,0.015030481852591038,-0.307269424200058,-0.2508751451969147,0.019380023702979088,-0.42006418108940125,-0.3760886788368225,-7.101288792910054e-05,-0.48301368951797485,-0.5312820672988892,-0.013254152610898018,-0.11387418210506439,-0.5749325752258301,0.14063607156276703,-0.12481863051652908,-0.789089560508728,0.13072796165943146,-0.19518975913524628,-0.8855127692222595,0.10485025495290756,-0.2685614228248596,-0.9275475144386292,0.08563048392534256,-0.06456940621137619,-0.5941793918609619,0.09099937230348587,-0.06877218186855316,-0.8624722361564636,0.07212117314338684,-0.1709968000650406,-0.9477455615997314,0.04479612037539482,-0.26748543977737427,-0.9497305750846863,0.03186438977718353,-0.03235828876495361,-0.5982837080955505,0.02496534213423729,-0.0521102249622345,-0.8667164444923401,-0.0035139075480401516,-0.1644490659236908,-0.9554692506790161,-0.02612973377108574,-0.2677716016769409,-0.9634824395179749,-0.03380410745739937,-0.02724190056324005,-0.5890945792198181,-0.045594438910484314,-0.08273138105869293,-0.8035299181938171,-0.0737527385354042,-0.1738324910402298,-0.8981474041938782,-0.09105846285820007,-0.26221057772636414,-0.9325014352798462,-0.09930795431137085
C,0.0,0.0,0.0,-0.17051033675670624,-0.08636747300624847,0.025980141013860703,-0.3051696717739105,-0.2612331807613373,0.041394103318452835,-0.41191673278808594,-0.3844992220401764,0.031216003000736237,-0.47010737657546997,-0.5360450744628906,0.025904133915901184,-0.11830604821443558,-0.5760126113891602,0.1632319539785385,-0.13247430324554443,-0.7823120951652527,0.1634649932384491,-0.19863353669643402,-0.880206286907196,0.1411971002817154,-0.27091899514198303,-0.9322808980941772,0.1219276413321495,-0.07206114381551743,-0.5978376269340515,0.11083033680915833,-0.08076802641153336,-0.8580941557884216,0.09850452095270157,-0.17752180993556976,-0.9458075165748596,0.06837247312068939,-0.2724072337150574,-0.9525861740112305,0.05199922248721123,-0.03986726328730583,-0.6023565530776978,0.043005604296922684,-0.061170682311058044,-0.864021897315979,0.018917443230748177,-0.16852441430091858,-0.9520571231842041,-0.007389839272946119,-0.27017760276794434,-0.9628105163574219,-0.018496187403798103,-0.03037460520863533,-0.5925477147102356,-0.02825392596423626,-0.08651280403137207,-0.8026971817016602,-0.05272915959358215,-0.17524375021457672,-0.8950831890106201,-0.06979955732822418,-0.2622373104095459,-0.9314523339271545,-0.07880163192749023
C,0.0,0.0,0.0,-0.17094027996063232,-0.07625409960746765,0.030114658176898956,-0.3051546812057495,-0.24011795222759247,0.04512399062514305,-0.41323375701904297,-0.36675676703453064,0.03275778144598007,-0.47202420234680176,-0.5221827030181885,0.024803753942251205,-0.11576458066701889,-0.5586256980895996,0.17380216717720032,-0.1266033798456192,-0.7689805030822754,0.17941953241825104,-0.19186154007911682,-0.8720166087150574,0.16122643649578094,-0.2627239525318146,-0.9252083897590637,0.14451520144939423,-0.06917914003133774,-0.5834748148918152,0.11860468238592148,-0.0699392557144165,-0.8494288921356201,0.11122602224349976,-0.1699487268924713,-0.94049471616745,0.08568188548088074,-0.2664808928966522,-0.9526499509811401,0.07256294786930084,-0.03857763856649399,-0.5928709506988525,0.047490473836660385,-0.05380687490105629,-0.8550920486450195,0.02798803336918354,-0.1617344170808792,-0.9482628703117371,0.005791807547211647,-0.2637826204299927,-0.9645821452140808,-0.00326978275552392,-0.03282804787158966,-0.5881547331809998,-0.027349278330802917,-0.08525197952985764,-0.7960935235023499,-0.04794304072856903,-0.17288421094417572,-0.8909896016120911,-0.06265703588724136,-0.2585547864437103,-0.9314020276069641,-0.07063495367765427
C,0.0,0.0,0.0,-0.17382203042507172,-0.08145949244499207,0.03809872269630432,-0.31170937418937683,-0.25113746523857117,0.05575135722756386,-0.4206346571445465,-0.3785252273082733,0.044432807713747025,-0.4756543040275574,-0.5339642763137817,0.03716525807976723,-0.11995580792427063,-0.5578731894493103,0.18060268461704254,-0.13522376120090485,-0.7730190753936768,0.1884116679430008,-0.1989232897758484,-0.8740444183349609,0.17118492722511292,-0.26990950107574463,-0.9266049861907959,0.155054971575737,-0.07128268480300903,-0.5813049674034119,0.12114918231964111,-0.0787988007068634,-0.8499959111213684,0.1155959814786911,-0.1778993308544159,-0.9428451061248779,0.08885177224874496,-0.2728832960128784,-0.9531019926071167,0.07420865446329117,-0.041729118674993515,-0.5889118909835815,0.04651414602994919,-0.06391230970621109,-0.8519662022590637,0.029196860268712044,-0.17056483030319214,-0.9455671906471252,0.005782813299447298,-0.26993420720100403,-0.9628787636756897,-0.0051013994961977005,-0.03921610116958618,-0.5813443660736084,-0.031014811247587204,-0.09183631092309952,-0.7940506339073181,-0.049610063433647156,-0.1793111115694046,-0.8883931636810303,-0.06429839879274368,-0.2649535834789276,-0.9278239011764526,-0.07332727313041687
C,0.0,0.0,0.0,-0.17104896903038025,-0.07561955600976944,0.012964129447937012,-0.3004813492298126,-0.2396685928106308,0.0174855999648571,-0.40870559215545654,-0.36701700091362,-0.0007056733011268079,-0.4649316370487213,-0.5211555361747742,-0.01348581351339817,-0.10545064508914948,-0.5668468475341797,0.137088343501091,-0.11745775490999222,-0.7769196033477783,0.13037344813346863,-0.1858508288860321,-0.8757410645484924,0.10566411912441254,-0.2599794268608093,-0.9242807626724243,0.08590260148048401,-0.05710594356060028,-0.5884497165679932,0.09036926925182343,-0.06376565992832184,-0.8521606922149658,0.07528890669345856,-0.16256660223007202,-0.9417851567268372,0.04753165692090988,-0.2575703263282776,-0.9534313082695007,0.03222396969795227,-0.026623772457242012,-0.5909298062324524,0.02795008383691311,-0.0468812994658947,-0.8543285131454468,0.002450353465974331,-0.15584979951381683,-0.9480181336402893,-0.021819021552801132,-0.2586219906806946,-0.9659785628318787,-0.032455332577228546,-0.023107729852199554,-0.5778741836547852,-0.03891211003065109,-0.07445289939641953,-0.7890565395355225,-0.0661160796880722,-0.16478918492794037,-0.8827798366546631,-0.08431151509284973,-0.2549688220024109,-0.9189351797103882,-0.09416478127241135
C,0.0,0.0,0.0,-0.16977103054523468,-0.08015001565217972,0.026235247030854225,-0.30534300208091736,-0.25039443373680115,0.03948182240128517,-0.41678398847579956,-0.37477439641952515,0.025484858080744743,-0.4757382571697235,-0.5287222266197205,0.01626076176762581,-0.11301296949386597,-0.5707046985626221,0.17093829810619354,-0.13073548674583435,-0.7811117172241211,0.17228855192661285,-0.1995100975036621,-0.8803427219390869,0.14974629878997803,-0.2724313735961914,-0.9299970269203186,0.1306052953004837,-0.06456612795591354,-0.5936563014984131,0.11661576479673386,-0.07253555208444595,-0.8628431558609009,0.10452594608068466,-0.17230820655822754,-0.9534378051757812,0.07234734296798706,-0.26898443698883057,-0.9556427001953125,0.05585485324263573,-0.0313858836889267,-0.5997978448867798,0.046302903443574905,-0.05717387795448303,-0.8692582845687866,0.02191760390996933,-0.16850219666957855,-0.9567714929580688,-0.006118000019341707,-0.2722139060497284,-0.962236762046814,-0.017219457775354385,-0.02325214259326458,-0.590131402015686,-0.02768087387084961,-0.08272041380405426,-0.8073520064353943,-0.05352870002388954,-0.17753863334655762,-0.8965039849281311,-0.07201669365167618,-0.26899874210357666,-0.9253953099250793,-0.08118654787540436
C,0.0,0.0,0.0,-0.17390431463718414,-0.07781760394573212,0.014491260051727295,-0.3121667802333832,-0.24499836564064026,0.02117515169084072,-0.4228951632976532,-0.37513089179992676,0.0035753468982875347,-0.4797251522541046,-0.5368370413780212,-0.007061653770506382,-0.1211148202419281,-0.584661602973938,0.14982940256595612,-0.13479728996753693,-0.802539587020874,0.13970309495925903,-0.211452454328537,-0.8919540047645569,0.11171046644449234,-0.28913700580596924,-0.9299065470695496,0.09085066616535187,-0.072346031665802,-0.6054216027259827,0.10133663564920425,-0.07844939082860947,-0.8819661736488342,0.0815967470407486,-0.18719100952148438,-0.9613574743270874,0.05093523859977722,-0.2858031988143921,-0.953644871711731,0.035885825753211975,-0.04036354273557663,-0.6096999645233154,0.035792458802461624,-0.06104237958788872,-0.8862097859382629,0.005322020035237074,-0.18185316026210785,-0.9630677700042725,-0.020625106990337372,-0.2889953851699829,-0.9573304653167725,-0.029821738600730896,-0.031627871096134186,-0.6017652153968811,-0.03432181850075722,-0.08692485839128494,-0.8220458626747131,-0.065277099609375,-0.18726660311222076,-0.9034425020217896,-0.08460021018981934,-0.28235262632369995,-0.9199139475822449,-0.09356838464736938
C,0.0,0.0,0.0,-0.178174689412117,-0.08732785284519196,0.021567797288298607,-0.3162636458873749,-0.2565789222717285,0.029843609780073166,-0.42827504873275757,-0.3891635537147522,0.011032192967832088,-0.4864441156387329,-0.551722526550293,-0.0010863535571843386,-0.11683894693851471,-0.595795750617981,0.1676725298166275,-0.12598441541194916,-0.8148723840713501,0.15627723932266235,-0.20728623867034912,-0.8981966376304626,0.12375328689813614,-0.2892650067806244,-0.9235272407531738,0.10106094181537628,-0.07059825211763382,-0.6142244935035706,0.1156882643699646,-0.07859178632497787,-0.8909157514572144,0.09765997529029846,-0.18791115283966064,-0.9677963852882385,0.06329433619976044,-0.28484535217285156,-0.9544004797935486,0.04533153399825096,-0.03845933824777603,-0.6184468865394592,0.046051573008298874,-0.06077412888407707,-0.8931096792221069,0.019599854946136475,-0.18245336413383484,-0.9686803817749023,-0.007352691609412432,-0.28899306058883667,-0.9573312401771545,-0.017772458493709564,-0.02536475472152233,-0.6119031310081482,-0.02811703272163868,-0.07880090177059174,-0.8313510417938232,-0.05320049449801445,-0.180644690990448,-0.914167582988739,-0.07044140994548798,-0.2770019769668579,-0.9268398284912109,-0.07853829115629196
C,0.0,0.0,0.0,-0.1837317794561386,-0.08941451460123062,0.019818710163235664,-0.32223576307296753,-0.2546992003917694,0.022039880976080894,-0.43590420484542847,-0.3870668411254883,-0.0050416202284395695,-0.49396583437919617,-0.5518577694892883,-0.022608475759625435,-0.11695517599582672,-0.6091304421424866,0.1640511006116867,-0.1249171793460846,-0.8478721976280212,0.13584254682064056,-0.22380034625530243,-0.9186509847640991,0.09329923242330551,-0.3110317587852478,-0.9151450991630554,0.0683799535036087,-0.07425134629011154,-0.632016122341156,0.11073609441518784,-0.08043135702610016,-0.9204455614089966,0.08187440037727356,-0.21331281960010529,-0.9767977595329285,0.04608956724405289,-0.3133838176727295,-0.9339200258255005,0.03035527653992176,-0.042332928627729416,-0.6417567729949951,0.03835735470056534,-0.057889532297849655,-0.9256197810173035,0.00779384933412075,-0.20154312252998352,-0.9794796109199524,-0.01519898883998394,-0.3107859492301941,-0.9365610480308533,-0.020631689578294754,-0.026287678629159927,-0.6389279365539551,-0.039848070591688156,-0.06658651679754257,-0.8635075092315674,-0.06484203785657883,-0.1833442747592926,-0.9276346564292908,-0.07827240228652954,-0.285107284784317,-0.9066992402076721,-0.08137551695108414
C,0.0,0.0,0.0,-0.18636181950569153,-0.09396170824766159,0.010073223151266575,-0.3239966332912445,-0.2570827305316925,0.008555259555578232,-0.44132697582244873,-0.3863023519515991,-0.019848303869366646,-0.4944019615650177,-0.5519509315490723,-0.03842112421989441,-0.11742066591978073,-0.6127802729606628,0.15093813836574554,-0.1231703981757164,-0.8455346822738647,0.12157654017210007,-0.21675360202789307,-0.9174104928970337,0.07844618707895279,-0.30210068821907043,-0.9234210848808289,0.05185173451900482,-0.07058106362819672,-0.6348958015441895,0.10237772017717361,-0.07240501046180725,-0.9185171723365784,0.07144536077976227,-0.1985810101032257,-0.9800844192504883,0.03495873883366585,-0.2970987856388092,-0.9469372034072876,0.017438821494579315,-0.03460768237709999,-0.6434583067893982,0.034356050193309784,-0.048987239599227905,-0.920337438583374,-0.00034861703170463443,-0.19066312909126282,-0.9737734198570251,-0.026133593171834946,-0.29948580265045166,-0.9334069490432739,-0.033390969038009644,-0.014017140492796898,-0.6396097540855408,-0.039799753576517105,-0.054317280650138855,-0.8598196506500244,-0.06775641441345215,-0.17170771956443787,-0.922186553478241,-0.08349859714508057,-0.2760549485683441,-0.9004965424537659,-0.08867241442203522
C,0.0,0.0,0.0,-0.1921275407075882,-0.08751165121793747,0.035315509885549545,-0.3317522704601288,-0.249628946185112,0.04583094269037247,-0.44676846265792847,-0.3833218812942505,0.02312915213406086,-0.5042665004730225,-0.5481225252151489,0.008093515411019325,-0.12476275116205215,-0.5983015894889832,0.19092656672000885,-0.13315103948116302,-0.8284491896629333,0.1757851243019104,-0.22888171672821045,-0.9009919762611389,0.139915332198143,-0.31274521350860596,-0.9069172143936157,0.11744332313537598,-0.07684648782014847,-0.6279074549674988,0.13110901415348053,-0.08705359697341919,-0.9118708372116089,0.1142500713467598,-0.21921880543231964,-0.9745705723762512,0.0817861407995224,-0.31803667545318604,-0.9359651803970337,0.06647121161222458,-0.041499290615320206,-0.6422764658927917,0.05290704220533371,-0.06088629364967346,-0.9250911474227905,0.03197038918733597,-0.20594286918640137,-0.9785640239715576,0.011831887997686863,-0.313721239566803,-0.9318972826004028,0.006704831030219793,-0.02354208566248417,-0.6435981392860413,-0.030273761600255966,-0.06551939994096756,-0.8645090460777283,-0.048187896609306335,-0.18466408550739288,-0.924544632434845,-0.05859837308526039,-0.28612571954727173,-0.8971015810966492,-0.06078286096453667
C,0.0,0.0,0.0,-0.1880013793706894,-0.09891723096370697,0.021051235496997833,-0.33420300483703613,-0.2709678113460541,0.021824268624186516,-0.45114147663116455,-0.40943172574043274,-0.008552908897399902,-0.49133628606796265,-0.5741468071937561,-0.028362372890114784,-0.1366504281759262,-0.6185454726219177,0.1741425096988678,-0.1289907544851303,-0.8593148589134216,0.1468498706817627,-0.2209264189004898,-0.924053966999054,0.10733871906995773,-0.30331772565841675,-0.9087740778923035,0.08579397201538086,-0.09212194383144379,-0.6374984383583069,0.12112201750278473,-0.08742798864841461,-0.9271626472473145,0.09407086670398712,-0.21541333198547363,-0.9765229225158691,0.06392770260572433,-0.30781012773513794,-0.9306029677391052,0.05345035716891289,-0.06159938871860504,-0.6448155641555786,0.04785724729299545,-0.06980596482753754,-0.9306344985961914,0.019123194739222527,-0.21170970797538757,-0.9670040607452393,0.0017978744581341743,-0.31322112679481506,-0.9073881506919861,0.0015529649099335074,-0.04991545155644417,-0.6402035355567932,-0.031337641179561615,-0.08521194756031036,-0.8657919764518738,-0.051739998161792755,-0.20137391984462738,-0.9122994542121887,-0.06060149893164635,-0.2975159287452698,-0.8711822628974915,-0.060010265558958054
C,0.0,0.0,0.0,-0.18945305049419403,-0.09937743097543716,0.01926662027835846,-0.33771076798439026,-0.2682846486568451,0.02056671306490898,-0.45339125394821167,-0.4090091288089752,-0.008327212184667587,-0.4917745292186737,-0.5743585228919983,-0.02678447589278221,-0.14055554568767548,-0.6192808151245117,0.1726381927728653,-0.13811352849006653,-0.8557345271110535,0.14550524950027466,-0.22636716067790985,-0.9178876876831055,0.10378586500883102,-0.30703553557395935,-0.9013702869415283,0.08018586039543152,-0.09652015566825867,-0.6421948671340942,0.12157365679740906,-0.10014776885509491,-0.9254897832870483,0.09287070482969284,-0.22481988370418549,-0.9744003415107727,0.05786585807800293,-0.31596922874450684,-0.9230999946594238,0.04362855479121208,-0.06542479991912842,-0.6495428085327148,0.050866253674030304,-0.07952748239040375,-0.9301085472106934,0.021779324859380722,-0.2176152765750885,-0.9656115770339966,0.0012053271057084203,-0.31640103459358215,-0.901465117931366,-0.0013098801719024777,-0.050377462059259415,-0.6418405175209045,-0.02568802982568741,-0.08585876226425171,-0.8646758794784546,-0.04608048126101494,-0.19886794686317444,-0.9150698184967041,-0.05610128492116928,-0.29279524087905884,-0.8751354813575745,-0.056225020438432693
C,0.0,0.0,0.0,-0.1883389800786972,-0.09175384044647217,-1.1720888323907275e-05,-0.34160473942756653,-0.2601793706417084,-0.007486916612833738,-0.4587377905845642,-0.42115700244903564,-0.04086291417479515,-0.48777469992637634,-0.5990086197853088,-0.06211688369512558,-0.14801502227783203,-0.6141011714935303,0.1477171927690506,-0.15141639113426208,-0.8574389815330505,0.10408182442188263,-0.25006845593452454,-0.9124162793159485,0.052958182990550995,-0.33781927824020386,-0.8889495730400085,0.025318624451756477,-0.0990566536784172,-0.639255166053772,0.10584502667188644,-0.10909030586481094,-0.9292636513710022,0.06482172012329102,-0.23900321125984192,-0.9710187911987305,0.02731514163315296,-0.33444058895111084,-0.9163273572921753,0.012629694305360317,-0.06255115568637848,-0.6504003405570984,0.04239608347415924,-0.0808836817741394,-0.9389880299568176,0.0007843298371881247,-0.22463496029376984,-0.9675005078315735,-0.0216739010065794,-0.32790860533714294,-0.8989610075950623,-0.023052789270877838,-0.04059202969074249,-0.6471417546272278,-0.027953313663601875,-0.08220242708921432,-0.8770480155944824,-0.057900894433259964,-0.2006676346063614,-0.9188632369041443,-0.07117466628551483,-0.2990235984325409,-0.8693380355834961,-0.07206843048334122
C,0.0,0.0,0.0,-0.18567121028900146,-0.10176663100719452,-0.004071416333317757,-0.33855608105659485,-0.27919843792915344,-0.013089095242321491,-0.45423823595046997,-0.43715837597846985,-0.04743259772658348,-0.48178768157958984,-0.6177727580070496,-0.06898316740989685,-0.1501660943031311,-0.6154564023017883,0.1431257575750351,-0.16185550391674042,-0.8617478609085083,0.09363498538732529,-0.2596803903579712,-0.9180981516838074,0.036845989525318146,-0.3458949327468872,-0.8938144445419312,0.006107277702540159,-0.10408791899681091,-0.637294352054596,0.10212531685829163,-0.11792650073766708,-0.9295850992202759,0.051560573279857635,-0.24930915236473083,-0.9684239625930786,0.004712138790637255,-0.3461282551288605,-0.903840959072113,-0.014061626978218555,-0.0694417729973793,-0.6460408568382263,0.03991420567035675,-0.08805028349161148,-0.9388163089752197,-0.005995728075504303,-0.22961507737636566,-0.9669837951660156,-0.03357839584350586,-0.3299289345741272,-0.8927085399627686,-0.03662597015500069,-0.04782670736312866,-0.6385679244995117,-0.029364705085754395,-0.08270688354969025,-0.8755471706390381,-0.05994695797562599,-0.19547393918037415,-0.9256106019020081,-0.07413023710250854,-0.2888389825820923,-0.8775357007980347,-0.07487887144088745
C,0.0,0.0,0.0,-0.18799802660942078,-0.09624280035495758,0.0024472398217767477,-0.3412892818450928,-0.2716396152973175,-0.004414920695126057,-0.45774513483047485,-0.43421125411987305,-0.03771728649735451,-0.4840914011001587,-0.6159777641296387,-0.058213334530591965,-0.1491999328136444,-0.6232753992080688,0.15571242570877075,-0.1654331386089325,-0.866470217704773,0.11084677278995514,-0.26652806997299194,-0.905519425868988,0.057148147374391556,-0.3526124656200409,-0.8653751015663147,0.02918478101491928,-0.10102721303701401,-0.6461453437805176,0.11322176456451416,-0.12073886394500732,-0.9370307326316833,0.07240679860115051,-0.24996112287044525,-0.9682559370994568,0.03028900921344757,-0.34259793162345886,-0.9028869271278381,0.013261348009109497,-0.06417034566402435,-0.6543691754341125,0.04934443533420563,-0.09009759873151779,-0.9460278153419495,0.009945341385900974,-0.2314004749059677,-0.9686107039451599,-0.014159834012389183,-0.33059021830558777,-0.8927403688430786,-0.01643456518650055,-0.0438123419880867,-0.6472053527832031,-0.02101154997944832,-0.09376415610313416,-0.8802030682563782,-0.04686693847179413,-0.2107015699148178,-0.9204732179641724,-0.05796864256262779,-0.3043696880340576,-0.8709389567375183,-0.05727741867303848
C,0.0,0.0,0.0,-0.18669278919696808,-0.10517820715904236,0.0010340767912566662,-0.34172824025154114,-0.2792436182498932,-0.006069048773497343,-0.4620535373687744,-0.43790075182914734,-0.04090914502739906,-0.4882981777191162,-0.6224570274353027,-0.06306754052639008,-0.14857055246829987,-0.6272554397583008,0.1646212488412857,-0.1593971997499466,-0.8717597126960754,0.1209293007850647,-0.25491055846214294,-0.9143981337547302,0.06631931662559509,-0.3359493315219879,-0.8741016983985901,0.03686990961432457,-0.10387023538351059,-0.6509785652160645,0.1221189945936203,-0.12073390185832977,-0.9374907612800598,0.07934050261974335,-0.2502925395965576,-0.9681702852249146,0.03334915265440941,-0.34176862239837646,-0.8974270224571228,0.01402374915778637,-0.06973069906234741,-0.6607221364974976,0.05749775469303131,-0.09160692989826202,-0.9509686827659607,0.017158176749944687,-0.23139652609825134,-0.9702269434928894,-0.008562096394598484,-0.3279597759246826,-0.8877547979354858,-0.011031531728804111,-0.050000905990600586,-0.6555399894714355,-0.014048945158720016,-0.09452099353075027,-0.8878575563430786,-0.03998330608010292,-0.2082950472831726,-0.9277710318565369,-0.051511138677597046,-0.2993994653224945,-0.8727508187294006,-0.05054458975791931
C,0.0,0.0,0.0,-0.1874411255121231,-0.10466364771127701,-0.0015332360053434968,-0.3421659469604492,-0.2785795032978058,-0.007884129881858826,-0.46183937788009644,-0.43976372480392456,-0.04055534675717354,-0.4885731637477875,-0.6259922385215759,-0.06096178665757179,-0.1528734415769577,-0.6156609654426575,0.15665198862552643,-0.16772744059562683,-0.8587267994880676,0.11366129666566849,-0.26037898659706116,-0.9106315970420837,0.06041843444108963,-0.33784568309783936,-0.8774570226669312,0.03176995739340782,-0.10659670829772949,-0.6438285708427429,0.11711274087429047,-0.12959814071655273,-0.9326722621917725,0.07344308495521545,-0.2595321536064148,-0.9657344818115234,0.02745744027197361,-0.3527598977088928,-0.8890435695648193,0.008563104085624218,-0.0702214390039444,-0.6567298769950867,0.05627179518342018,-0.09176109731197357,-0.949786901473999,0.0164876040071249,-0.23037782311439514,-0.9721445441246033,-0.009907606057822704,-0.32808881998062134,-0.8872965574264526,-0.01294448971748352,-0.04652300849556923,-0.6542488932609558,-0.011441830545663834,-0.08433841913938522,-0.887549102306366,-0.037660516798496246,-0.19475021958351135,-0.9316527247428894,-0.05048203840851784,-0.28630417585372925,-0.876144528388977,-0.050409961491823196
C,0.0,0.0,0.0,-0.19029220938682556,-0.10265001654624939,0.0003124242357444018,-0.34524691104888916,-0.274987131357193,-0.008395618759095669,-0.46284595131874084,-0.43520790338516235,-0.04367964714765549,-0.4781385064125061,-0.6180164217948914,-0.06636397540569305,-0.152690589427948,-0.6148326396942139,0.15369534492492676,-0.16808468103408813,-0.8597621321678162,0.10457126051187515,-0.26656395196914673,-0.9048705101013184,0.04648636281490326,-0.3473237156867981,-0.86692875623703,0.014949017204344273,-0.10530539602041245,-0.6387739777565002,0.11085642129182816,-0.12563739717006683,-0.9321972131729126,0.061298567801713943,-0.2573375105857849,-0.966321587562561,0.01286871638149023,-0.34987130761146545,-0.8894187211990356,-0.006958524696528912,-0.06877051293849945,-0.6479920148849487,0.046662621200084686,-0.09189283102750778,-0.9447437524795532,0.0031295516528189182,-0.23250748217105865,-0.9671378135681152,-0.023008404299616814,-0.32876089215278625,-0.8825281262397766,-0.025322772562503815,-0.045235831290483475,-0.6397296786308289,-0.024413907900452614,-0.08844366669654846,-0.8753735423088074,-0.05343127250671387,-0.20282429456710815,-0.9192890524864197,-0.06653670221567154,-0.2949419915676117,-0.8647121787071228,-0.0663202553987503
C,0.0,0.0,0.0,-0.191275492310524,-0.10507363826036453,0.0007913464214652777,-0.3443309962749481,-0.2751629054546356,-0.006293561775237322,-0.46164295077323914,-0.4373166561126709,-0.04092533886432648,-0.4779839515686035,-0.6233400106430054,-0.06339555233716965,-0.15571552515029907,-0.6148291230201721,0.16260525584220886,-0.17263907194137573,-0.8597529530525208,0.11398053169250488,-0.27076736092567444,-0.9017522931098938,0.05455072596669197,-0.35135895013809204,-0.8608003854751587,0.022378098219633102,-0.10918845236301422,-0.6427595615386963,0.12028644979000092,-0.12831100821495056,-0.9360306262969971,0.07164085656404495,-0.25991442799568176,-0.9656316637992859,0.020602433010935783,-0.351847380399704,-0.8858104944229126,-0.0009970484534278512,-0.07270124554634094,-0.6540123820304871,0.056048788130283356,-0.09292849898338318,-0.9504309892654419,0.012857415713369846,-0.23356729745864868,-0.9695971608161926,-0.016579290851950645,-0.32916533946990967,-0.8823572993278503,-0.020971357822418213,-0.049985311925411224,-0.6457557082176208,-0.014972311444580555,-0.09091626107692719,-0.8812381029129028,-0.04269377887248993,-0.20509301126003265,-0.9211876392364502,-0.056308846920728683,-0.2965794503688812,-0.863407552242279,-0.056628771126270294
C,0.0,0.0,0.0,-0.17966267466545105,-0.08086416870355606,0.008205165155231953,-0.33004188537597656,-0.2529759705066681,0.008356766775250435,-0.4407920241355896,-0.41113385558128357,-0.015677418559789658,-0.4717461168766022,-0.5832885503768921,-0.029735244810581207,-0.13937509059906006,-0.592983067035675,0.14749719202518463,-0.1438778191804886,-0.8232312202453613,0.12127678841352463,-0.22789762914180756,-0.9066892266273499,0.08107562363147736,-0.30958327651023865,-0.9263805150985718,0.055461328476667404,-0.09504710137844086,-0.6153671145439148,0.10228137671947479,-0.09778327494859695,-0.8985960483551025,0.06930791586637497,-0.2160082310438156,-0.9715895652770996,0.034547027200460434,-0.31376004219055176,-0.9495022892951965,0.019752509891986847,-0.06383738666772842,-0.6202784180641174,0.038386691361665726,-0.07907548546791077,-0.9018567204475403,0.0030980664305388927,-0.20655356347560883,-0.9668258428573608,-0.019341977313160896,-0.30745550990104675,-0.9380186200141907,-0.02344180829823017,-0.04730594903230667,-0.6093038320541382,-0.03134538233280182,-0.08852772414684296,-0.8302057385444641,-0.06010178104043007,-0.19188305735588074,-0.9028040170669556,-0.07532056421041489,-0.2818779945373535,-0.897563636302948,-0.07943127304315567
C,0.0,0.0,0.0,-0.1680867075920105,-0.07907912135124207,0.01749955676496029,-0.3075738251209259,-0.2487727850675583,0.024888865649700165,-0.41462409496307373,-0.3918362259864807,0.008734863251447678,-0.4519273638725281,-0.5532743334770203,-0.00040872153476811945,-0.13008426129817963,-0.5649847984313965,0.14211854338645935,-0.1397598683834076,-0.7823891639709473,0.13146810233592987,-0.2103230357170105,-0.8814935684204102,0.1058662161231041,-0.2844444215297699,-0.9309029579162598,0.08633191883563995,-0.08460409194231033,-0.5852655172348022,0.09413120895624161,-0.08870521187782288,-0.8587416410446167,0.07361903786659241,-0.19184355437755585,-0.9506221413612366,0.04847102239727974,-0.28699779510498047,-0.9579312205314636,0.03731997311115265,-0.05313688889145851,-0.5881916880607605,0.030214926227927208,-0.07206103950738907,-0.8590747117996216,0.0014961182605475187,-0.18581469357013702,-0.9428567290306091,-0.017843710258603096,-0.28586217761039734,-0.9451752305030823,-0.022691331803798676,-0.04022993519902229,-0.5774564743041992,-0.03810765966773033,-0.08595670759677887,-0.7905680537223816,-0.06609969586133957,-0.17892393469810486,-0.8740137219429016,-0.08196471631526947,-0.26725801825523376,-0.8934940695762634,-0.08848848193883896
C,0.0,0.0,0.0,-0.1714770644903183,-0.08370965719223022,0.0263742096722126,-0.3097468316555023,-0.24965381622314453,0.038059525191783905,-0.4163838326931,-0.3875008821487427,0.02364194393157959,-0.4611850380897522,-0.54878830909729,0.01514155138283968,-0.12879972159862518,-0.5681833624839783,0.1637500673532486,-0.14605699479579926,-0.7782312631607056,0.1622823029756546,-0.21098054945468903,-0.8770026564598083,0.13875478506088257,-0.28595805168151855,-0.9340915083885193,0.11825510859489441,-0.08091185986995697,-0.5889339447021484,0.11004114896059036,-0.08852937072515488,-0.8510143756866455,0.09446322172880173,-0.18763574957847595,-0.942980170249939,0.06491600722074509,-0.2853756248950958,-0.9584157466888428,0.049142055213451385,-0.05055522546172142,-0.5931341052055359,0.04057282581925392,-0.07452157884836197,-0.8528430461883545,0.013003177009522915,-0.1829734593629837,-0.9405140280723572,-0.011374183930456638,-0.28466129302978516,-0.9546620845794678,-0.020598720759153366,-0.04197560250759125,-0.5827523469924927,-0.03248295560479164,-0.09419108182191849,-0.7921563982963562,-0.0586216114461422,-0.18511435389518738,-0.8786569833755493,-0.0748281478881836,-0.27467066049575806,-0.909785270690918,-0.08311541378498077
C,0.0,0.0,0.0,-0.1746363639831543,-0.08287099003791809,0.01787458173930645,-0.30918440222740173,-0.24966885149478912,0.0267923716455698,-0.4175505042076111,-0.38186681270599365,0.011194719932973385,-0.4721553325653076,-0.5415506362915039,0.0013008483219891787,-0.12069247663021088,-0.5713610053062439,0.15119287371635437,-0.14237819612026215,-0.7814233303070068,0.14589862525463104,-0.21196667850017548,-0.8818752765655518,0.1218370571732521,-0.2873753607273102,-0.9365597367286682,0.10234354436397552,-0.07325096428394318,-0.5934785604476929,0.1020725890994072,-0.08457011729478836,-0.8625712990760803,0.08403421938419342,-0.18768104910850525,-0.951877236366272,0.055182043462991714,-0.2857440710067749,-0.9583059549331665,0.04148704186081886,-0.040856920182704926,-0.5978452563285828,0.036946315318346024,-0.06830449402332306,-0.8644617795944214,0.008719847537577152,-0.184652641415596,-0.9491734504699707,-0.015624434687197208,-0.2907664179801941,-0.9559145569801331,-0.02399302087724209,-0.030780481174588203,-0.5866705179214478,-0.03247994929552078,-0.08705605566501617,-0.7976722121238708,-0.060872819274663925,-0.18335260450839996,-0.8827574253082275,-0.07888320833444595,-0.2755747139453888,-0.9115111827850342,-0.08722638338804245
C,0.0,0.0,0.0,-0.17337796092033386,-0.08081983029842377,0.023733895272016525,-0.31129908561706543,-0.24979938566684723,0.03401654213666916,-0.4205588400363922,-0.3840991258621216,0.018450260162353516,-0.47895514965057373,-0.5439034700393677,0.008369244635105133,-0.12827514111995697,-0.573830783367157,0.15442293882369995,-0.14772416651248932,-0.7874984741210938,0.14589408040046692,-0.22095012664794922,-0.8808974027633667,0.11877117305994034,-0.2996021509170532,-0.9249166250228882,0.09838230907917023,-0.08116456121206284,-0.5948402285575867,0.10185030847787857,-0.09154320508241653,-0.8671011924743652,0.08249585330486298,-0.1960720270872116,-0.9535989761352539,0.052242960780858994,-0.2943825125694275,-0.9556876420974731,0.037665314972400665,-0.04775164648890495,-0.5967469811439514,0.033412281423807144,-0.07557307928800583,-0.86642986536026,0.0052478499710559845,-0.19127045571804047,-0.9472072124481201,-0.018773147836327553,-0.29559919238090515,-0.948924720287323,-0.02718234993517399,-0.03488273173570633,-0.5829452276229858,-0.03893102705478668,-0.08941557258367538,-0.7987502217292786,-0.0668732151389122,-0.18560832738876343,-0.8822094202041626,-0.08419561386108398,-0.2777585983276367,-0.905392587184906,-0.09225083142518997
C,0.0,0.0,0.0,-0.17554399371147156,-0.07648641616106033,0.016651052981615067,-0.3155490756034851,-0.24473904073238373,0.023377234116196632,-0.4247730076313019,-0.3837054967880249,0.00548842828720808,-0.4809693396091461,-0.548275887966156,-0.006206521764397621,-0.13111786544322968,-0.5762982964515686,0.14968352019786835,-0.15324942767620087,-0.7910823822021484,0.13699613511562347,-0.22802065312862396,-0.8837085366249084,0.10665571689605713,-0.3084344267845154,-0.9219954013824463,0.084784135222435,-0.08460195362567902,-0.5976853966712952,0.10002759844064713,-0.10182729363441467,-0.8690018057823181,0.07850947976112366,-0.20893454551696777,-0.9546435475349426,0.0471840426325798,-0.3110230267047882,-0.9504023790359497,0.03191899508237839,-0.05118599906563759,-0.6016671061515808,0.03363800421357155,-0.0823163315653801,-0.871157169342041,0.004612919874489307,-0.19830217957496643,-0.9514473080635071,-0.01885596662759781,-0.30437299609184265,-0.9478775262832642,-0.02683364599943161,-0.03629959374666214,-0.5906418561935425,-0.03751928359270096,-0.09257733076810837,-0.8051099181175232,-0.06577544659376144,-0.18746007978916168,-0.8884105682373047,-0.08268490433692932,-0.27924472093582153,-0.9083154797554016,-0.09019249677658081
C,0.0,0.0,0.0,-0.16934679448604584,-0.08321289718151093,0.031107060611248016,-0.31093743443489075,-0.2613314092159271,0.046751100569963455,-0.42100322246551514,-0.3960857689380646,0.03507603332400322,-0.4768814146518707,-0.5574971437454224,0.02976933680474758,-0.1327085942029953,-0.588811457157135,0.17121820151805878,-0.1514793187379837,-0.8031388521194458,0.1678781360387802,-0.2243957668542862,-0.8920512795448303,0.14200623333454132,-0.3041026294231415,-0.9311674237251282,0.12166088819503784,-0.08682840317487717,-0.6072226762771606,0.11608660966157913,-0.10091663151979446,-0.8736051321029663,0.10240000486373901,-0.20612497627735138,-0.9565379023551941,0.0725281685590744,-0.30520227551460266,-0.9522875547409058,0.057127922773361206,-0.05479355901479721,-0.6098251342773438,0.045077260583639145,-0.08227929472923279,-0.8729224801063538,0.023167937994003296,-0.1967787742614746,-0.9521335363388062,0.00029713925323449075,-0.30092325806617737,-0.9499550461769104,-0.008552196435630322,-0.04135119915008545,-0.5993085503578186,-0.02984289638698101,-0.09225718677043915,-0.8108240365982056,-0.05120702087879181,-0.18663500249385834,-0.8946074843406677,-0.0665535181760788,-0.277576208114624,-0.9154584407806396,-0.07440540194511414
C,0.0,0.0,0.0,-0.16857974231243134,-0.07749268412590027,0.020746106281876564,-0.3086685240268707,-0.25000086426734924,0.03292621672153473,-0.4190957546234131,-0.3890673518180847,0.019914936274290085,-0.47896435856819153,-0.5473216772079468,0.01326174195855856,-0.12829174101352692,-0.5770813822746277,0.16018955409526825,-0.15227721631526947,-0.7880464792251587,0.15399590134620667,-0.22786559164524078,-0.8770931959152222,0.1266798973083496,-0.3079965114593506,-0.9197486042976379,0.10554149746894836,-0.08092143386602402,-0.5983403325080872,0.11071599274873734,-0.10007808357477188,-0.8650818467140198,0.09539393335580826,-0.20928160846233368,-0.9490728974342346,0.06625807285308838,-0.310159295797348,-0.9506845474243164,0.051201097667217255,-0.046458061784505844,-0.6029680967330933,0.04464294761419296,-0.080153688788414,-0.870404839515686,0.01761644333600998,-0.20064756274223328,-0.9463616013526917,-0.005392025224864483,-0.30725252628326416,-0.942436933517456,-0.013049768283963203,-0.02979612536728382,-0.5940737724304199,-0.025739097967743874,-0.0872381180524826,-0.8071321845054626,-0.052281949669122696,-0.18592911958694458,-0.8829502463340759,-0.06791605800390244,-0.2790757417678833,-0.8960883021354675,-0.07483166456222534
C,0.0,0.0,0.0,-0.1702929437160492,-0.0846250131726265,-0.0017743201460689306,-0.30831804871559143,-0.2559525668621063,-0.00649462454020977,-0.422110378742218,-0.38804709911346436,-0.030878417193889618,-0.47638264298439026,-0.5475632548332214,-0.04775442183017731,-0.13447599112987518,-0.5922821760177612,0.11359861493110657,-0.16019539535045624,-0.8091217279434204,0.08245112746953964,-0.24076378345489502,-0.8913851976394653,0.0392027422785759,-0.32411620020866394,-0.9201385974884033,0.010798183269798756,-0.08475037664175034,-0.6068358421325684,0.07322589308023453,-0.10389538109302521,-0.8789494037628174,0.03568431735038757,-0.21205437183380127,-0.9590471982955933,-0.0052497852593660355,-0.31348666548728943,-0.9495925903320312,-0.02547384798526764,-0.04428262263536453,-0.6054430603981018,0.01614188775420189,-0.07374473661184311,-0.8768202662467957,-0.022354232147336006,-0.1915159672498703,-0.9542618989944458,-0.05145987495779991,-0.2969077527523041,-0.9466902613639832,-0.0617312528192997,-0.019502002745866776,-0.5878137350082397,-0.04649689048528671,-0.0738137811422348,-0.8009237051010132,-0.07990551739931107,-0.17052540183067322,-0.8846393823623657,-0.10063963383436203,-0.26299676299095154,-0.9043518900871277,-0.10965687781572342
C,0.0,0.0,0.0,-0.17076925933361053,-0.08075185120105743,0.004996750503778458,-0.31029197573661804,-0.25646430253982544,0.002632576273754239,-0.4236820340156555,-0.3945349156856537,-0.021423764526844025,-0.48201972246170044,-0.554879903793335,-0.03739667311310768,-0.12822693586349487,-0.5975195169448853,0.12342950701713562,-0.14987725019454956,-0.8210312724113464,0.0940343365073204,-0.23654218018054962,-0.9014935493469238,0.052480876445770264,-0.32147061824798584,-0.9246420860290527,0.025265783071517944,-0.08022519946098328,-0.6125087141990662,0.07973799854516983,-0.09993000328540802,-0.8880177736282349,0.04646576941013336,-0.21730181574821472,-0.961936891078949,0.010288488119840622,-0.31915760040283203,-0.947701632976532,-0.007907649502158165,-0.04255829006433487,-0.6121721267700195,0.019016416743397713,-0.0697302371263504,-0.8882743120193481,-0.015520677901804447,-0.19668900966644287,-0.9598785042762756,-0.03954058513045311,-0.3041682541370392,-0.945039689540863,-0.04765372723340988,-0.020560188218951225,-0.596886932849884,-0.047324858605861664,-0.06909167766571045,-0.81254643201828,-0.07735572755336761,-0.1707746386528015,-0.8940287232398987,-0.09544256329536438,-0.26585105061531067,-0.9064628481864929,-0.10341279953718185
C,0.0,0.0,0.0,-0.16539032757282257,-0.07826836407184601,-0.006053823512047529,-0.3033592104911804,-0.24943386018276215,-0.017807118594646454,-0.41774871945381165,-0.38515156507492065,-0.048192866146564484,-0.47594717144966125,-0.544425368309021,-0.07068169862031937,-0.11973492801189423,-0.5816653370857239,0.09251169860363007,-0.14342738687992096,-0.8055098652839661,0.05175846070051193,-0.233188197016716,-0.889194130897522,0.006243325304239988,-0.3207307755947113,-0.9117239117622375,-0.02188837341964245,-0.0711616575717926,-0.5960055589675903,0.05207952484488487,-0.0959668755531311,-0.8732066750526428,0.009198918007314205,-0.2180219292640686,-0.9535078406333923,-0.027376795187592506,-0.32385870814323425,-0.946105420589447,-0.04454336315393448,-0.031912874430418015,-0.5936266183853149,-0.00507747009396553,-0.06712182611227036,-0.8717331886291504,-0.049341995269060135,-0.19764897227287292,-0.946418046951294,-0.07388069480657578,-0.30666491389274597,-0.9365803599357605,-0.08032478392124176,-0.01034378632903099,-0.5741028785705566,-0.06790901720523834,-0.06822337210178375,-0.7906892895698547,-0.10675901174545288,-0.1714489609003067,-0.874445378780365,-0.12686248123645782,-0.2662445306777954,-0.890573263168335,-0.13436855375766754
C,0.0,0.0,0.0,-0.1707272231578827,-0.0937238484621048,-0.0006878845160827041,-0.30169761180877686,-0.2694910168647766,-0.009135954082012177,-0.40933406352996826,-0.4000633955001831,-0.036978770047426224,-0.4649326205253601,-0.5552346110343933,-0.05744275078177452,-0.120124951004982,-0.5999303460121155,0.0990666002035141,-0.14312686026096344,-0.8262401223182678,0.05639953911304474,-0.23120532929897308,-0.9026866555213928,0.005978107452392578,-0.3179977238178253,-0.9178381562232971,-0.02538331039249897,-0.0745282918214798,-0.6096969842910767,0.0575149767100811,-0.10296719521284103,-0.8802792429924011,0.014881900511682034,-0.22038505971431732,-0.9579413533210754,-0.02806083858013153,-0.32412636280059814,-0.9460138082504272,-0.051337603479623795,-0.035568974912166595,-0.6015586256980896,-0.00022612475731875747,-0.06461302936077118,-0.8769118189811707,-0.040705956518650055,-0.1878238022327423,-0.9534227848052979,-0.06911831349134445,-0.2940819561481476,-0.9429967999458313,-0.08055880665779114,-0.00841427594423294,-0.5772037506103516,-0.06334859132766724,-0.054217468947172165,-0.7922617197036743,-0.09744160622358322,-0.14784054458141327,-0.8767916560173035,-0.11733901500701904,-0.23777078092098236,-0.8937333822250366,-0.12622129917144775
C,0.0,0.0,0.0,-0.16588377952575684,-0.10811227560043335,0.012453160248696804,-0.28967979550361633,-0.2931012213230133,0.006753755267709494,-0.3908354341983795,-0.4209817349910736,-0.021434973925352097,-0.44960907101631165,-0.5715018510818481,-0.04395468533039093,-0.1128254383802414,-0.6006578803062439,0.09639039635658264,-0.11379662901163101,-0.8235552906990051,0.050007808953523636,-0.19770380854606628,-0.9025542736053467,-0.0019707742612808943,-0.2878909707069397,-0.9206231236457825,-0.03393090143799782,-0.06438308954238892,-0.6081896424293518,0.04631458967924118,-0.070132777094841,-0.8804672360420227,-0.002790131140500307,-0.18837271630764008,-0.9627882242202759,-0.04714199900627136,-0.29447728395462036,-0.955658495426178,-0.07064449787139893,-0.023395681753754616,-0.5982995629310608,-0.017820678651332855,-0.02846377156674862,-0.8743422031402588,-0.06171741336584091,-0.15612241625785828,-0.9469766616821289,-0.08816497027873993,-0.26603519916534424,-0.9330054521560669,-0.09733208268880844,0.006973389536142349,-0.5707009434700012,-0.08613664656877518,-0.01248401589691639,-0.7924460172653198,-0.12098636478185654,-0.1118207648396492,-0.8746051788330078,-0.13814310729503632,-0.21038232743740082,-0.8800097107887268,-0.14478182792663574
C,0.0,0.0,0.0,-0.1600150316953659,-0.1038115918636322,0.009824364446103573,-0.28058117628097534,-0.28138065338134766,0.004779246635735035,-0.37919822335243225,-0.40772581100463867,-0.022708959877490997,-0.4380844533443451,-0.5523021221160889,-0.044360775500535965,-0.1107930839061737,-0.5872454643249512,0.10048465430736542,-0.11837004125118256,-0.8034729957580566,0.060788389295339584,-0.19918537139892578,-0.8884661197662354,0.01462768204510212,-0.2857157588005066,-0.9204005599021912,-0.014653533697128296,-0.06514105200767517,-0.5968760848045349,0.052263855934143066,-0.06959323585033417,-0.8664171099662781,0.00698767090216279,-0.1848626285791397,-0.9538925290107727,-0.034404776990413666,-0.2862926423549652,-0.9581422209739685,-0.05575857684016228,-0.0270825382322073,-0.5867447853088379,-0.01040724478662014,-0.03879188373684883,-0.8520634770393372,-0.05399405211210251,-0.1657484918832779,-0.9201685786247253,-0.0811118558049202,-0.27050501108169556,-0.9085147976875305,-0.09011133015155792,-0.0009976214496418834,-0.5598629117012024,-0.07727065682411194,-0.026548322290182114,-0.7752708792686462,-0.11103174090385437,-0.12595313787460327,-0.8511133790016174,-0.12784864008426666,-0.21983933448791504,-0.8561609387397766,-0.13443712890148163
C,0.0,0.0,0.0,-0.1513364613056183,-0.10812894999980927,0.0041376021690666676,-0.2637737989425659,-0.2785138785839081,-0.007271213922649622,-0.35595184564590454,-0.39764466881752014,-0.03875843435525894,-0.40827497839927673,-0.5360240340232849,-0.06489143520593643,-0.10521230101585388,-0.5689151287078857,0.07100075483322144,-0.11437530070543289,-0.7936569452285767,0.020918412134051323,-0.19509544968605042,-0.8910340666770935,-0.028878798708319664,-0.2798610329627991,-0.9336736798286438,-0.05937781184911728,-0.06469142436981201,-0.574336588382721,0.025084806606173515,-0.07119545340538025,-0.8525714874267578,-0.02921261079609394,-0.18369434773921967,-0.9480944275856018,-0.07113659381866455,-0.2829850912094116,-0.9591243267059326,-0.09135875105857849,-0.029860246926546097,-0.5622657537460327,-0.03358970582485199,-0.03785926103591919,-0.8291588425636292,-0.0793055072426796,-0.15877406299114227,-0.9011625051498413,-0.10328233987092972,-0.2599494159221649,-0.8918946981430054,-0.11004552990198135,-0.004074017517268658,-0.5327313542366028,-0.09682760387659073,-0.02395627647638321,-0.7384467720985413,-0.1300419718027115,-0.11572457104921341,-0.8171455264091492,-0.144563227891922,-0.20315785706043243,-0.8269637823104858,-0.148980513215065
C,0.0,0.0,0.0,-0.1608424335718155,-0.13484397530555725,0.02673538774251938,-0.2761481702327728,-0.32810676097869873,0.024913091212511063,-0.3638896942138672,-0.4608323276042938,-0.0028268075548112392,-0.41785573959350586,-0.6023944020271301,-0.024140411987900734,-0.10229270160198212,-0.6087616682052612,0.10800071060657501,-0.10260048508644104,-0.8451573252677917,0.059615541249513626,-0.1924787312746048,-0.9261731505393982,0.011306524276733398,-0.2773735523223877,-0.9391453862190247,-0.0157562717795372,-0.057189878076314926,-0.6129404902458191,0.049385279417037964,-0.052923012524843216,-0.9083203077316284,-0.001472779898904264,-0.1730758547782898,-0.9849084615707397,-0.03833267092704773,-0.2682406008243561,-0.962515652179718,-0.053232330828905106,-0.02152400091290474,-0.599206805229187,-0.023113975301384926,-0.022003663703799248,-0.8803804516792297,-0.06285203248262405,-0.15484148263931274,-0.9524896144866943,-0.08019162714481354,-0.25753849744796753,-0.9336572289466858,-0.08230848610401154,0.0026743130292743444,-0.5712870955467224,-0.0995304211974144,-0.017426788806915283,-0.792966365814209,-0.12649142742156982,-0.11934106796979904,-0.8803865313529968,-0.13694210350513458,-0.20993952453136444,-0.8909216523170471,-0.13860847055912018
C,0.0,0.0,0.0,-0.16254976391792297,-0.13857221603393555,0.030915630981326103,-0.2757577896118164,-0.32689252495765686,0.02869568206369877,-0.36366015672683716,-0.45774000883102417,-0.0016622089315205812,-0.41632309556007385,-0.5954435467720032,-0.026971865445375443,-0.10471314936876297,-0.6118963360786438,0.11847729980945587,-0.11426734924316406,-0.8445886373519897,0.07379712164402008,-0.203385129570961,-0.9239645600318909,0.023853523656725883,-0.2900819778442383,-0.942287027835846,-0.006770739797502756,-0.060957569628953934,-0.6135796904563904,0.056999705731868744,-0.07319673150777817,-0.896097719669342,0.00928014237433672,-0.19393622875213623,-0.9716399908065796,-0.033456530421972275,-0.29477590322494507,-0.9555663466453552,-0.055674582719802856,-0.02792445570230484,-0.596584677696228,-0.018246835097670555,-0.04592400789260864,-0.8728015422821045,-0.05693960189819336,-0.1770152747631073,-0.9386228322982788,-0.07951430976390839,-0.28133344650268555,-0.9147095084190369,-0.08802192658185959,-0.00696929544210434,-0.5664438009262085,-0.09694548696279526,-0.04098694398999214,-0.7824519872665405,-0.12257350236177444,-0.14140349626541138,-0.8564540147781372,-0.13393089175224304,-0.23256751894950867,-0.8550189733505249,-0.1388193666934967
C,0.0,0.0,0.0,-0.16343936324119568,-0.14731621742248535,0.03501839190721512,-0.28131499886512756,-0.3400253653526306,0.03745616599917412,-0.3709432780742645,-0.4680544435977936,0.010773543268442154,-0.42584285140037537,-0.6046949625015259,-0.010771256871521473,-0.11372367292642593,-0.6048076152801514,0.12801334261894226,-0.12001083791255951,-0.838640570640564,0.08636374026536942,-0.20782902836799622,-0.9179607033729553,0.0397983118891716,-0.2946087419986725,-0.9361017346382141,0.011779533699154854,-0.0694739893078804,-0.6076276302337646,0.06563626229763031,-0.07901618629693985,-0.8914847373962402,0.018443334847688675,-0.1973305493593216,-0.9697256088256836,-0.024145018309354782,-0.296797513961792,-0.9549404382705688,-0.04520924389362335,-0.036457136273384094,-0.5925279855728149,-0.010630951263010502,-0.05726458877325058,-0.869021475315094,-0.0510152168571949,-0.18671904504299164,-0.9342291951179504,-0.07611056417226791,-0.2900647819042206,-0.9087162017822266,-0.08463183790445328,-0.016568457707762718,-0.5658398270606995,-0.08963032811880112,-0.05441394820809364,-0.7826321125030518,-0.11671359091997147,-0.1546560525894165,-0.8525029420852661,-0.12967349588871002,-0.24533581733703613,-0.8453379273414612,-0.13489966094493866
C,0.0,0.0,0.0,-0.16640722751617432,-0.15494120121002197,0.034373003989458084,-0.2834596037864685,-0.34771326184272766,0.036075662821531296,-0.3731565773487091,-0.4761667251586914,0.008955574594438076,-0.43043768405914307,-0.6115619540214539,-0.013413391076028347,-0.11806979030370712,-0.6241505146026611,0.1290338635444641,-0.1282976120710373,-0.8522412180900574,0.08680964261293411,-0.21251238882541656,-0.9267513155937195,0.03768235817551613,-0.29634031653404236,-0.9407628774642944,0.007780204061418772,-0.07197167724370956,-0.6232850551605225,0.06702855974435806,-0.07856248319149017,-0.9004300832748413,0.020099472254514694,-0.1922014057636261,-0.9746633768081665,-0.024844897910952568,-0.2886531949043274,-0.9574337005615234,-0.048712339252233505,-0.03534838184714317,-0.6061195135116577,-0.009003855288028717,-0.04766673594713211,-0.8710086345672607,-0.04873273894190788,-0.176685631275177,-0.9345940947532654,-0.07552134990692139,-0.28059467673301697,-0.9113341569900513,-0.08598095923662186,-0.008183138445019722,-0.5768566727638245,-0.08782702684402466,-0.0366193987429142,-0.791054904460907,-0.11248612403869629,-0.13399039208889008,-0.8661013245582581,-0.12490380555391312,-0.22282105684280396,-0.8659313321113586,-0.1304844468832016
C,0.0,0.0,0.0,-0.16392765939235687,-0.15708531439304352,0.025941327214241028,-0.28351759910583496,-0.3553241491317749,0.019910775125026703,-0.3760617673397064,-0.4913156032562256,-0.01348492968827486,-0.4266257882118225,-0.6408010125160217,-0.04180746152997017,-0.11542234569787979,-0.6311982274055481,0.11481347680091858,-0.12558050453662872,-0.8691957592964172,0.061333853751420975,-0.20693174004554749,-0.9436933994293213,0.003241137368604541,-0.2923668920993805,-0.9530758261680603,-0.031531620770692825,-0.06434553116559982,-0.6280857920646667,0.053524840623140335,-0.06788039207458496,-0.9141463041305542,-0.00766721973195672,-0.18022580444812775,-0.9836252927780151,-0.06331771612167358,-0.2831844389438629,-0.9533142447471619,-0.09176839143037796,-0.023559967055916786,-0.607796311378479,-0.021689405664801598,-0.02797851897776127,-0.8856277465820312,-0.07175847142934799,-0.1541956216096878,-0.9459185600280762,-0.1032567024230957,-0.2611792981624603,-0.9163840413093567,-0.11443497240543365,0.008354159072041512,-0.5729138255119324,-0.09961589425802231,-0.019538531079888344,-0.7891706824302673,-0.13118882477283478,-0.11377163231372833,-0.870510995388031,-0.14582398533821106,-0.20198370516300201,-0.8784197568893433,-0.15113233029842377
C,0.0,0.0,0.0,-0.164812833070755,-0.15589816868305206,0.030776983126997948,-0.28493767976760864,-0.35540613532066345,0.029855875298380852,-0.379750519990921,-0.4918070435523987,0.0005406609270721674,-0.43558669090270996,-0.6364465951919556,-0.024320201948285103,-0.11517657339572906,-0.631834864616394,0.12856610119342804,-0.12682190537452698,-0.8687216639518738,0.0823933482170105,-0.20696750283241272,-0.9407200813293457,0.02814532443881035,-0.28812485933303833,-0.9439701437950134,-0.003989777527749538,-0.06714530289173126,-0.6324518322944641,0.06787890940904617,-0.07806047052145004,-0.9139348268508911,0.01527579128742218,-0.18472187221050262,-0.9827908277511597,-0.039356883615255356,-0.2797795236110687,-0.9503452777862549,-0.0680105984210968,-0.026811154559254646,-0.6152701377868652,-0.006531751248985529,-0.04287916049361229,-0.8906823396682739,-0.0500713549554348,-0.16400757431983948,-0.9495257139205933,-0.0816865935921669,-0.2649191915988922,-0.915701150894165,-0.09373091161251068,0.007162137888371944,-0.5841225981712341,-0.08333196491003036,-0.028579236939549446,-0.8051356673240662,-0.11053968220949173,-0.12090708315372467,-0.8804092407226562,-0.12354707717895508,-0.20639115571975708,-0.8775471448898315,-0.12797190248966217
C,0.0,0.0,0.0,-0.163087859749794,-0.15689341723918915,0.02997364103794098,-0.28063371777534485,-0.35835063457489014,0.02924346551299095,-0.3733483552932739,-0.49826574325561523,0.0006031279917806387,-0.42970386147499084,-0.6460654735565186,-0.023672839626669884,-0.11473225057125092,-0.634682297706604,0.1299591362476349,-0.12168965488672256,-0.8720131516456604,0.0836186334490776,-0.1989639401435852,-0.9427528381347656,0.028237776830792427,-0.28168511390686035,-0.9483810067176819,-0.004680708982050419,-0.06656371802091599,-0.63685542345047,0.070497065782547,-0.07234574109315872,-0.916806161403656,0.017062971368432045,-0.17551659047603607,-0.9844765067100525,-0.038747742772102356,-0.27128174901008606,-0.9551314115524292,-0.06780260801315308,-0.02591859921813011,-0.6205253005027771,-0.0026868844870477915,-0.03643631935119629,-0.8918899297714233,-0.046943455934524536,-0.1520378291606903,-0.9513677954673767,-0.07915324717760086,-0.2522713243961334,-0.9219176769256592,-0.09106548875570297,0.009279746562242508,-0.5889915823936462,-0.07830791175365448,-0.02409931644797325,-0.805387556552887,-0.10530099272727966,-0.1138816550374031,-0.8850187659263611,-0.11876428127288818,-0.19951900839805603,-0.8910711407661438,-0.12334084510803223
C,0.0,0.0,0.0,-0.15672852098941803,-0.16390618681907654,0.03460182622075081,-0.25904685258865356,-0.3415764272212982,0.027995232492685318,-0.3465006649494171,-0.4533456861972809,-0.008467442356050014,-0.3971690237522125,-0.5834840536117554,-0.040665652602910995,-0.06761757284402847,-0.6239990592002869,0.11038243770599365,-0.08202134817838669,-0.856417715549469,0.059842757880687714,-0.183559387922287,-0.9414936900138855,0.008154147304594517,-0.27419227361679077,-0.9616748690605164,-0.022883344441652298,-0.02502322755753994,-0.6203001141548157,0.04299387335777283,-0.03890297934412956,-0.9081740379333496,-0.012030667625367641,-0.17046578228473663,-0.9832398295402527,-0.05797266215085983,-0.275498628616333,-0.9559782147407532,-0.0818244144320488,0.002336083445698023,-0.5987854599952698,-0.0375053845345974,-0.02120780013501644,-0.8787633776664734,-0.08764864504337311,-0.16937562823295593,-0.9398511648178101,-0.11546662449836731,-0.28030285239219666,-0.902533769607544,-0.1251038759946823,0.006452524568885565,-0.5644410252571106,-0.12031962722539902,-0.03627868741750717,-0.7867594361305237,-0.15750515460968018,-0.14551900327205658,-0.855122447013855,-0.1734006553888321,-0.2404535412788391,-0.8410231471061707,-0.17920711636543274
C,0.0,0.0,0.0,-0.15290866792201996,-0.1401515156030655,0.03991023078560829,-0.25613197684288025,-0.3075103461742401,0.044780317693948746,-0.3385050594806671,-0.41523924469947815,0.02211771532893181,-0.3801618218421936,-0.5377975702285767,0.0010798647999763489,-0.07880238443613052,-0.5721503496170044,0.10645826160907745,-0.1006176695227623,-0.7988963723182678,0.08056610077619553,-0.17026831209659576,-0.9055787324905396,0.04634508490562439,-0.2376725971698761,-0.9713453650474548,0.022011885419487953,-0.03188847005367279,-0.5755494236946106,0.04715146869421005,-0.06933920085430145,-0.8387945890426636,0.006194172892719507,-0.18265648186206818,-0.9072449803352356,-0.03380382061004639,-0.27541249990463257,-0.8862789273262024,-0.0542953684926033,-0.0019933613948524,-0.5642265677452087,-0.020390212535858154,-0.04263496398925781,-0.8177476525306702,-0.05745964124798775,-0.1686636060476303,-0.869511604309082,-0.0807003453373909,-0.2630932927131653,-0.8342012763023376,-0.08788596838712692,0.007049623876810074,-0.5396016836166382,-0.08870254456996918,-0.03904266282916069,-0.7411848902702332,-0.11513909697532654,-0.13915297389030457,-0.8008407950401306,-0.12611284852027893,-0.23139327764511108,-0.782062828540802,-0.1289159059524536
C,0.0,0.0,0.0,-0.1827799677848816,-0.13321781158447266,0.04200735688209534,-0.3014306426048279,-0.3335137367248535,0.058666396886110306,-0.38837316632270813,-0.4634774327278137,0.04851459339261055,-0.46084603667259216,-0.5728963613510132,0.042983606457710266,-0.1250331997871399,-0.615521252155304,0.1415998637676239,-0.1510988175868988,-0.8790944218635559,0.11366899311542511,-0.24886028468608856,-0.9508602023124695,0.0764956846833229,-0.3196030259132385,-0.9475515484809875,0.05698372423648834,-0.08793416619300842,-0.6203331351280212,0.08783125132322311,-0.12015391141176224,-0.9138908386230469,0.06266047060489655,-0.2360852211713791,-0.9702056050300598,0.03016403503715992,-0.31368288397789,-0.930945634841919,0.013712579384446144,-0.06957244873046875,-0.6057416796684265,0.02150612324476242,-0.10409491509199142,-0.8771608471870422,-0.0008575883111916482,-0.22641810774803162,-0.9306787252426147,-0.01925441436469555,-0.3100595772266388,-0.8998640775680542,-0.026208197697997093,-0.07280983775854111,-0.5813735723495483,-0.046194352209568024,-0.11899968236684799,-0.7955543398857117,-0.059956811368465424,-0.20578883588314056,-0.8631882667541504,-0.06553784757852554,-0.275638610124588,-0.8537192940711975,-0.0663713589310646
C,0.0,0.0,0.0,-0.1774597316980362,-0.1101706400513649,0.049196746200323105,-0.29235973954200745,-0.3115396201610565,0.0688701719045639,-0.3784586191177368,-0.4384065568447113,0.05770192667841911,-0.4465423822402954,-0.5560345649719238,0.04944371432065964,-0.11920762062072754,-0.598479688167572,0.14710980653762817,-0.14447037875652313,-0.8460302352905273,0.11889708042144775,-0.24320845305919647,-0.9142351746559143,0.08094152808189392,-0.32618990540504456,-0.9114253520965576,0.05944102257490158,-0.07908669859170914,-0.6118180751800537,0.08379330486059189,-0.10566423833370209,-0.9141977429389954,0.05380052700638771,-0.23647484183311462,-0.9716376066207886,0.01964620314538479,-0.3338099420070648,-0.9345356225967407,0.003042646450921893,-0.05630701780319214,-0.6023156046867371,0.0076081217266619205,-0.09323785454034805,-0.8913850784301758,-0.022604577243328094,-0.23374298214912415,-0.9377344846725464,-0.047790754586458206,-0.33385059237480164,-0.8968390822410583,-0.05837872624397278,-0.05805666372179985,-0.5837507843971252,-0.06949897110462189,-0.11146082729101181,-0.8143159747123718,-0.08831079304218292,-0.21907155215740204,-0.8601450324058533,-0.09779201447963715,-0.3089306354522705,-0.821837306022644,-0.10293176025152206
C,0.0,0.0,0.0,-0.18636368215084076,-0.11502458900213242,0.03971171751618385,-0.30363890528678894,-0.32332780957221985,0.047365035861730576,-0.39402836561203003,-0.4500024914741516,0.028131091967225075,-0.4690990149974823,-0.5637934803962708,0.012154999189078808,-0.09200750291347504,-0.6230478882789612,0.1147492378950119,-0.15187940001487732,-0.8516401052474976,0.08100149780511856,-0.2585257291793823,-0.9157110452651978,0.03986900672316551,-0.34561318159103394,-0.917154848575592,0.014605309814214706,-0.04904446750879288,-0.6351190805435181,0.05537056922912598,-0.13679760694503784,-0.9122270345687866,0.01881297677755356,-0.27913519740104675,-0.9602518081665039,-0.018418490886688232,-0.3811980187892914,-0.9183370471000671,-0.03790966421365738,-0.03132612258195877,-0.6199415922164917,-0.014685298316180706,-0.12530666589736938,-0.8959132432937622,-0.04907996207475662,-0.2704918086528778,-0.9419535994529724,-0.07070022076368332,-0.3692024052143097,-0.9002698659896851,-0.07875267416238785,-0.047194235026836395,-0.5875851511955261,-0.08589491993188858,-0.12488323450088501,-0.816860556602478,-0.11063765734434128,-0.22844193875789642,-0.8813821077346802,-0.11906258016824722,-0.311147004365921,-0.8643568754196167,-0.12165720760822296
C,0.0,0.0,0.0,-0.18736307322978973,-0.10315825045108795,0.05659755319356918,-0.31172075867652893,-0.3031485378742218,0.0724334567785263,-0.4074939787387848,-0.4194059669971466,0.05927702412009239,-0.48025864362716675,-0.5342037677764893,0.04857638478279114,-0.12517541646957397,-0.6008797287940979,0.1264459788799286,-0.17599841952323914,-0.8266715407371521,0.10186675935983658,-0.2776827812194824,-0.8943584561347961,0.0706477239727974,-0.36349520087242126,-0.8970847725868225,0.05208718404173851,-0.08537246286869049,-0.6175585985183716,0.06063229218125343,-0.16091185808181763,-0.893496036529541,0.03451256453990936,-0.29980626702308655,-0.9524515867233276,0.009245170280337334,-0.4008256793022156,-0.9161543250083923,-0.003180877538397908,-0.06791526824235916,-0.6058114171028137,-0.014892635866999626,-0.15037979185581207,-0.8796362280845642,-0.04153842478990555,-0.29373911023139954,-0.9327925443649292,-0.0576617605984211,-0.39353302121162415,-0.8937192559242249,-0.06381792575120926,-0.08238648623228073,-0.5756346583366394,-0.09030436724424362,-0.15952683985233307,-0.7955608367919922,-0.11286430805921555,-0.2639314830303192,-0.8621094822883606,-0.12224367260932922,-0.34992024302482605,-0.8470219373703003,-0.1263684183359146
C,0.0,0.0,0.0,-0.195139542222023,-0.10450495779514313,0.05118944123387337,-0.3188815712928772,-0.29547742009162903,0.06610749661922455,-0.41983434557914734,-0.4075562655925751,0.05315820872783661,-0.5010349750518799,-0.514204204082489,0.043181851506233215,-0.12608031928539276,-0.5855340361595154,0.13591444492340088,-0.19234849512577057,-0.8040699362754822,0.11521098017692566,-0.3040145933628082,-0.8653612732887268,0.08181826025247574,-0.4001758098602295,-0.8681368827819824,0.06217692419886589,-0.09234489500522614,-0.5993806719779968,0.07655903697013855,-0.17850139737129211,-0.874530553817749,0.05707985907793045,-0.31987491250038147,-0.9325301051139832,0.027306968346238136,-0.42098674178123474,-0.9070667624473572,0.010355783626437187,-0.08270779997110367,-0.5855082869529724,0.0071394117549061775,-0.1750417798757553,-0.8606507778167725,-0.013726439327001572,-0.3206759989261627,-0.9097265601158142,-0.03538346663117409,-0.4201973080635071,-0.8738807439804077,-0.045620888471603394,-0.1076180711388588,-0.5560142397880554,-0.06218591704964638,-0.18799863755702972,-0.7795489430427551,-0.07381515949964523,-0.29381951689720154,-0.8364694118499756,-0.07890000194311142,-0.3782525360584259,-0.816064178943634,-0.08117791265249252
C,0.0,0.0,0.0,-0.1966937929391861,-0.09572573006153107,0.03959712013602257,-0.32337304949760437,-0.28390103578567505,0.044529665261507034,-0.4203152656555176,-0.3999253809452057,0.024935182183980942,-0.5028634667396545,-0.5042214393615723,0.00902805756777525,-0.12452586740255356,-0.5971729159355164,0.10753408074378967,-0.2054223269224167,-0.8157821893692017,0.0723051056265831,-0.3230445384979248,-0.868669331073761,0.03075358457863331,-0.4201940596103668,-0.8579437732696533,0.006997848395258188,-0.08956306427717209,-0.6122859120368958,0.05185065045952797,-0.1940472275018692,-0.8882778286933899,0.02147528901696205,-0.3378916382789612,-0.9360273480415344,-0.01130556222051382,-0.43857696652412415,-0.8986936807632446,-0.029571563005447388,-0.08127768337726593,-0.5968521237373352,-0.013866128399968147,-0.18902486562728882,-0.8710974454879761,-0.03988652303814888,-0.33342403173446655,-0.9155740141868591,-0.059695735573768616,-0.43135178089141846,-0.8762146830558777,-0.06909774988889694,-0.10751744359731674,-0.560651957988739,-0.08058971166610718,-0.2012842893600464,-0.774994432926178,-0.0959518700838089,-0.3068388104438782,-0.8387558460235596,-0.10270953178405762,-0.39078205823898315,-0.8310530781745911,-0.10586380213499069
C,0.0,0.0,0.0,-0.19363661110401154,-0.09324277192354202,0.05760860815644264,-0.3157258629798889,-0.28591564297676086,0.07883453369140625,-0.41314518451690674,-0.4010981023311615,0.07073916494846344,-0.4951707422733307,-0.5064936876296997,0.06519921869039536,-0.13982923328876495,-0.608955979347229,0.15465332567691803,-0.21556638181209564,-0.8169794678688049,0.14086279273033142,-0.32784003019332886,-0.8656485676765442,0.10904070734977722,-0.42127087712287903,-0.8643467426300049,0.08802586048841476,-0.1088738888502121,-0.6291840672492981,0.0927819311618805,-0.2096836417913437,-0.8876377940177917,0.08181459456682205,-0.34553205966949463,-0.9266553521156311,0.052790865302085876,-0.4398965835571289,-0.8980484008789062,0.03332376107573509,-0.10079371929168701,-0.6171192526817322,0.02036965638399124,-0.20351542532444,-0.8810405731201172,0.005957902409136295,-0.3468361496925354,-0.9201957583427429,-0.015918051823973656,-0.4447994828224182,-0.8832752108573914,-0.029992545023560524,-0.12469352781772614,-0.5860311985015869,-0.051845863461494446,-0.22155311703681946,-0.7996734380722046,-0.058305710554122925,-0.3288619816303253,-0.8517489433288574,-0.06338418275117874,-0.4115096926689148,-0.834236204624176,-0.0681825503706932
C,0.0,0.0,0.0,-0.20730215311050415,-0.08706344664096832,0.03142388164997101,-0.34047892689704895,-0.2655181586742401,0.033304791897535324,-0.4431006610393524,-0.3737684190273285,0.012917825020849705,-0.5302868485450745,-0.473044753074646,-0.003280866192653775,-0.153927743434906,-0.6106284856796265,0.09486225992441177,-0.26061496138572693,-0.8152562975883484,0.059237267822027206,-0.3834829330444336,-0.8559698462486267,0.018522756174206734,-0.47724422812461853,-0.8450872898101807,-0.005095002707093954,-0.11896255612373352,-0.6290335059165955,0.043587576597929,-0.2546239495277405,-0.8900064826011658,0.011963353492319584,-0.4008241593837738,-0.9142991304397583,-0.020145103335380554,-0.4926373064517975,-0.8702346682548523,-0.038153912872076035,-0.11563750356435776,-0.6108514070510864,-0.017440130934119225,-0.25240933895111084,-0.8720589876174927,-0.049876101315021515,-0.40408238768577576,-0.8949818015098572,-0.07119158655405045,-0.49678269028663635,-0.8447864055633545,-0.07964827865362167,-0.1536908894777298,-0.5660019516944885,-0.07917202264070511,-0.2681323289871216,-0.7859669327735901,-0.09904983639717102,-0.38074439764022827,-0.8320192694664001,-0.10446439683437347,-0.46196070313453674,-0.8053552508354187,-0.1055465117096901
C,0.0,0.0,0.0,-0.21279051899909973,-0.09012249857187271,0.02913530170917511,-0.3456418514251709,-0.26147690415382385,0.02544148452579975,-0.450448602437973,-0.3628883957862854,0.0010435456642881036,-0.5409629940986633,-0.4567108452320099,-0.01858595944941044,-0.1506728082895279,-0.6102705597877502,0.08255041390657425,-0.2646752595901489,-0.8178410530090332,0.04024165868759155,-0.3935302793979645,-0.8576645255088806,-0.0037704918067902327,-0.4926992952823639,-0.8405909538269043,-0.02790863811969757,-0.11820105463266373,-0.6263356804847717,0.03255031630396843,-0.26018810272216797,-0.8889778852462769,-0.002850404940545559,-0.41156846284866333,-0.9103968143463135,-0.03481118381023407,-0.5071844458580017,-0.8618375658988953,-0.0522194504737854,-0.1198975220322609,-0.6053425669670105,-0.026901206001639366,-0.26388630270957947,-0.8700229525566101,-0.06151833012700081,-0.4193200170993805,-0.893426239490509,-0.08165427297353745,-0.5153931379318237,-0.8425615429878235,-0.08873755484819412,-0.1645040661096573,-0.5562273859977722,-0.08680702745914459,-0.2848200500011444,-0.7794937491416931,-0.10668562352657318,-0.39901190996170044,-0.826360285282135,-0.11037685722112656,-0.48222658038139343,-0.8011017441749573,-0.10964987426996231
C,0.0,0.0,0.0,-0.21480728685855865,-0.08180639147758484,0.04152809455990791,-0.34576791524887085,-0.24662204086780548,0.041265420615673065,-0.45085686445236206,-0.34666112065315247,0.016972890123724937,-0.5410598516464233,-0.4473184645175934,-0.0037248863372951746,-0.1448184996843338,-0.6209120750427246,0.09807296097278595,-0.270650714635849,-0.821221113204956,0.05909236893057823,-0.40402814745903015,-0.8513556122779846,0.014997283928096294,-0.5058487057685852,-0.8257529139518738,-0.009935743175446987,-0.10999548435211182,-0.6413850784301758,0.04089907929301262,-0.27054160833358765,-0.8920263648033142,0.011179093271493912,-0.42448028922080994,-0.905437171459198,-0.021402545273303986,-0.5213395953178406,-0.8508642911911011,-0.04165985435247421,-0.11502548307180405,-0.6227013468742371,-0.025074545294046402,-0.2700406312942505,-0.8839114308357239,-0.055831797420978546,-0.42776933312416077,-0.9010940194129944,-0.075283944606781,-0.5269175171852112,-0.846413254737854,-0.08413966000080109,-0.16752298176288605,-0.5754216313362122,-0.09055580943822861,-0.2970949411392212,-0.8000488877296448,-0.10949122160673141,-0.4137813150882721,-0.8405076265335083,-0.11181209981441498,-0.5008141994476318,-0.8085706233978271,-0.11103204637765884
C,0.0,0.0,0.0,-0.20834419131278992,-0.06762287020683289,0.03490930795669556,-0.340755432844162,-0.22969089448451996,0.03174664452672005,-0.44882598519325256,-0.32936885952949524,0.005809350870549679,-0.5401385426521301,-0.4311026334762573,-0.016241448000073433,-0.14721576869487762,-0.6281628608703613,0.08943727612495422,-0.2774272859096527,-0.8242558240890503,0.04683581367135048,-0.4116380512714386,-0.8516189455986023,0.0009402753785252571,-0.5135502219200134,-0.8255185484886169,-0.02495509386062622,-0.11599365621805191,-0.6502858400344849,0.034014761447906494,-0.28140339255332947,-0.8918684720993042,0.0006257822387851775,-0.4355146288871765,-0.8985037803649902,-0.033794011920690536,-0.5319868922233582,-0.8403289318084717,-0.054068125784397125,-0.12354958802461624,-0.6314616799354553,-0.030546696856617928,-0.28253862261772156,-0.8866890668869019,-0.0666077584028244,-0.4418535530567169,-0.8964259624481201,-0.08825044333934784,-0.5426533222198486,-0.8399568200111389,-0.09689072519540787,-0.17434266209602356,-0.5825039744377136,-0.09475204348564148,-0.3024018406867981,-0.8075462579727173,-0.11827775835990906,-0.4179997742176056,-0.8476519584655762,-0.12177278846502304,-0.5051615238189697,-0.8196487426757812,-0.12031390517950058
C,0.0,0.0,0.0,-0.2135140299797058,-0.05120508745312691,0.04667164385318756,-0.3425194025039673,-0.20544688403606415,0.04449068009853363,-0.4521726071834564,-0.3080354332923889,0.0162295401096344,-0.5498039126396179,-0.40847766399383545,-0.009815429337322712,-0.14160965383052826,-0.6513635516166687,0.10494489967823029,-0.2883395850658417,-0.8367106914520264,0.06733297556638718,-0.42406660318374634,-0.8467856645584106,0.021924974396824837,-0.5244272351264954,-0.8075643181800842,-0.0046377526596188545,-0.10654600709676743,-0.6736210584640503,0.042986609041690826,-0.28875893354415894,-0.8999886512756348,0.01691957749426365,-0.4441007971763611,-0.8959768414497375,-0.017930708825588226,-0.5413092374801636,-0.8318743109703064,-0.041213322430849075,-0.11375957727432251,-0.6505998373031616,-0.027468960732221603,-0.293041855096817,-0.8876423835754395,-0.05537082254886627,-0.4530170261859894,-0.8842765688896179,-0.07619009166955948,-0.5551196336746216,-0.8221832513809204,-0.08827637881040573,-0.16764605045318604,-0.5963987112045288,-0.09710001200437546,-0.31672558188438416,-0.8042111396789551,-0.11645452678203583,-0.4340890049934387,-0.8324558138847351,-0.12098236382007599,-0.5234067440032959,-0.8012903928756714,-0.12222426384687424
C,0.0,0.0,0.0,-0.21007788181304932,-0.05561504885554314,0.06321141123771667,-0.3369414210319519,-0.20548328757286072,0.06640387326478958,-0.4481593668460846,-0.3005141019821167,0.03965815529227257,-0.5492468476295471,-0.3969751000404358,0.01279559638351202,-0.1549517959356308,-0.6292916536331177,0.11860236525535583,-0.30004075169563293,-0.8239031434059143,0.0850774273276329,-0.43689876794815063,-0.8381720781326294,0.04169251397252083,-0.5370596647262573,-0.7988420724868774,0.01586916670203209,-0.11968982964754105,-0.6551762819290161,0.04826164245605469,-0.3026001453399658,-0.8912160396575928,0.027605896815657616,-0.4619224965572357,-0.8869202733039856,-0.005565488710999489,-0.558120608329773,-0.817413866519928,-0.029500199481844902,-0.12861420214176178,-0.6323220729827881,-0.029148856177926064,-0.30179646611213684,-0.8847775459289551,-0.05055810138583183,-0.4634624123573303,-0.8854446411132812,-0.06829584389925003,-0.5654500722885132,-0.8200810551643372,-0.08052905648946762,-0.18527370691299438,-0.5772140622138977,-0.10458994656801224,-0.3248397409915924,-0.7958146929740906,-0.11806195229291916,-0.4410431981086731,-0.828133225440979,-0.11842963844537735,-0.5303577780723572,-0.7936260104179382,-0.11868385225534439
C,0.0,0.0,0.0,-0.21345296502113342,-0.04670795798301697,0.045097339898347855,-0.34529146552085876,-0.19531455636024475,0.041627343744039536,-0.45800313353538513,-0.2864515483379364,0.013389530591666698,-0.5591626763343811,-0.3734438717365265,-0.013107000850141048,-0.16409413516521454,-0.6001341342926025,0.09450749307870865,-0.30844277143478394,-0.8120353817939758,0.052569277584552765,-0.4516242444515228,-0.8318731784820557,0.007764278911054134,-0.5553140044212341,-0.7932024002075195,-0.016072098165750504,-0.1298368126153946,-0.6257808804512024,0.03474041819572449,-0.3097319006919861,-0.881747841835022,0.005693364888429642,-0.47455161809921265,-0.8790115714073181,-0.027103831991553307,-0.5736560821533203,-0.8082466125488281,-0.04785170778632164,-0.1375419646501541,-0.6047303676605225,-0.033360451459884644,-0.3108839690685272,-0.8757326006889343,-0.060639526695013046,-0.47872957587242126,-0.8779288530349731,-0.0814400240778923,-0.5826629996299744,-0.8127138614654541,-0.09324707090854645,-0.19160184264183044,-0.553515613079071,-0.10037422925233841,-0.3359384536743164,-0.7853702902793884,-0.11774685233831406,-0.4552813172340393,-0.8232489228248596,-0.12191932648420334,-0.5435963273048401,-0.7951847910881042,-0.12351316958665848
C,0.0,0.0,0.0,-0.2165529876947403,-0.04682296887040138,0.03607889637351036,-0.3439326584339142,-0.19748131930828094,0.029118159785866737,-0.45388972759246826,-0.289445161819458,-0.0014660137239843607,-0.5561045408248901,-0.3779762089252472,-0.02970779873430729,-0.15965598821640015,-0.6152754426002502,0.092405766248703,-0.2977197468280792,-0.8042948842048645,0.04907890409231186,-0.4407467842102051,-0.8336538076400757,0.0009845744352787733,-0.5469349026679993,-0.8009305596351624,-0.02572735585272312,-0.13199102878570557,-0.639792799949646,0.03652787581086159,-0.3045833706855774,-0.8698621392250061,0.008383963257074356,-0.46485504508018494,-0.8739978671073914,-0.023735225200653076,-0.5653704404830933,-0.8142381310462952,-0.04448278993368149,-0.1430421769618988,-0.619326114654541,-0.029302924871444702,-0.31291478872299194,-0.865609347820282,-0.057188499718904495,-0.47860652208328247,-0.8722692728042603,-0.07822707295417786,-0.5838078260421753,-0.8118919134140015,-0.09039396792650223,-0.19768047332763672,-0.5694700479507446,-0.09547008574008942,-0.33623331785202026,-0.7839285135269165,-0.1127757877111435,-0.45452192425727844,-0.8232177495956421,-0.11775633692741394,-0.5427077412605286,-0.799156904220581,-0.12001223117113113
C,0.0,0.0,0.0,-0.20659911632537842,-0.04962741211056709,0.04516506567597389,-0.33393463492393494,-0.20272257924079895,0.04371453821659088,-0.4427269995212555,-0.29072412848472595,0.018562395125627518,-0.5431650876998901,-0.36874300241470337,-0.005068973638117313,-0.1540941596031189,-0.5927399396896362,0.09319945424795151,-0.2866012752056122,-0.7881724834442139,0.05780373513698578,-0.42464232444763184,-0.8256341814994812,0.017219392582774162,-0.5300674438476562,-0.8039894104003906,-0.00648866780102253,-0.12693050503730774,-0.6195964813232422,0.034329306334257126,-0.3008863031864166,-0.8564487099647522,0.011028852313756943,-0.4603577256202698,-0.8648309111595154,-0.017347784712910652,-0.5622362494468689,-0.8093037009239197,-0.03725242242217064,-0.14353159070014954,-0.6021093726158142,-0.03237427771091461,-0.3089626431465149,-0.8610293865203857,-0.05730954185128212,-0.4703700840473175,-0.8736540675163269,-0.0751233920454979,-0.5755333304405212,-0.8177783489227295,-0.08608227968215942,-0.20448267459869385,-0.554085373878479,-0.09808480739593506,-0.335923433303833,-0.7771602869033813,-0.1136864721775055,-0.44868916273117065,-0.8229967355728149,-0.11583073437213898,-0.5360177159309387,-0.8008725643157959,-0.11697031557559967
C,0.0,0.0,0.0,-0.20229530334472656,-0.022228412330150604,0.0453813374042511,-0.34849271178245544,-0.1642797440290451,0.04790676757693291,-0.46441900730133057,-0.24533405900001526,0.026626765727996826,-0.557481050491333,-0.32614588737487793,0.007659366354346275,-0.21885442733764648,-0.5926980972290039,0.1014169380068779,-0.3571321964263916,-0.7864988446235657,0.06278929859399796,-0.49697673320770264,-0.7988567352294922,0.01813562400639057,-0.5962518453598022,-0.7496695518493652,-0.006540663540363312,-0.19318082928657532,-0.6213170289993286,0.04413126781582832,-0.3718871474266052,-0.847778856754303,0.02216396853327751,-0.5298862457275391,-0.8369593024253845,-0.00641914177685976,-0.6241559982299805,-0.7642899751663208,-0.025957779958844185,-0.1975192427635193,-0.6004043817520142,-0.022310275584459305,-0.37172964215278625,-0.8404229879379272,-0.04206809028983116,-0.5306788682937622,-0.8417016863822937,-0.06057443842291832,-0.6310530304908752,-0.7757397294044495,-0.07350771129131317,-0.23571817576885223,-0.5446756482124329,-0.0885247215628624,-0.3785892128944397,-0.7515726089477539,-0.10156004875898361,-0.49342429637908936,-0.7941408753395081,-0.10655076801776886,-0.5801495909690857,-0.7737053632736206,-0.11009711772203445
C,0.0,0.0,0.0,-0.2120414674282074,-0.02712078019976616,0.05397405847907066,-0.3739640712738037,-0.1600629985332489,0.060117900371551514,-0.49801310896873474,-0.22920434176921844,0.04211141914129257,-0.6020845174789429,-0.2915920913219452,0.02698441594839096,-0.2396468073129654,-0.5682646036148071,0.09142009168863297,-0.3978704810142517,-0.7778280973434448,0.052534352988004684,-0.5404594540596008,-0.7810938954353333,0.015477134846150875,-0.6375691890716553,-0.7398255467414856,-0.003987572621554136,-0.21174338459968567,-0.5924420356750488,0.028816770762205124,-0.41248053312301636,-0.8423797488212585,-0.0073972358368337154,-0.5788713097572327,-0.8134598731994629,-0.03753450885415077,-0.6687124371528625,-0.7290620803833008,-0.05248495936393738,-0.22044499218463898,-0.564303457736969,-0.04007435590028763,-0.414639413356781,-0.8171998262405396,-0.07023514062166214,-0.5823473334312439,-0.8033331036567688,-0.08866509050130844,-0.6781867146492004,-0.734889566898346,-0.09560301899909973,-0.26781409978866577,-0.4989195764064789,-0.10661416500806808,-0.4257282614707947,-0.71030193567276,-0.12566645443439484,-0.5477018356323242,-0.7485283613204956,-0.130241259932518,-0.6303977370262146,-0.7255891561508179,-0.1303793042898178
C,0.0,0.0,0.0,-0.21378052234649658,-0.016698911786079407,0.049616944044828415,-0.36448267102241516,-0.1370314508676529,0.04645811393857002,-0.4916817843914032,-0.2021244764328003,0.018055129796266556,-0.6026914119720459,-0.2632956802845001,-0.008171876892447472,-0.23172561824321747,-0.5726875066757202,0.08845232427120209,-0.40226122736930847,-0.7698644399642944,0.04132223501801491,-0.5497763156890869,-0.7575715184211731,-0.0038931448943912983,-0.641635537147522,-0.6994635462760925,-0.02765033207833767,-0.2058347910642624,-0.6030095815658569,0.023707646876573563,-0.41122904419898987,-0.8539366722106934,-0.015751291066408157,-0.5750207304954529,-0.8181387782096863,-0.049309130758047104,-0.6586092710494995,-0.7253254055976868,-0.06702244281768799,-0.21925881505012512,-0.5729016065597534,-0.04857403784990311,-0.41890203952789307,-0.8239277005195618,-0.08376186341047287,-0.5878611207008362,-0.8010503053665161,-0.10508974641561508,-0.6836998462677002,-0.7246605753898621,-0.11452096700668335,-0.27492573857307434,-0.4991978108882904,-0.11883169412612915,-0.44175976514816284,-0.7069585919380188,-0.14047153294086456,-0.5650675296783447,-0.7323971390724182,-0.14519011974334717,-0.651083767414093,-0.7002081871032715,-0.14604783058166504
C,0.0,0.0,0.0,-0.21749860048294067,-0.019621288403868675,0.05352567136287689,-0.3731485605239868,-0.1326424777507782,0.04838557168841362,-0.5049931406974792,-0.2000599503517151,0.017923740670084953,-0.6200345754623413,-0.26287442445755005,-0.011132637038826942,-0.24904845654964447,-0.5840624570846558,0.0830530971288681,-0.4326380491256714,-0.7718124389648438,0.038565944880247116,-0.575200617313385,-0.737687885761261,-0.0050261965952813625,-0.6621240377426147,-0.6640256643295288,-0.028020620346069336,-0.21588285267353058,-0.6174877882003784,0.019005989655852318,-0.4432916045188904,-0.8454740047454834,-0.014879602007567883,-0.603665828704834,-0.7972374558448792,-0.04538585618138313,-0.6840367913246155,-0.7010680437088013,-0.0641823559999466,-0.22194154560565948,-0.5832840204238892,-0.05115770548582077,-0.4414101243019104,-0.8245558738708496,-0.07976777851581573,-0.60826176404953,-0.79007887840271,-0.09508714079856873,-0.7026047110557556,-0.7076613306999207,-0.10372768342494965,-0.2698199152946472,-0.5024394989013672,-0.11873143911361694,-0.4513987600803375,-0.7077548503875732,-0.13683848083019257,-0.5783666372299194,-0.7272389531135559,-0.13846556842327118,-0.6687487959861755,-0.6914544701576233,-0.13840638101100922
C,0.0,0.0,0.0,-0.20387744903564453,-0.0037692987825721502,0.05080723762512207,-0.3742550313472748,-0.13737161457538605,0.06287416815757751,-0.5008369088172913,-0.2171010971069336,0.05024866387248039,-0.594428300857544,-0.282930850982666,0.042001210153102875,-0.2703176438808441,-0.5691617727279663,0.1171770691871643,-0.432748407125473,-0.7594327330589294,0.08355282247066498,-0.5743948221206665,-0.7471982836723328,0.04439118504524231,-0.6588820815086365,-0.6907761693000793,0.022651050239801407,-0.24307049810886383,-0.6052767038345337,0.058142341673374176,-0.4448765814304352,-0.8353279232978821,0.032168447971343994,-0.6048056483268738,-0.796373188495636,0.0026189303025603294,-0.6855499148368835,-0.7025206089019775,-0.013462256640195847,-0.24540899693965912,-0.5915864706039429,-0.009889200329780579,-0.4426723122596741,-0.8194345235824585,-0.029590513557195663,-0.6051014065742493,-0.7933745384216309,-0.045052558183670044,-0.6913248300552368,-0.7141722440719604,-0.05310806259512901,-0.2795325815677643,-0.5405478477478027,-0.07768988609313965,-0.4415050148963928,-0.7259271740913391,-0.08600392192602158,-0.5605682134628296,-0.7525790333747864,-0.08662842959165573,-0.637344479560852,-0.7240374088287354,-0.08646503835916519
C,0.0,0.0,0.0,-0.2105512022972107,-0.005157444626092911,0.04245132580399513,-0.37495332956314087,-0.1421618014574051,0.049263276159763336,-0.49847567081451416,-0.22101502120494843,0.033491335809230804,-0.596748948097229,-0.28640973567962646,0.022310517728328705,-0.2559402585029602,-0.5739880800247192,0.10415560007095337,-0.41700479388237,-0.7611495852470398,0.06951118260622025,-0.5599667429924011,-0.7517923712730408,0.030934307724237442,-0.651186466217041,-0.7002074122428894,0.009773259051144123,-0.22996753454208374,-0.6060149073600769,0.048914480954408646,-0.43580323457717896,-0.8334786891937256,0.020936647430062294,-0.59674072265625,-0.7986988425254822,-0.00790483970195055,-0.6799310445785522,-0.7126500606536865,-0.02345275692641735,-0.2357023060321808,-0.5865464210510254,-0.015389207750558853,-0.43698620796203613,-0.8179093599319458,-0.041205279529094696,-0.6026149392127991,-0.7963399291038513,-0.060716379433870316,-0.6933560371398926,-0.720595121383667,-0.06973739713430405,-0.27663591504096985,-0.52882981300354,-0.07932606339454651,-0.43938887119293213,-0.7209588289260864,-0.09417320787906647,-0.5620180368423462,-0.7503561973571777,-0.09890897572040558,-0.6423925161361694,-0.7211925387382507,-0.10031398385763168
C,0.0,0.0,0.0,-0.21748007833957672,-0.032564468681812286,0.07626727968454361,-0.37286537885665894,-0.16958442330360413,0.0951983779668808,-0.49382680654525757,-0.2476862519979477,0.08156661689281464,-0.6019284725189209,-0.3202066123485565,0.06844691932201385,-0.2569374740123749,-0.5707811117172241,0.15636970102787018,-0.39995887875556946,-0.7712424397468567,0.13528695702552795,-0.5319762229919434,-0.7782993316650391,0.09730290621519089,-0.6223573684692383,-0.7335171699523926,0.07466410845518112,-0.21925100684165955,-0.6034963130950928,0.08259439468383789,-0.4045122265815735,-0.8307291865348816,0.07017915695905685,-0.5586060285568237,-0.8287340998649597,0.03685798496007919,-0.6489498615264893,-0.7521154284477234,0.013210603035986423,-0.2149830460548401,-0.5896672606468201,0.0008146764594130218,-0.39842748641967773,-0.8277463912963867,-0.010626755654811859,-0.5522706508636475,-0.8325739502906799,-0.02676723338663578,-0.6426175236701965,-0.7661871910095215,-0.038133665919303894,-0.2509154677391052,-0.5448256134986877,-0.07886972278356552,-0.40062424540519714,-0.7491400241851807,-0.08441069722175598,-0.5137923359870911,-0.7954070568084717,-0.08234498649835587,-0.593386173248291,-0.7742202877998352,-0.08161716163158417
C,0.0,0.0,0.0,-0.20137690007686615,-0.019977137446403503,0.023798007518053055,-0.3718912899494171,-0.17398636043071747,0.04156985133886337,-0.49876508116722107,-0.2799520790576935,0.04399855062365532,-0.5960503220558167,-0.36396753787994385,0.055358197540044785,-0.2498060166835785,-0.5988283157348633,0.12120455503463745,-0.3828245997428894,-0.821134626865387,0.10180569440126419,-0.5143494009971619,-0.8279010057449341,0.06411150842905045,-0.6022017598152161,-0.7584404349327087,0.04604700207710266,-0.22064338624477386,-0.6309784650802612,0.09379665553569794,-0.3802253305912018,-0.8489635586738586,0.09821602702140808,-0.520415186882019,-0.8539133667945862,0.0705818384885788,-0.6037548780441284,-0.7849792838096619,0.050029996782541275,-0.21277765929698944,-0.6294410824775696,0.05592408403754234,-0.3711405396461487,-0.8417155146598816,0.05885755643248558,-0.5082461833953857,-0.8470854163169861,0.0412973091006279,-0.5904388427734375,-0.7889747023582458,0.02878868393599987,-0.22797873616218567,-0.6033901572227478,0.01655680686235428,-0.3573516309261322,-0.7875419855117798,0.02219223789870739,-0.46680381894111633,-0.8295451402664185,0.023009739816188812,-0.5448185801506042,-0.8003725409507751,0.024525968357920647
C,0.0,0.0,0.0,-0.2152566909790039,-0.052925560623407364,0.05485260486602783,-0.3813290596008301,-0.21855655312538147,0.07730620354413986,-0.4985109567642212,-0.3228943645954132,0.07096365839242935,-0.5931665301322937,-0.41587120294570923,0.06862174719572067,-0.25065746903419495,-0.5721093416213989,0.16456559300422668,-0.3375121057033539,-0.8058326244354248,0.14446581900119781,-0.4510064423084259,-0.8485875129699707,0.10496154427528381,-0.538650631904602,-0.8118790984153748,0.08339155465364456,-0.21874617040157318,-0.6000947952270508,0.10745062679052353,-0.32840120792388916,-0.858832061290741,0.09931650757789612,-0.4647427499294281,-0.885445773601532,0.07070988416671753,-0.5577619075775146,-0.8280760645866394,0.05209920555353165,-0.19995896518230438,-0.600967526435852,0.037885576486587524,-0.31239786744117737,-0.8590095043182373,0.03441649302840233,-0.4453558027744293,-0.8890388607978821,0.02250850200653076,-0.531940221786499,-0.8398128747940063,0.013626623898744583,-0.20067967474460602,-0.5809391736984253,-0.033209819346666336,-0.2927153408527374,-0.7851739525794983,-0.028002936393022537,-0.38745319843292236,-0.8426144123077393,-0.023930564522743225,-0.4616420567035675,-0.8314672112464905,-0.02287890575826168
C,0.0,0.0,0.0,-0.19653482735157013,-0.04343373700976372,0.07844456285238266,-0.36530429124832153,-0.21015119552612305,0.12493772059679031,-0.487204372882843,-0.3148554265499115,0.13577866554260254,-0.591841459274292,-0.40712302923202515,0.15005168318748474,-0.2504771649837494,-0.5705550909042358,0.2414361983537674,-0.3269442021846771,-0.781359851360321,0.2595086693763733,-0.42822137475013733,-0.8319032788276672,0.23912504315376282,-0.5228095650672913,-0.8134816884994507,0.22415922582149506,-0.21995452046394348,-0.6052196025848389,0.17591434717178345,-0.3129364848136902,-0.8477403521537781,0.1998593509197235,-0.43909668922424316,-0.8817751407623291,0.1726922243833542,-0.5387389659881592,-0.8337618708610535,0.15181179344654083,-0.2069506198167801,-0.6168766021728516,0.09772256761789322,-0.30174705386161804,-0.8577914237976074,0.1132679358124733,-0.43269166350364685,-0.8953266143798828,0.09334292262792587,-0.5300020575523376,-0.8479962944984436,0.07716386765241623,-0.2196267694234848,-0.6087466478347778,0.01904105395078659,-0.30496707558631897,-0.8024768233299255,0.035574402660131454,-0.40474164485931396,-0.8616899251937866,0.03749433904886246,-0.48684579133987427,-0.8453484773635864,0.03513295575976372
C,0.0,0.0,0.0,-0.18204116821289062,-0.057561542838811874,0.003125894581899047,-0.32440826296806335,-0.17523528635501862,-0.0030189899262040854,-0.4364902377128601,-0.27358463406562805,-0.0280345156788826,-0.493376761674881,-0.4043128490447998,-0.04617660120129585,-0.18015156686306,-0.582351803779602,0.11322701722383499,-0.24743615090847015,-0.8131117224693298,0.08069898933172226,-0.35175710916519165,-0.8717889189720154,0.03229738771915436,-0.44934791326522827,-0.8636901378631592,0.0032226929906755686,-0.1450485736131668,-0.6111764311790466,0.07878471910953522,-0.22493895888328552,-0.8795701265335083,0.04913998767733574,-0.35045766830444336,-0.926758348941803,0.0008615790866315365,-0.453384131193161,-0.8913151621818542,-0.028170468285679817,-0.1275380700826645,-0.6183317303657532,0.03003612533211708,-0.20945198833942413,-0.8698514103889465,0.001764520537108183,-0.34095609188079834,-0.9216966032981873,-0.03449771925806999,-0.4441479742527008,-0.8850446343421936,-0.05341695621609688,-0.13003607094287872,-0.6056528687477112,-0.02218610793352127,-0.21445134282112122,-0.8026942014694214,-0.03741093724966049,-0.3117147386074066,-0.8659722208976746,-0.04847140237689018,-0.3980216383934021,-0.8577427268028259,-0.05363522469997406
C,0.0,0.0,0.0,-0.19319631159305573,-0.04020925983786583,0.007358131464570761,-0.33767709136009216,-0.18712377548217773,0.007091160397976637,-0.4518093168735504,-0.30601903796195984,-0.01525620836764574,-0.5350793600082397,-0.4376277029514313,-0.028552884235978127,-0.14388255774974823,-0.6090832948684692,0.1368044912815094,-0.20286820828914642,-0.8363500237464905,0.1099504828453064,-0.3133757412433624,-0.8854619860649109,0.06549221277236938,-0.40511977672576904,-0.8630617260932922,0.03970109671354294,-0.10861440002918243,-0.6438454985618591,0.09755115956068039,-0.17639049887657166,-0.9059455394744873,0.08235418796539307,-0.31182247400283813,-0.9395048022270203,0.04552033171057701,-0.40893495082855225,-0.8955312967300415,0.022471560165286064,-0.09492634981870651,-0.6590280532836914,0.041861604899168015,-0.16615767776966095,-0.9180547595024109,0.02198151871562004,-0.3063787519931793,-0.9519096612930298,-0.004161022137850523,-0.4069973826408386,-0.9065415859222412,-0.017483213916420937,-0.10606928169727325,-0.6562747359275818,-0.01885722577571869,-0.17848964035511017,-0.8763620257377625,-0.031144529581069946,-0.2844415605068207,-0.9248323440551758,-0.03701715171337128,-0.3721068501472473,-0.8921496868133545,-0.03869303688406944
C,0.0,0.0,0.0,-0.1974092274904251,-0.03150836378335953,-0.005134794861078262,-0.3448224663734436,-0.17889845371246338,-0.01524407509714365,-0.4684036374092102,-0.2874414324760437,-0.04452066496014595,-0.559467613697052,-0.42020300030708313,-0.0644599124789238,-0.14502941071987152,-0.6053504347801208,0.11016813665628433,-0.2062719762325287,-0.8287862539291382,0.07681193202733994,-0.3238387107849121,-0.8849645256996155,0.029165562242269516,-0.42415711283683777,-0.871936023235321,0.0010968545684590936,-0.1108841747045517,-0.6351161003112793,0.07452183961868286,-0.18945766985416412,-0.8978371620178223,0.057228077203035355,-0.33371642231941223,-0.9375129342079163,0.02548072673380375,-0.4342993199825287,-0.8989465236663818,0.0045499010011553764,-0.09752269089221954,-0.643312931060791,0.02184435911476612,-0.17730818688869476,-0.9019961357116699,0.005330288782715797,-0.3209536373615265,-0.9412633776664734,-0.011879036203026772,-0.42230159044265747,-0.906455397605896,-0.02187633514404297,-0.10845334827899933,-0.6321197152137756,-0.038177456706762314,-0.1816105991601944,-0.8557515740394592,-0.049312129616737366,-0.2917479872703552,-0.9183559417724609,-0.05388364568352699,-0.38543495535850525,-0.9037020802497864,-0.05589195340871811
C,0.0,0.0,0.0,-0.18894284963607788,-0.035812679678201675,-0.046323053538799286,-0.34822607040405273,-0.17423313856124878,-0.06574852764606476,-0.474279522895813,-0.306150883436203,-0.08760876208543777,-0.5544180274009705,-0.45391562581062317,-0.09567152708768845,-0.1384565532207489,-0.5683755278587341,0.05253422260284424,-0.19802898168563843,-0.8280298709869385,0.018702637404203415,-0.3013576865196228,-0.8984050750732422,-0.024657219648361206,-0.4038342237472534,-0.8961693644523621,-0.04761124774813652,-0.09632902592420578,-0.602718710899353,0.05114055424928665,-0.1695140302181244,-0.8704587817192078,0.025244630873203278,-0.29596665501594543,-0.9353017807006836,-0.013400755822658539,-0.40198129415512085,-0.9156479239463806,-0.03552066907286644,-0.08394098281860352,-0.6176394820213318,0.03455114737153053,-0.16103455424308777,-0.873145580291748,0.008596200495958328,-0.2853505313396454,-0.9341610074043274,-0.021544702351093292,-0.3873753249645233,-0.9189044237136841,-0.03457729518413544,-0.09557130932807922,-0.6228010058403015,0.011507612653076649,-0.16983145475387573,-0.8358904719352722,-0.005037104245275259,-0.26420143246650696,-0.9110523462295532,-0.016570638865232468,-0.347761869430542,-0.9148365259170532,-0.0196181982755661
C,0.0,0.0,0.0,-0.1879466027021408,-0.04410620033740997,-0.036574289202690125,-0.3363950550556183,-0.19111990928649902,-0.05738947540521622,-0.4628215730190277,-0.3179679811000824,-0.08461698889732361,-0.5478358864784241,-0.4613606333732605,-0.10083634406328201,-0.11155037581920624,-0.5796934962272644,0.06385675817728043,-0.18312717974185944,-0.825265109539032,0.029944734647870064,-0.2941681742668152,-0.9005436897277832,-0.016853677108883858,-0.3989909291267395,-0.9080211520195007,-0.04420735687017441,-0.0702187567949295,-0.6095045208930969,0.05341004580259323,-0.15538671612739563,-0.8709819912910461,0.030476287007331848,-0.2848038077354431,-0.9383573532104492,-0.009116840548813343,-0.38949164748191833,-0.9210299849510193,-0.03496270626783371,-0.05465727671980858,-0.6176722049713135,0.02729286625981331,-0.14038558304309845,-0.8753787875175476,0.0028458465822041035,-0.2674811780452728,-0.9374618530273438,-0.0260907132178545,-0.3707403540611267,-0.9239500761032104,-0.04186173155903816,-0.0632324367761612,-0.6120067834854126,-0.005261934828013182,-0.1430296003818512,-0.8292516469955444,-0.025651760399341583,-0.24261188507080078,-0.9036144614219666,-0.039719391614198685,-0.33177947998046875,-0.9116127490997314,-0.04646001383662224
C,0.0,0.0,0.0,-0.19088919460773468,-0.05041072517633438,0.007176301442086697,-0.3370366394519806,-0.21206149458885193,0.011660325340926647,-0.45851171016693115,-0.33746352791786194,-0.004626759793609381,-0.5456053614616394,-0.48192673921585083,-0.011953456327319145,-0.12069002538919449,-0.5976085066795349,0.153802752494812,-0.18051454424858093,-0.8239728212356567,0.14438007771968842,-0.28480958938598633,-0.8899106979370117,0.10807008296251297,-0.38280385732650757,-0.8980547785758972,0.08275707066059113,-0.07811353355646133,-0.6294854879379272,0.11607187986373901,-0.15177124738693237,-0.8795349597930908,0.11226698756217957,-0.28095743060112,-0.9400249123573303,0.07396174222230911,-0.38265255093574524,-0.9151179790496826,0.04651176929473877,-0.056660767644643784,-0.6384398341178894,0.06144255772233009,-0.13293878734111786,-0.8910197615623474,0.04985613003373146,-0.2643968462944031,-0.9507997632026672,0.020455803722143173,-0.3674505650997162,-0.9300430417060852,0.0016799974255263805,-0.05964725837111473,-0.6338640451431274,0.0013591794995591044,-0.12965144217014313,-0.8516595959663391,-0.010565731674432755,-0.23474465310573578,-0.9267266988754272,-0.024346955120563507,-0.32609912753105164,-0.9306197762489319,-0.03385887295007706
C,0.0,0.0,0.0,-0.19833600521087646,-0.034723103046417236,-0.03536436706781387,-0.35965481400489807,-0.18926459550857544,-0.053826041519641876,-0.4883253574371338,-0.327716588973999,-0.08007947355508804,-0.5718977451324463,-0.48030903935432434,-0.09421175718307495,-0.14735351502895355,-0.5839072465896606,0.06623450666666031,-0.2021300047636032,-0.8275308609008789,0.025455793365836143,-0.3118335008621216,-0.8942413330078125,-0.024639558047056198,-0.41531649231910706,-0.8962104320526123,-0.0531625896692276,-0.09355977177619934,-0.6160913109779358,0.053100116550922394,-0.1654685139656067,-0.875778079032898,0.019480975344777107,-0.29680198431015015,-0.9310149550437927,-0.023803532123565674,-0.40071114897727966,-0.9091446995735168,-0.048527706414461136,-0.06432826071977615,-0.6295372843742371,0.023856375366449356,-0.14766061305999756,-0.8817319869995117,-0.010096699930727482,-0.28189003467559814,-0.9399892091751099,-0.03902731463313103,-0.38692396879196167,-0.9221116304397583,-0.05071236565709114,-0.060391973704099655,-0.6273433566093445,-0.011934549547731876,-0.14566826820373535,-0.8400689959526062,-0.037896621972322464,-0.2569824755191803,-0.9130127429962158,-0.05212448537349701,-0.35164719820022583,-0.9143944382667542,-0.056273527443408966
C,0.0,0.0,0.0,-0.1966126412153244,-0.03995564579963684,0.0016600312665104866,-0.357212632894516,-0.20232364535331726,0.007479310501366854,-0.4836406111717224,-0.33462122082710266,-0.00601915642619133,-0.5690892934799194,-0.4937533438205719,-0.010319042019546032,-0.16068035364151,-0.5916837453842163,0.1574954092502594,-0.20809227228164673,-0.8178402185440063,0.14704808592796326,-0.3008674383163452,-0.8800700306892395,0.10549019277095795,-0.40109580755233765,-0.8874501585960388,0.07638190686702728,-0.11809682846069336,-0.6177495121955872,0.12290628999471664,-0.18168368935585022,-0.8645650744438171,0.11124502867460251,-0.29815730452537537,-0.9268876314163208,0.06122612953186035,-0.40043509006500244,-0.9063835144042969,0.02805604599416256,-0.09018054604530334,-0.6280004978179932,0.07152801752090454,-0.1611676961183548,-0.8734941482543945,0.05592261627316475,-0.2776832580566406,-0.9373294711112976,0.022028718143701553,-0.3782098889350891,-0.9257199168205261,0.0026470376178622246,-0.07550720870494843,-0.6263266801834106,0.014477645047008991,-0.1503148078918457,-0.836737334728241,0.0016640514368191361,-0.24836750328540802,-0.9180097579956055,-0.01276510488241911,-0.33501484990119934,-0.9341166615486145,-0.02113407291471958
C,0.0,0.0,0.0,-0.19168105721473694,-0.044763050973415375,0.011039530858397484,-0.3481192886829376,-0.19935481250286102,0.022068245336413383,-0.473070353269577,-0.3273945450782776,0.01025170087814331,-0.5594645738601685,-0.4812586307525635,0.006367299240082502,-0.16375097632408142,-0.5909190773963928,0.17311666905879974,-0.21618685126304626,-0.8084865212440491,0.16860473155975342,-0.3065955340862274,-0.8725115656852722,0.13247157633304596,-0.4021134674549103,-0.8808224201202393,0.1059311181306839,-0.12038170546293259,-0.6244943141937256,0.13243484497070312,-0.18748679757118225,-0.8588976860046387,0.1294102519750595,-0.30258506536483765,-0.918708086013794,0.08831307291984558,-0.4034026563167572,-0.9013589024543762,0.059289030730724335,-0.08973481506109238,-0.6409338116645813,0.07409176975488663,-0.16140058636665344,-0.8785320520401001,0.0612751729786396,-0.2791284918785095,-0.9374021291732788,0.032736197113990784,-0.3811132609844208,-0.9245283603668213,0.01588284969329834,-0.07233869284391403,-0.6456042528152466,0.010128309950232506,-0.14378470182418823,-0.8567109704017639,-0.0029953960329294205,-0.2432670295238495,-0.9314327239990234,-0.01473767776042223,-0.3337857127189636,-0.9396752715110779,-0.02168342098593712
C,0.0,0.0,0.0,-0.18036922812461853,-0.055591292679309845,-0.05724819004535675,-0.33772313594818115,-0.20502689480781555,-0.07886624336242676,-0.4737851619720459,-0.3455031216144562,-0.10012833774089813,-0.5607765913009644,-0.49975889921188354,-0.10768883675336838,-0.12569794058799744,-0.5805963277816772,0.05310877040028572,-0.18420813977718353,-0.8291518092155457,0.02146001346409321,-0.28235647082328796,-0.9094541072845459,-0.02225678041577339,-0.38887399435043335,-0.9196822643280029,-0.046083346009254456,-0.07801620662212372,-0.6024256944656372,0.05972488969564438,-0.15159174799919128,-0.8456799387931824,0.04081312566995621,-0.26116910576820374,-0.9269395470619202,0.005169742740690708,-0.3665715456008911,-0.9303898811340332,-0.016507253050804138,-0.0556463822722435,-0.6105328798294067,0.049462269991636276,-0.14348499476909637,-0.83775794506073,0.030108748003840446,-0.249349445104599,-0.9183972477912903,0.00787163432687521,-0.35079237818717957,-0.9361857175827026,-0.000826154078822583,-0.056535180658102036,-0.6110024452209473,0.031322088092565536,-0.14610692858695984,-0.80805903673172,0.018576953560113907,-0.23382116854190826,-0.8916131258010864,0.01217904407531023,-0.3186914324760437,-0.9230625629425049,0.01319718174636364
C,0.0,0.0,0.0,-0.16449666023254395,-0.04506310820579529,-0.09897700697183609,-0.33741843700408936,-0.18552663922309875,-0.14386245608329773,-0.47826915979385376,-0.3278018832206726,-0.1758745163679123,-0.5621837377548218,-0.4853954017162323,-0.19360998272895813,-0.1230153888463974,-0.5253570079803467,-0.04723341390490532,-0.18388263881206512,-0.794603168964386,-0.10669314861297607,-0.2768761217594147,-0.8991492390632629,-0.16052024066448212,-0.38068369030952454,-0.9247053265571594,-0.18849971890449524,-0.0794176384806633,-0.555526077747345,-0.02134598046541214,-0.1537071317434311,-0.8109167218208313,-0.06611290574073792,-0.25495100021362305,-0.914131224155426,-0.10572019964456558,-0.35755130648612976,-0.9282882213592529,-0.12751978635787964,-0.05673149973154068,-0.5728062391281128,-0.010780557990074158,-0.14304231107234955,-0.8070547580718994,-0.04781877249479294,-0.24071258306503296,-0.9030497074127197,-0.07285817712545395,-0.33811891078948975,-0.9330828785896301,-0.08176550269126892,-0.04838002473115921,-0.5814217925071716,-0.009759461507201195,-0.13625681400299072,-0.7778831720352173,-0.04077766090631485,-0.2149294912815094,-0.8683613538742065,-0.056348010897636414,-0.29238399863243103,-0.9080110788345337,-0.05928349867463112
C,0.0,0.0,0.0,-0.17676691710948944,-0.04028279334306717,-0.04284439608454704,-0.3419473469257355,-0.17239800095558167,-0.05918640270829201,-0.47895148396492004,-0.30047786235809326,-0.08239281922578812,-0.5611395239830017,-0.4576583504676819,-0.0940985381603241,-0.16987498104572296,-0.5499584674835205,0.08340360224246979,-0.22533640265464783,-0.7736925482749939,0.052033841609954834,-0.30546823143959045,-0.857679009437561,0.005651312880218029,-0.39760613441467285,-0.8796513676643372,-0.02297261729836464,-0.12183918803930283,-0.583484411239624,0.07480567693710327,-0.1838589757680893,-0.8018354177474976,0.054425012320280075,-0.2723771631717682,-0.8897572755813599,0.015279479324817657,-0.36787503957748413,-0.9115306735038757,-0.010186556726694107,-0.0821286141872406,-0.605906069278717,0.047468651086091995,-0.1516697257757187,-0.8204280734062195,0.025766456499695778,-0.24386852979660034,-0.9102835655212402,0.002968089422211051,-0.3392719626426697,-0.9406883120536804,-0.007952192798256874,-0.04707431048154831,-0.6199445128440857,0.011497726663947105,-0.12317825108766556,-0.8091856837272644,-0.008769067004323006,-0.20487459003925323,-0.8948273062705994,-0.020194001495838165,-0.2886800765991211,-0.9330115914344788,-0.023372692987322807
C,0.0,0.0,0.0,-0.18634618818759918,-0.023646123707294464,-0.043691810220479965,-0.35799261927604675,-0.15657098591327667,-0.06184239685535431,-0.49857667088508606,-0.2891983687877655,-0.0873188003897667,-0.5847043395042419,-0.454398512840271,-0.10128354281187057,-0.16487112641334534,-0.5574491620063782,0.08253949880599976,-0.22773045301437378,-0.7732729911804199,0.05284843221306801,-0.32010945677757263,-0.843676745891571,0.0053918384946882725,-0.4173080027103424,-0.8523767590522766,-0.024770408868789673,-0.12077737599611282,-0.6003226637840271,0.07505423575639725,-0.19567875564098358,-0.8157757520675659,0.05404948443174362,-0.3027801215648651,-0.8857095837593079,0.01082746870815754,-0.4025196433067322,-0.8806478977203369,-0.017647188156843185,-0.08426839858293533,-0.6348410844802856,0.04965212196111679,-0.16519002616405487,-0.8537911772727966,0.030666541308164597,-0.2758048474788666,-0.9182852506637573,0.006133551709353924,-0.37719252705574036,-0.917626142501831,-0.006051145493984222,-0.04672148451209068,-0.6592042446136475,0.015077196061611176,-0.12257064133882523,-0.8603690266609192,-0.0011090950574725866,-0.21708126366138458,-0.9359835386276245,-0.012756857089698315,-0.3053158223628998,-0.952251136302948,-0.016350124031305313
C,0.0,0.0,0.0,-0.19232957065105438,-0.016743481159210205,-0.043183065950870514,-0.3632226288318634,-0.13507847487926483,-0.06603195518255234,-0.5085052847862244,-0.2544936239719391,-0.09987657517194748,-0.5973010659217834,-0.4223334491252899,-0.12210365384817123,-0.16967850923538208,-0.5576729774475098,0.10459966957569122,-0.22466513514518738,-0.7670832276344299,0.07925184071063995,-0.3181900978088379,-0.8347461819648743,0.03140304237604141,-0.4141533076763153,-0.8334501385688782,-0.0002900772960856557,-0.12722022831439972,-0.6040610671043396,0.09236451983451843,-0.19578997790813446,-0.8215963840484619,0.07794760912656784,-0.30949535965919495,-0.8822162747383118,0.035220757126808167,-0.40839898586273193,-0.8698630928993225,0.0050058793276548386,-0.09491731971502304,-0.6389644145965576,0.06018480658531189,-0.16981370747089386,-0.8584997653961182,0.048485167324543,-0.2805268466472626,-0.9191380143165588,0.027619026601314545,-0.37545332312583923,-0.9123203158378601,0.01487444806843996,-0.06521511822938919,-0.6606572866439819,0.01756494864821434,-0.13472525775432587,-0.8622226119041443,0.006672852672636509,-0.232291579246521,-0.9374982714653015,-0.0009965874487534165,-0.3207864761352539,-0.9471516013145447,-0.003760759951546788
C,0.0,0.0,0.0,-0.1925412267446518,0.004827072378247976,-0.04113542661070824,-0.37398773431777954,-0.11660139262676239,-0.05705630034208298,-0.5309014916419983,-0.2399221956729889,-0.08183170855045319,-0.6313889026641846,-0.4077317416667938,-0.0947665199637413,-0.18365328013896942,-0.5402231812477112,0.11127014458179474,-0.25945690274238586,-0.750184953212738,0.10279183089733124,-0.3588065505027771,-0.8201547265052795,0.06779903173446655,-0.45530787110328674,-0.8192231059074402,0.04292827844619751,-0.14760556817054749,-0.5971478819847107,0.10318782925605774,-0.2427511364221573,-0.8117119073867798,0.10271359980106354,-0.3669188916683197,-0.8641315698623657,0.06534627079963684,-0.468800812959671,-0.8443607687950134,0.03729524835944176,-0.12523655593395233,-0.6343610286712646,0.07653156667947769,-0.22346115112304688,-0.8523441553115845,0.0740479975938797,-0.3415025770664215,-0.9025804400444031,0.051430895924568176,-0.43864062428474426,-0.8859594464302063,0.03538747876882553,-0.11062395572662354,-0.656932532787323,0.04056951776146889,-0.19492138922214508,-0.8562014698982239,0.03470961004495621,-0.29607048630714417,-0.9227210283279419,0.02468234673142433,-0.38385239243507385,-0.9233944416046143,0.0187872014939785
C,0.0,0.0,0.0,-0.19374261796474457,0.0029932453762739897,-0.0537850484251976,-0.39172500371932983,-0.12655380368232727,-0.07126375287771225,-0.549778938293457,-0.25952377915382385,-0.090580053627491,-0.6488643288612366,-0.41703397035598755,-0.09604283422231674,-0.1912473738193512,-0.5445404052734375,0.07353152334690094,-0.25716859102249146,-0.7695791721343994,0.05545753985643387,-0.3544486463069916,-0.8410014510154724,0.021515246480703354,-0.4578143060207367,-0.83397376537323,0.0014859949005767703,-0.15366904437541962,-0.5940836668014526,0.07665527611970901,-0.23393665254116058,-0.8136813044548035,0.07196418195962906,-0.3518614172935486,-0.8745008707046509,0.04531240090727806,-0.4578624963760376,-0.8685557246208191,0.027245698496699333,-0.1319817751646042,-0.6241471171379089,0.06146809086203575,-0.22592061758041382,-0.8385320901870728,0.053933292627334595,-0.33933568000793457,-0.8990911841392517,0.03955521807074547,-0.4407840669155121,-0.8973844051361084,0.032347314059734344,-0.12078140676021576,-0.6423982977867126,0.03678884357213974,-0.20724384486675262,-0.8338057994842529,0.028168968856334686,-0.30390405654907227,-0.9050381183624268,0.021706849336624146,-0.3906191885471344,-0.9205523133277893,0.020937630906701088
C,0.0,0.0,0.0,-0.18691042065620422,0.022731328383088112,-0.05511922761797905,-0.3867588937282562,-0.09593942761421204,-0.07309287786483765,-0.5489619970321655,-0.22611944377422333,-0.08817405998706818,-0.6402261853218079,-0.38671717047691345,-0.08897547423839569,-0.1540088951587677,-0.4821256697177887,0.04495186358690262,-0.2362525761127472,-0.7193008661270142,0.0255599208176136,-0.3428613841533661,-0.8037531971931458,-0.007161969784647226,-0.45599284768104553,-0.8135025501251221,-0.026793718338012695,-0.12098264694213867,-0.5427079200744629,0.05151764303445816,-0.2156452238559723,-0.7671507596969604,0.047573138028383255,-0.33881282806396484,-0.8522100448608398,0.020959120243787766,-0.44689708948135376,-0.8606661558151245,0.000575874000787735,-0.11189837753772736,-0.5809051990509033,0.04249868541955948,-0.2216610163450241,-0.7977878451347351,0.03313004598021507,-0.33792877197265625,-0.8786801695823669,0.013526495546102524,-0.44100356101989746,-0.8975053429603577,0.0020263369660824537,-0.12016314268112183,-0.6060747504234314,0.02573433518409729,-0.2154991626739502,-0.7997645139694214,0.013147725723683834,-0.3131547272205353,-0.878528892993927,0.002098218072205782,-0.4032744765281677,-0.9021487832069397,-0.002446408849209547
C,0.0,0.0,0.0,-0.1737709641456604,0.013177539221942425,-0.09238477796316147,-0.3686016798019409,-0.08906397968530655,-0.1337183564901352,-0.5262214541435242,-0.2131788283586502,-0.16393262147903442,-0.6192247271537781,-0.36857637763023376,-0.17948858439922333,-0.1357814222574234,-0.46658751368522644,-0.02630552463233471,-0.22522392868995667,-0.7198376059532166,-0.07407598942518234,-0.3349810540676117,-0.817918062210083,-0.12300153076648712,-0.4505322575569153,-0.831821858882904,-0.15051421523094177,-0.10725211352109909,-0.5336309671401978,-0.004483248107135296,-0.2116883248090744,-0.7701947689056396,-0.03524361178278923,-0.3368031978607178,-0.8654788136482239,-0.07137630134820938,-0.4514023959636688,-0.8682623505592346,-0.09574982523918152,-0.10055862367153168,-0.5808001160621643,0.0010271703358739614,-0.21117255091667175,-0.8087575435638428,-0.028434274718165398,-0.32564616203308105,-0.8898130059242249,-0.05489030107855797,-0.4329977333545685,-0.9013950228691101,-0.06857629120349884,-0.10708899796009064,-0.6105046272277832,-0.0030149391386657953,-0.20374105870723724,-0.8003669381141663,-0.030361954122781754,-0.29388803243637085,-0.8758783936500549,-0.047047071158885956,-0.384154349565506,-0.896848201751709,-0.05364818871021271
C,0.0,0.0,0.0,-0.1763668656349182,0.010878936387598515,-0.16456301510334015,-0.36855119466781616,-0.0841846615076065,-0.25239062309265137,-0.5197709798812866,-0.20987823605537415,-0.3073972761631012,-0.6189224123954773,-0.3591514527797699,-0.3500022292137146,-0.11384114623069763,-0.4409846067428589,-0.218994602560997,-0.21464674174785614,-0.7100958824157715,-0.3192965090274811,-0.33616703748703003,-0.8362419009208679,-0.3899056017398834,-0.4578845798969269,-0.8807153701782227,-0.42439210414886475,-0.08940703421831131,-0.498617023229599,-0.1548856645822525,-0.21777909994125366,-0.7511934638023376,-0.23506654798984528,-0.36549893021583557,-0.8604618310928345,-0.2729812562465668,-0.4917483627796173,-0.8707372546195984,-0.29167860746383667,-0.09441610425710678,-0.528801441192627,-0.10193351656198502,-0.22525504231452942,-0.765569269657135,-0.17470449209213257,-0.36130568385124207,-0.8487752676010132,-0.2080792784690857,-0.47737371921539307,-0.8545337915420532,-0.21782228350639343,-0.11960282176733017,-0.53779536485672,-0.05832637846469879,-0.22500717639923096,-0.7251549363136292,-0.11320384591817856,-0.3238258957862854,-0.8066673278808594,-0.13567975163459778,-0.4129403829574585,-0.829369843006134,-0.14132410287857056
C,0.0,0.0,0.0,-0.17382070422172546,-0.0671762004494667,-0.057230155915021896,-0.3434500992298126,-0.19322864711284637,-0.1079682931303978,-0.48182201385498047,-0.3008744716644287,-0.15083524584770203,-0.5717606544494629,-0.439018189907074,-0.18804055452346802,-0.17675289511680603,-0.4429718852043152,-0.10620269179344177,-0.24300210177898407,-0.694860577583313,-0.18956440687179565,-0.33758044242858887,-0.8196409940719604,-0.24578307569026947,-0.4361720085144043,-0.8674056529998779,-0.27202990651130676,-0.13590271770954132,-0.4628738462924957,-0.10520945489406586,-0.22335873544216156,-0.7354070544242859,-0.16974566876888275,-0.3346001207828522,-0.8673082590103149,-0.19731742143630981,-0.43637654185295105,-0.8997641205787659,-0.21078236401081085,-0.10837100446224213,-0.4656805992126465,-0.11107790470123291,-0.18848523497581482,-0.7367531061172485,-0.16421175003051758,-0.29685649275779724,-0.8625463247299194,-0.18383142352104187,-0.39829716086387634,-0.9054682850837708,-0.18882843852043152,-0.08790083974599838,-0.4520750641822815,-0.1195627823472023,-0.16838957369327545,-0.6685255169868469,-0.165148064494133,-0.2514397203922272,-0.7921836972236633,-0.18294477462768555,-0.3337104618549347,-0.8601805567741394,-0.18752294778823853
C,0.0,0.0,0.0,-0.17451681196689606,-0.07400703430175781,-0.04621976241469383,-0.34165897965431213,-0.19368375837802887,-0.0907185822725296,-0.4759241044521332,-0.29823037981987,-0.13171325623989105,-0.5664141774177551,-0.4130820333957672,-0.1676938533782959,-0.18999294936656952,-0.4549623429775238,-0.0753997415304184,-0.2408955842256546,-0.7183478474617004,-0.14742439985275269,-0.3253815770149231,-0.8380945920944214,-0.19553691148757935,-0.41003626585006714,-0.8840833902359009,-0.2172989398241043,-0.135625958442688,-0.47420477867126465,-0.08057809621095657,-0.2106993943452835,-0.7514860033988953,-0.13616029918193817,-0.31461817026138306,-0.8738628625869751,-0.1582084596157074,-0.40752461552619934,-0.9131942391395569,-0.16766180098056793,-0.09279540926218033,-0.4684017598628998,-0.09323764592409134,-0.16272583603858948,-0.7340962886810303,-0.14210163056850433,-0.26101237535476685,-0.8512710332870483,-0.15490181744098663,-0.35421156883239746,-0.8982795476913452,-0.15549792349338531,-0.05738375708460808,-0.43974441289901733,-0.10842086374759674,-0.11261658370494843,-0.6436880826950073,-0.14800210297107697,-0.1786690205335617,-0.7624315023422241,-0.15799327194690704,-0.2525900900363922,-0.8403705954551697,-0.15762875974178314
C,0.0,0.0,0.0,-0.18320952355861664,0.04396757110953331,-0.01294060330837965,-0.35377737879753113,-0.04549393430352211,-0.016123905777931213,-0.4884754419326782,-0.16083240509033203,-0.031798768788576126,-0.5920793414115906,-0.2956048846244812,-0.03908436372876167,-0.17879842221736908,-0.512593686580658,0.1301296055316925,-0.2592867314815521,-0.7000824213027954,0.12881027162075043,-0.36903974413871765,-0.7514618039131165,0.09588486701250076,-0.468512624502182,-0.7273699641227722,0.07464035600423813,-0.14246001839637756,-0.5937228798866272,0.11525280028581619,-0.24563083052635193,-0.774542510509491,0.13801193237304688,-0.37238985300064087,-0.8210132718086243,0.11367017030715942,-0.47642868757247925,-0.7920516729354858,0.09041570127010345,-0.12236473709344864,-0.6581215262413025,0.08372580260038376,-0.22783635556697845,-0.8369568586349487,0.09963961690664291,-0.3507717549800873,-0.8765755891799927,0.08693088591098785,-0.4551357328891754,-0.8474413156509399,0.07454606145620346,-0.11262495815753937,-0.7082183361053467,0.044772446155548096,-0.20574025809764862,-0.8733838796615601,0.055272895842790604,-0.3041931688785553,-0.9248386025428772,0.057835642248392105,-0.40196937322616577,-0.9156531095504761,0.05953584238886833
C,0.0,0.0,0.0,-0.19415538012981415,-0.05213920399546623,-0.05629018694162369,-0.3746597170829773,-0.17797613143920898,-0.10589534044265747,-0.5118376016616821,-0.27311959862709045,-0.15309445559978485,-0.5998706817626953,-0.3805862069129944,-0.1937611848115921,-0.1775616705417633,-0.48100143671035767,-0.07320135086774826,-0.28083476424217224,-0.7428662180900574,-0.14861656725406647,-0.3989824652671814,-0.8413593173027039,-0.20581106841564178,-0.5005675554275513,-0.8585058450698853,-0.23307113349437714,-0.1272059977054596,-0.5281081795692444,-0.07554486393928528,-0.27005285024642944,-0.7959372401237488,-0.12736941874027252,-0.39622190594673157,-0.8741247057914734,-0.15403349697589874,-0.4915844202041626,-0.8662524223327637,-0.1688384860754013,-0.10767914354801178,-0.5544381141662598,-0.08773735910654068,-0.25117039680480957,-0.8155437111854553,-0.13550375401973724,-0.3763025999069214,-0.8844156265258789,-0.1445099115371704,-0.47578945755958557,-0.8795592784881592,-0.1429324746131897,-0.11509320139884949,-0.557181179523468,-0.1044437363743782,-0.24013082683086395,-0.7818480730056763,-0.14086103439331055,-0.33690115809440613,-0.8545868396759033,-0.14039269089698792,-0.4199989438056946,-0.8710409998893738,-0.13195472955703735
C,0.0,0.0,0.0,-0.17561286687850952,-0.060356199741363525,-0.05968042463064194,-0.3332030177116394,-0.16421641409397125,-0.10878433287143707,-0.4566613435745239,-0.24080456793308258,-0.15529309213161469,-0.5339065790176392,-0.3471297323703766,-0.19340263307094574,-0.15190695226192474,-0.505416750907898,-0.07217121869325638,-0.2213401198387146,-0.7795076370239258,-0.15984509885311127,-0.3334084451198578,-0.8814243078231812,-0.22749391198158264,-0.4442844092845917,-0.8890737891197205,-0.2592524588108063,-0.1178031861782074,-0.5326783061027527,-0.07257623970508575,-0.2096632570028305,-0.8019919395446777,-0.13689282536506653,-0.336489737033844,-0.896320104598999,-0.17381882667541504,-0.44861549139022827,-0.8937248587608337,-0.19226451218128204,-0.103167325258255,-0.5397017002105713,-0.08369960635900497,-0.19717395305633545,-0.7962878942489624,-0.13721410930156708,-0.3182612955570221,-0.8886989951133728,-0.15991850197315216,-0.42645201086997986,-0.8951755166053772,-0.16476869583129883,-0.10373532772064209,-0.5244508981704712,-0.09984435141086578,-0.18657180666923523,-0.733967125415802,-0.13665492832660675,-0.2757088243961334,-0.8349109292030334,-0.1458103507757187,-0.3623847961425781,-0.8665939569473267,-0.14349932968616486
C,0.0,0.0,0.0,-0.17653143405914307,-0.04906905069947243,-0.035657912492752075,-0.3202179968357086,-0.15551361441612244,-0.07431154698133469,-0.4316156804561615,-0.23131729662418365,-0.11670263111591339,-0.5106083750724792,-0.3295292258262634,-0.15348593890666962,-0.16959010064601898,-0.4955424666404724,-0.030095422640442848,-0.22671270370483398,-0.7222722768783569,-0.0983172357082367,-0.32129061222076416,-0.8219902515411377,-0.15710243582725525,-0.4167133569717407,-0.8550772070884705,-0.18957588076591492,-0.13654686510562897,-0.5217351913452148,-0.04789870232343674,-0.21621030569076538,-0.7566035985946655,-0.10296251624822617,-0.33419376611709595,-0.8612213730812073,-0.14221134781837463,-0.4401140809059143,-0.8979418873786926,-0.1655462235212326,-0.11573825031518936,-0.5270218849182129,-0.07501885294914246,-0.20038272440433502,-0.7605316638946533,-0.12095105648040771,-0.3174870014190674,-0.8636364340782166,-0.14212927222251892,-0.41997459530830383,-0.8976381421089172,-0.14976215362548828,-0.10736001282930374,-0.5056633353233337,-0.10693393647670746,-0.17800825834274292,-0.7026832103729248,-0.1405469924211502,-0.2635149657726288,-0.8106933236122131,-0.14972296357154846,-0.3447283208370209,-0.8617281913757324,-0.14972716569900513
C,0.0,0.0,0.0,-0.17865610122680664,0.011608731932938099,0.00295900646597147,-0.33449092507362366,-0.08208216726779938,0.014547999948263168,-0.44479459524154663,-0.19581347703933716,0.019205603748559952,-0.5216072201728821,-0.31292301416397095,0.03388647735118866,-0.15686796605587006,-0.49160081148147583,0.11674123257398605,-0.20774973928928375,-0.719105064868927,0.13093110918998718,-0.3040407598018646,-0.8041450381278992,0.1262507289648056,-0.3890686333179474,-0.8106530904769897,0.12952569127082825,-0.12473557889461517,-0.5643379092216492,0.11087632924318314,-0.18704929947853088,-0.7871724367141724,0.1531122624874115,-0.31588977575302124,-0.8542119264602661,0.16714121401309967,-0.42362767457962036,-0.8628802299499512,0.1753726452589035,-0.12298320978879929,-0.6103993654251099,0.09167899191379547,-0.20080873370170593,-0.8271900415420532,0.11917467415332794,-0.3164643943309784,-0.8801001310348511,0.12609878182411194,-0.4172407388687134,-0.8867144584655762,0.13017228245735168,-0.14004191756248474,-0.6452141404151917,0.0692453607916832,-0.22150784730911255,-0.8399690985679626,0.08679811656475067,-0.30740469694137573,-0.9037370085716248,0.09820861369371414,-0.39119479060173035,-0.9203078150749207,0.10806762427091599
C,0.0,0.0,0.0,-0.20292961597442627,0.06435370445251465,0.19068533182144165,-0.34459537267684937,-0.022637955844402313,0.3295535445213318,-0.4514891803264618,-0.11303753405809402,0.41502082347869873,-0.5297508239746094,-0.24266117811203003,0.5015361309051514,-0.15408064424991608,-0.4593585431575775,0.5171639323234558,-0.2053339183330536,-0.6239522695541382,0.6853999495506287,-0.29702699184417725,-0.6873182058334351,0.7598627805709839,-0.3736603558063507,-0.69503253698349,0.8001171350479126,-0.12709221243858337,-0.5719692707061768,0.434897243976593,-0.21234947443008423,-0.7379401326179504,0.627597987651825,-0.3514208495616913,-0.7800282835960388,0.6842448711395264,-0.4537739157676697,-0.7787478566169739,0.7099058032035828,-0.14368727803230286,-0.6506016254425049,0.33850255608558655,-0.24064360558986664,-0.8198159337043762,0.4835999011993408,-0.3790803551673889,-0.8393886685371399,0.5309800505638123,-0.48687440156936646,-0.8304544687271118,0.5452428460121155,-0.17678724229335785,-0.7124956846237183,0.2450372576713562,-0.2838362455368042,-0.8725969791412354,0.3296610414981842,-0.38843345642089844,-0.8864559531211853,0.37022945284843445,-0.48781609535217285,-0.8729463815689087,0.3938799798488617
C,0.0,0.0,0.0,-0.19598174095153809,0.06857675313949585,0.1777762770652771,-0.33766448497772217,-0.005948377773165703,0.3014473617076874,-0.4496757388114929,-0.10129423439502716,0.37569916248321533,-0.5334420204162598,-0.23551557958126068,0.45268580317497253,-0.13815651834011078,-0.47868573665618896,0.4826244115829468,-0.18465681374073029,-0.651719868183136,0.6361883878707886,-0.2877791225910187,-0.7081044316291809,0.7024521827697754,-0.36885300278663635,-0.6972618103027344,0.740056574344635,-0.1167888417840004,-0.5899279713630676,0.40610143542289734,-0.19702346622943878,-0.7656466364860535,0.5857056975364685,-0.34478700160980225,-0.787585437297821,0.642562985420227,-0.44964176416397095,-0.7651289105415344,0.6708669066429138,-0.14023084938526154,-0.6666288375854492,0.3157395124435425,-0.23384757339954376,-0.8437461256980896,0.45438817143440247,-0.37078216671943665,-0.8472718596458435,0.5050027370452881,-0.4749985635280609,-0.8188470005989075,0.5229538083076477,-0.1800706535577774,-0.7290552854537964,0.2280256450176239,-0.29306304454803467,-0.8835102915763855,0.3092828691005707,-0.39745283126831055,-0.8927567005157471,0.35121020674705505,-0.49178412556648254,-0.8707171678543091,0.3775067925453186
C,0.0,0.0,0.0,-0.18137995898723602,0.05468786507844925,-0.05078761652112007,-0.33288341760635376,-0.03898363187909126,-0.08583873510360718,-0.44390174746513367,-0.15202105045318604,-0.1212385818362236,-0.5294801592826843,-0.26416486501693726,-0.1451830267906189,-0.13647468388080597,-0.48251423239707947,-0.002736283466219902,-0.18215049803256989,-0.7007085680961609,-0.045157916843891144,-0.2907085716724396,-0.7934587597846985,-0.08656720817089081,-0.3895276188850403,-0.801676869392395,-0.10904419422149658,-0.11580955237150192,-0.5645509958267212,-0.006492366082966328,-0.1980568766593933,-0.7906093597412109,-0.029890935868024826,-0.3454773724079132,-0.8650997281074524,-0.048646606504917145,-0.46284082531929016,-0.8689712882041931,-0.06088419258594513,-0.12303478270769119,-0.6136190295219421,-0.023352202028036118,-0.22350668907165527,-0.8384202122688293,-0.049913499504327774,-0.3601256310939789,-0.8939363360404968,-0.060567621141672134,-0.46781468391418457,-0.8838265538215637,-0.06335368752479553,-0.15150128304958344,-0.6383646130561829,-0.047049541026353836,-0.2443179190158844,-0.826827883720398,-0.06413550674915314,-0.3485036790370941,-0.8884363770484924,-0.06407943367958069,-0.4398037791252136,-0.8877804279327393,-0.06041008606553078
C,0.0,0.0,0.0,-0.17798639833927155,0.051442790776491165,-0.07441150397062302,-0.3280644118785858,-0.031015602871775627,-0.11234739422798157,-0.4411919116973877,-0.14499667286872864,-0.14570485055446625,-0.524151623249054,-0.2677546441555023,-0.16789916157722473,-0.14655600488185883,-0.46268925070762634,-0.023097241297364235,-0.1953907459974289,-0.7020312547683716,-0.07131251692771912,-0.29401615262031555,-0.8162668943405151,-0.11901799589395523,-0.395403653383255,-0.8611533641815186,-0.14892315864562988,-0.1276230365037918,-0.529268741607666,-0.016179487109184265,-0.204604372382164,-0.7473534941673279,-0.054669689387083054,-0.335737407207489,-0.8498517274856567,-0.09123139828443527,-0.45757856965065,-0.8891692161560059,-0.11596361547708511,-0.12474795430898666,-0.5725724101066589,-0.02305753342807293,-0.21706637740135193,-0.7818792462348938,-0.060562435537576675,-0.337810218334198,-0.8650643229484558,-0.08615133911371231,-0.44865408539772034,-0.8915024995803833,-0.09848412871360779,-0.13115178048610687,-0.6030517816543579,-0.038570716977119446,-0.2139018326997757,-0.7834362387657166,-0.0683990940451622,-0.3052535057067871,-0.8619483709335327,-0.08143093436956406,-0.39460474252700806,-0.8868336081504822,-0.08562979847192764
C,0.0,0.0,0.0,-0.17525790631771088,0.040423158556222916,-0.10227452218532562,-0.33603107929229736,-0.02455194666981697,-0.1622302532196045,-0.45284026861190796,-0.13739269971847534,-0.2124311476945877,-0.5421056151390076,-0.2611566483974457,-0.25072598457336426,-0.14712662994861603,-0.4595778286457062,-0.07024926692247391,-0.22925333678722382,-0.6689895391464233,-0.1432819813489914,-0.34248316287994385,-0.7664554119110107,-0.20967821776866913,-0.45502376556396484,-0.7962208986282349,-0.2500472664833069,-0.13063296675682068,-0.53641277551651,-0.05463665723800659,-0.2353677898645401,-0.7484040260314941,-0.11257262527942657,-0.368179589509964,-0.8414129614830017,-0.15649233758449554,-0.4895826578140259,-0.86496901512146,-0.18478822708129883,-0.13022170960903168,-0.5915501713752747,-0.054729264229536057,-0.24014389514923096,-0.7964903712272644,-0.10867500305175781,-0.36245840787887573,-0.8690195679664612,-0.13718216121196747,-0.47457507252693176,-0.8802149891853333,-0.1501569151878357,-0.13732273876667023,-0.6245933175086975,-0.06540656834840775,-0.23293693363666534,-0.7947177886962891,-0.1081635132431984,-0.3247702419757843,-0.8608610033988953,-0.1235845685005188,-0.4171965420246124,-0.878215491771698,-0.12817010283470154
C,0.0,0.0,0.0,-0.15557265281677246,0.01795193925499916,-0.06600214540958405,-0.3025287389755249,-0.05412643402814865,-0.1064809113740921,-0.41694191098213196,-0.14519742131233215,-0.14888764917850494,-0.5025919675827026,-0.26463672518730164,-0.1808779537677765,-0.15009866654872894,-0.482634574174881,0.00025534219457767904,-0.22890307009220123,-0.6909264326095581,-0.05612848326563835,-0.3334631323814392,-0.7814943790435791,-0.11501762270927429,-0.4364532232284546,-0.8113484382629395,-0.15216737985610962,-0.12650807201862335,-0.5480189323425293,-0.005739650223404169,-0.21018286049365997,-0.7621573805809021,-0.04816882684826851,-0.3256569504737854,-0.852165162563324,-0.09385976940393448,-0.4312823414802551,-0.8760833144187927,-0.12480717152357101,-0.11444369703531265,-0.5969710350036621,-0.02781948633491993,-0.20145383477210999,-0.8056351542472839,-0.06630217283964157,-0.316576212644577,-0.8910722136497498,-0.09489520639181137,-0.41929012537002563,-0.907852292060852,-0.11056151241064072,-0.1096172034740448,-0.6270836591720581,-0.05966082960367203,-0.19032275676727295,-0.8060799241065979,-0.08949713408946991,-0.2813163697719574,-0.8894403576850891,-0.10256948322057724,-0.3708234131336212,-0.9150375723838806,-0.10767063498497009
C,0.0,0.0,0.0,-0.18219156563282013,0.05706997588276863,-0.004891303833574057,-0.37020549178123474,-0.026045726612210274,0.005414881277829409,-0.5115755796432495,-0.1316518485546112,0.002483796328306198,-0.6074302792549133,-0.2853924334049225,0.008534833788871765,-0.23393778502941132,-0.47334495186805725,0.14207686483860016,-0.3152187466621399,-0.6818045973777771,0.15757183730602264,-0.41815662384033203,-0.7484994530677795,0.14198295772075653,-0.5059025287628174,-0.7363361120223999,0.13102063536643982,-0.18824565410614014,-0.5687258839607239,0.12326210737228394,-0.28435832262039185,-0.7611215114593506,0.1538068801164627,-0.41253212094306946,-0.8136298060417175,0.13639087975025177,-0.5090311765670776,-0.7921876907348633,0.11926000565290451,-0.1592356115579605,-0.6394263505935669,0.08839105069637299,-0.261443167924881,-0.8397896885871887,0.10221444070339203,-0.3913846015930176,-0.8861333131790161,0.08618486672639847,-0.4922392666339874,-0.8548044562339783,0.07362210005521774,-0.1502273827791214,-0.6963546276092529,0.04793316125869751,-0.25936639308929443,-0.864569902420044,0.05006206035614014,-0.36535435914993286,-0.9085239171981812,0.04616859555244446,-0.459134042263031,-0.8883669376373291,0.04479014500975609
C,0.0,0.0,0.0,-0.18925374746322632,0.0542464479804039,-0.04435839131474495,-0.3798534870147705,-0.026582391932606697,-0.06804877519607544,-0.5294272303581238,-0.1365307718515396,-0.0935233011841774,-0.6277450919151306,-0.2785210907459259,-0.10651622712612152,-0.18357522785663605,-0.471220999956131,0.04259951785206795,-0.3019798994064331,-0.6892213821411133,0.011891146190464497,-0.4259110689163208,-0.7574012279510498,-0.029110390692949295,-0.5324795842170715,-0.7403708696365356,-0.05224248021841049,-0.1584191918373108,-0.5527548789978027,0.0407036691904068,-0.28959816694259644,-0.7643726468086243,0.03279460221529007,-0.4315643608570099,-0.8240405321121216,0.006664171814918518,-0.5429911017417908,-0.811255693435669,-0.014970873482525349,-0.15509384870529175,-0.6121801137924194,0.02329864352941513,-0.28763940930366516,-0.8200061321258545,0.016874780878424644,-0.4204564690589905,-0.8665586113929749,-0.00011032406473532319,-0.5295093059539795,-0.8483041524887085,-0.013865848071873188,-0.1672956347465515,-0.652509331703186,-0.0020349498372524977,-0.27895811200141907,-0.8267082571983337,-0.007886982522904873,-0.3843720257282257,-0.8735699653625488,-0.013801601715385914,-0.4819381833076477,-0.864972710609436,-0.017789287492632866
C,0.0,0.0,0.0,-0.1914840042591095,0.05974313244223595,-0.13872939348220825,-0.39265820384025574,-0.019744200631976128,-0.20656029880046844,-0.5538249611854553,-0.14006337523460388,-0.24957053363323212,-0.6531460881233215,-0.28560373187065125,-0.2766367197036743,-0.16794225573539734,-0.4449959397315979,-0.13896439969539642,-0.2694845199584961,-0.7159592509269714,-0.22353790700435638,-0.4035874307155609,-0.8108395934104919,-0.2871832549571991,-0.5235599875450134,-0.8038817048072815,-0.3163803517818451,-0.15130634605884552,-0.5211145281791687,-0.08837838470935822,-0.2676486372947693,-0.7679309844970703,-0.14154058694839478,-0.41955819725990295,-0.8539387583732605,-0.17053914070129395,-0.5412578582763672,-0.840856671333313,-0.18536046147346497,-0.15390117466449738,-0.5726360082626343,-0.053211577236652374,-0.2808458209037781,-0.8028475046157837,-0.09792293608188629,-0.41184180974960327,-0.8613561987876892,-0.12195920199155807,-0.5233931541442871,-0.8469167351722717,-0.12987244129180908,-0.16528502106666565,-0.5987761616706848,-0.02956995740532875,-0.27096715569496155,-0.784399151802063,-0.0676327794790268,-0.37248659133911133,-0.8453023433685303,-0.08623029291629791,-0.4650917053222656,-0.845860481262207,-0.09009391069412231
C,0.0,0.0,0.0,-0.16895970702171326,0.037989962846040726,-0.18445126712322235,-0.3586438000202179,-0.05530497804284096,-0.27966588735580444,-0.5040729641914368,-0.19299565255641937,-0.3428434133529663,-0.5869446992874146,-0.3559795916080475,-0.3941788375377655,-0.11684811860322952,-0.43337270617485046,-0.24002046883106232,-0.1665228009223938,-0.7221038341522217,-0.3676534593105316,-0.28138136863708496,-0.8354701995849609,-0.45656198263168335,-0.4025760591030121,-0.8596169352531433,-0.5047577023506165,-0.09912418574094772,-0.5116219520568848,-0.18486541509628296,-0.16263623535633087,-0.7891708612442017,-0.3063214123249054,-0.30002561211586,-0.8908692598342896,-0.3754515051841736,-0.41762644052505493,-0.8955928087234497,-0.413362979888916,-0.0969715490937233,-0.568259596824646,-0.14456483721733093,-0.1849949210882187,-0.8286701440811157,-0.2539824843406677,-0.3191675543785095,-0.912676990032196,-0.31138432025909424,-0.42906156182289124,-0.9032752513885498,-0.33404290676116943,-0.09755364805459976,-0.6031485795974731,-0.11646970361471176,-0.18525025248527527,-0.8130084276199341,-0.20456276834011078,-0.2871112823486328,-0.9020062685012817,-0.25157707929611206,-0.37774473428726196,-0.913194477558136,-0.27301275730133057
C,0.0,0.0,0.0,-0.18264469504356384,0.048145122826099396,-0.11655078083276749,-0.3757322430610657,-0.0462123304605484,-0.17699064314365387,-0.5286930799484253,-0.1758314073085785,-0.21880555152893066,-0.6252939701080322,-0.32592663168907166,-0.24710169434547424,-0.13760225474834442,-0.42112937569618225,-0.11938883364200592,-0.21663802862167358,-0.69431471824646,-0.20299029350280762,-0.33543041348457336,-0.8090420365333557,-0.2676694691181183,-0.44616732001304626,-0.8317772746086121,-0.2995455861091614,-0.11487769335508347,-0.5051116943359375,-0.0845986008644104,-0.21909131109714508,-0.7626858353614807,-0.14327213168144226,-0.3664289116859436,-0.8575509786605835,-0.18053902685642242,-0.4857042729854584,-0.8569561839103699,-0.2010709047317505,-0.10925474762916565,-0.5669916868209839,-0.06310981512069702,-0.22796201705932617,-0.8156018853187561,-0.11564470827579498,-0.3683745265007019,-0.8871423602104187,-0.14627772569656372,-0.4821380078792572,-0.8760952353477478,-0.15717042982578278,-0.11305931210517883,-0.6046646237373352,-0.05136124789714813,-0.2065359503030777,-0.8135001063346863,-0.09455831348896027,-0.3163661062717438,-0.8900288939476013,-0.11684422194957733,-0.41360947489738464,-0.8926692008972168,-0.1234026625752449
C,0.0,0.0,0.0,-0.17918138206005096,0.0482621043920517,-0.05843767151236534,-0.3766304850578308,-0.056281980127096176,-0.0804205909371376,-0.5258947014808655,-0.19121818244457245,-0.1011396273970604,-0.6254149675369263,-0.34325820207595825,-0.10918117314577103,-0.1604423075914383,-0.472589910030365,0.03224591538310051,-0.2442970722913742,-0.7176713943481445,-0.008671057410538197,-0.36152663826942444,-0.7935978174209595,-0.057847801595926285,-0.4714750349521637,-0.786901593208313,-0.08656379580497742,-0.12940210103988647,-0.5545077919960022,0.035490985959768295,-0.2288602888584137,-0.7890245318412781,0.006658592261373997,-0.3694271147251129,-0.8542714715003967,-0.03854428231716156,-0.4821517765522003,-0.8361994624137878,-0.06812845915555954,-0.11476755887269974,-0.6141929030418396,0.023218585178256035,-0.22563254833221436,-0.8506903648376465,-0.009411132894456387,-0.363724023103714,-0.9072235822677612,-0.04666650667786598,-0.4720325469970703,-0.8815811276435852,-0.0651869922876358,-0.10511169582605362,-0.6596497893333435,0.003902805270627141,-0.1976531445980072,-0.8671184182167053,-0.024469923228025436,-0.3033912479877472,-0.9305498600006104,-0.04389879107475281,-0.39351049065589905,-0.9172719717025757,-0.05167698487639427
C,0.0,0.0,0.0,-0.1927555352449417,-0.010264139622449875,-0.014506408013403416,-0.3830844461917877,-0.14536046981811523,-0.017496855929493904,-0.5243517160415649,-0.27058517932891846,-0.03378743678331375,-0.6113137602806091,-0.4245738685131073,-0.03963683173060417,-0.20175021886825562,-0.5546479821205139,0.1066054180264473,-0.2694837152957916,-0.7856862545013428,0.07323705404996872,-0.3697405755519867,-0.8488720655441284,0.021886873990297318,-0.4688507616519928,-0.834530234336853,-0.008177556097507477,-0.15438038110733032,-0.605135440826416,0.08446789532899857,-0.23456799983978271,-0.8399553894996643,0.056325171142816544,-0.35742220282554626,-0.8957504034042358,0.002203532727435231,-0.46271181106567383,-0.8590238690376282,-0.03041066788136959,-0.11952268332242966,-0.6412703990936279,0.04685307666659355,-0.2138383984565735,-0.8763293027877808,0.017659872770309448,-0.3452322781085968,-0.9243242740631104,-0.022938869893550873,-0.4495946168899536,-0.8842760920524597,-0.04184672608971596,-0.09233218431472778,-0.6665064096450806,0.004386535845696926,-0.1831042766571045,-0.8714468479156494,-0.018738294020295143,-0.2935667037963867,-0.9354947805404663,-0.03750832378864288,-0.3884904086589813,-0.9214527606964111,-0.04460767284035683
C,0.0,0.0,0.0,-0.20632150769233704,-0.04479410871863365,0.002087831497192383,-0.39034461975097656,-0.20758642256259918,0.005848972592502832,-0.5168139338493347,-0.3413679003715515,-0.0048830523155629635,-0.5995901226997375,-0.48984986543655396,-0.006812179461121559,-0.2163430154323578,-0.561136782169342,0.11299734562635422,-0.2830430269241333,-0.7973092794418335,0.08598879724740982,-0.3742702305316925,-0.8679711818695068,0.039832472801208496,-0.47128912806510925,-0.8626232743263245,0.013590577989816666,-0.15140491724014282,-0.597127377986908,0.08524858206510544,-0.22233444452285767,-0.8395857214927673,0.06841760873794556,-0.3303021192550659,-0.9134812355041504,0.023215604946017265,-0.4325440526008606,-0.8934391736984253,-0.006206552032381296,-0.10081292688846588,-0.6195681095123291,0.044005319476127625,-0.17239674925804138,-0.8607189655303955,0.03362086042761803,-0.284435898065567,-0.9351570010185242,0.006038120482116938,-0.3827826976776123,-0.9238383769989014,-0.009870955720543861,-0.062403999269008636,-0.6315898895263672,-0.0013543202076107264,-0.13988718390464783,-0.8300020098686218,-0.006591140758246183,-0.23487676680088043,-0.9208616614341736,-0.015006856061518192,-0.324007123708725,-0.9432194232940674,-0.018654704093933105
C,0.0,0.0,0.0,-0.20980188250541687,-0.04491535946726799,-0.029574140906333923,-0.39616844058036804,-0.18806447088718414,-0.03810878470540047,-0.5319211483001709,-0.3262966275215149,-0.05890480801463127,-0.6180188655853271,-0.4905029237270355,-0.06964147835969925,-0.2512519955635071,-0.5543004870414734,0.1058654859662056,-0.31706371903419495,-0.7689175605773926,0.06651587039232254,-0.4055037498474121,-0.8366401195526123,0.008380451239645481,-0.49755725264549255,-0.837159276008606,-0.028369974344968796,-0.19110797345638275,-0.6017696857452393,0.08735949546098709,-0.26556822657585144,-0.8253324031829834,0.05439950153231621,-0.3696281313896179,-0.8907051682472229,-0.002863695379346609,-0.46634671092033386,-0.871734082698822,-0.03989669680595398,-0.1326707899570465,-0.6310696005821228,0.050484415143728256,-0.21098308265209198,-0.866849422454834,0.016164375469088554,-0.32057806849479675,-0.9296372532844543,-0.021893782541155815,-0.41517698764801025,-0.9067338705062866,-0.04051894322037697,-0.06839282810688019,-0.6483489871025085,0.006607633549720049,-0.14916643500328064,-0.8540668487548828,-0.021496141329407692,-0.2524661719799042,-0.9325988292694092,-0.040655866265296936,-0.3475964069366455,-0.9376441836357117,-0.0487162210047245
C,0.0,0.0,0.0,-0.20863372087478638,-0.040098804980516434,-0.021333303302526474,-0.3916911482810974,-0.1775934100151062,-0.024256810545921326,-0.5198739171028137,-0.3093459904193878,-0.03976947441697121,-0.6004717946052551,-0.4588913917541504,-0.045345239341259,-0.25790271162986755,-0.5478630661964417,0.11395377665758133,-0.3135986924171448,-0.7710675597190857,0.08138453960418701,-0.3982710838317871,-0.8416532874107361,0.029443269595503807,-0.49279454350471497,-0.8461933732032776,-0.0027630331460386515,-0.2028229981660843,-0.5864866971969604,0.09527226537466049,-0.26849740743637085,-0.8028820753097534,0.07079515606164932,-0.36710095405578613,-0.8724836707115173,0.02157098613679409,-0.4686796963214874,-0.8701620101928711,-0.010136229917407036,-0.14834372699260712,-0.6148906350135803,0.0590650849044323,-0.21837645769119263,-0.838161051273346,0.03936878591775894,-0.31672918796539307,-0.9090644717216492,0.01212295051664114,-0.4111859202384949,-0.9115515351295471,-0.001868200022727251,-0.08576076477766037,-0.6341222524642944,0.015303137712180614,-0.15928615629673004,-0.8345681428909302,0.0010882214410230517,-0.24898800253868103,-0.9162485599517822,-0.008496204391121864,-0.33443889021873474,-0.9401450753211975,-0.010842490941286087
C,0.0,0.0,0.0,-0.19906294345855713,-0.04832598194479942,-0.03301505371928215,-0.38317248225212097,-0.20003969967365265,-0.041292764246463776,-0.5171740651130676,-0.34863921999931335,-0.05875035375356674,-0.5908491015434265,-0.5187045335769653,-0.06663842499256134,-0.24617132544517517,-0.5566902160644531,0.10505685210227966,-0.2967917025089264,-0.7808854579925537,0.07356257736682892,-0.376025915145874,-0.8572632074356079,0.02400093711912632,-0.46320074796676636,-0.8633590936660767,-0.0067318337969481945,-0.18040955066680908,-0.5940727591514587,0.09250620752573013,-0.2349613606929779,-0.8173136115074158,0.07098827511072159,-0.32493481040000916,-0.8917607665061951,0.02650528959929943,-0.41809582710266113,-0.8915653824806213,-0.0018419609405100346,-0.11649933457374573,-0.6160256266593933,0.06143006309866905,-0.177973210811615,-0.8448528051376343,0.0439293198287487,-0.26664939522743225,-0.9253964424133301,0.02191547490656376,-0.3529757261276245,-0.9356324672698975,0.010675680823624134,-0.04743257910013199,-0.6215814352035522,0.022040242329239845,-0.11588767170906067,-0.8168826699256897,0.00978307705372572,-0.1951158344745636,-0.9010003805160522,0.0028308285400271416,-0.2713298201560974,-0.9303498864173889,0.0014775076415389776
C,0.0,0.0,0.0,-0.19646944105625153,-0.059139031916856766,-0.0356869176030159,-0.37260743975639343,-0.21230199933052063,-0.04779481887817383,-0.5069746971130371,-0.3610322177410126,-0.07021872699260712,-0.5818749070167542,-0.5313867330551147,-0.08376608043909073,-0.2311857044696808,-0.562542200088501,0.09392298758029938,-0.27656280994415283,-0.7968913912773132,0.05310972407460213,-0.35561829805374146,-0.877046525478363,-0.002652347320690751,-0.4408768117427826,-0.8858601450920105,-0.03653843700885773,-0.16710108518600464,-0.6003861427307129,0.07969959080219269,-0.2191230207681656,-0.8410599231719971,0.04653174802660942,-0.31325581669807434,-0.9167671799659729,-0.0051154824905097485,-0.4057893753051758,-0.9087471961975098,-0.03713325038552284,-0.10431841760873795,-0.6200753450393677,0.047198422253131866,-0.16158202290534973,-0.8648694157600403,0.020011208951473236,-0.25729086995124817,-0.9405423402786255,-0.009904091246426105,-0.34466323256492615,-0.9387264251708984,-0.024693813174962997,-0.03442815691232681,-0.6204653382301331,0.006472260691225529,-0.09724776446819305,-0.830731987953186,-0.01466638408601284,-0.18346527218818665,-0.9163907766342163,-0.029281409457325935,-0.26383012533187866,-0.9363390207290649,-0.03482910990715027
C,0.0,0.0,0.0,-0.1841016560792923,-0.043042659759521484,-0.0491485595703125,-0.3475884795188904,-0.1975911557674408,-0.08063822239637375,-0.4705142676830292,-0.33467188477516174,-0.11879860609769821,-0.5527669787406921,-0.48528438806533813,-0.14782138168811798,-0.196061909198761,-0.5930353403091431,0.027260996401309967,-0.24463416635990143,-0.850300133228302,-0.04462301731109619,-0.3406369388103485,-0.9166703224182129,-0.11660844087600708,-0.4391956031322479,-0.8973852396011353,-0.15663659572601318,-0.13828226923942566,-0.6225370168685913,0.010595738887786865,-0.19183912873268127,-0.8984485268592834,-0.057772181928157806,-0.3018587827682495,-0.9533526301383972,-0.12044615298509598,-0.4045206308364868,-0.905857503414154,-0.15264177322387695,-0.08510329574346542,-0.6260604858398438,-0.02257167175412178,-0.14166533946990967,-0.8989242911338806,-0.07727817445993423,-0.254799485206604,-0.9519960284233093,-0.11380556225776672,-0.3533173203468323,-0.9149744510650635,-0.12616558372974396,-0.033858031034469604,-0.6048622131347656,-0.06341639161109924,-0.09809710085391998,-0.8275133371353149,-0.10476367175579071,-0.18867802619934082,-0.9034597277641296,-0.1241714358329773,-0.270905077457428,-0.9006856679916382,-0.12817296385765076
C,0.0,0.0,0.0,-0.181899756193161,-0.06863687932491302,-0.024597039446234703,-0.33419445157051086,-0.23091378808021545,-0.03944342955946922,-0.45099085569381714,-0.36380407214164734,-0.06893153488636017,-0.5257177352905273,-0.5217400789260864,-0.0900031328201294,-0.19412371516227722,-0.5949482917785645,0.08618707209825516,-0.22952406108379364,-0.8297258615493774,0.03809389844536781,-0.321303129196167,-0.8991608619689941,-0.01989974081516266,-0.41945794224739075,-0.9019262790679932,-0.05511394515633583,-0.13890421390533447,-0.6211639046669006,0.058123618364334106,-0.18141122162342072,-0.8881078958511353,0.00926631223410368,-0.29487520456314087,-0.948017418384552,-0.04427028447389603,-0.3984862267971039,-0.9171742796897888,-0.07313662767410278,-0.08664300292730331,-0.6256202459335327,0.012764759361743927,-0.13210871815681458,-0.9014604687690735,-0.03048383630812168,-0.25236383080482483,-0.9518340229988098,-0.06431473791599274,-0.35345691442489624,-0.9181777238845825,-0.07662367820739746,-0.03415608033537865,-0.6163153648376465,-0.03951393812894821,-0.09162463247776031,-0.8431773781776428,-0.07196491956710815,-0.19127295911312103,-0.9108797311782837,-0.0896686241030693,-0.280929297208786,-0.9047120213508606,-0.09485862404108047
C,0.0,0.0,0.0,-0.17526249587535858,-0.0956018790602684,-0.0040072971023619175,-0.3211941123008728,-0.27099764347076416,-0.007495859172195196,-0.4339977204799652,-0.4000796973705292,-0.031176496297121048,-0.5124021172523499,-0.548431932926178,-0.04770304635167122,-0.17617790400981903,-0.619844913482666,0.11870210617780685,-0.2050342708826065,-0.838056206703186,0.08246365189552307,-0.28725847601890564,-0.9076932668685913,0.033148303627967834,-0.3762403130531311,-0.9140017628669739,0.0030672738794237375,-0.12197210639715195,-0.6428101658821106,0.08118458837270737,-0.1588176041841507,-0.9023640155792236,0.04402270168066025,-0.26295551657676697,-0.9617892503738403,-0.0010879019973799586,-0.3618260622024536,-0.9322456121444702,-0.02425984852015972,-0.07294710725545883,-0.6464260816574097,0.026571420952677727,-0.1147998794913292,-0.9183379411697388,-0.010045919567346573,-0.23429636657238007,-0.9699575304985046,-0.03707723692059517,-0.33635225892066956,-0.9365379214286804,-0.04453837126493454,-0.027292516082525253,-0.6365491151809692,-0.03379347547888756,-0.08650801330804825,-0.8606435060501099,-0.0609935037791729,-0.18773363530635834,-0.9285986423492432,-0.07407572120428085,-0.2797114849090576,-0.9257161021232605,-0.07634899020195007
C,0.0,0.0,0.0,-0.17443367838859558,-0.10345359891653061,-0.014748363755643368,-0.318129301071167,-0.2788737714290619,-0.0277941282838583,-0.43007344007492065,-0.4099583625793457,-0.05799439549446106,-0.5059307813644409,-0.5565036535263062,-0.08097343146800995,-0.1809532344341278,-0.6206285953521729,0.08851134032011032,-0.21083712577819824,-0.8456898331642151,0.03542738035321236,-0.2955474555492401,-0.9146919250488281,-0.025391973555088043,-0.38617900013923645,-0.9213938117027283,-0.06165424734354019,-0.12410379946231842,-0.6413308382034302,0.05453232303261757,-0.15741783380508423,-0.9073194861412048,-0.00037719530519098043,-0.26504531502723694,-0.9642359614372253,-0.05457668378949165,-0.36648598313331604,-0.9287834763526917,-0.08210907876491547,-0.06933999806642532,-0.641635000705719,0.00401682872325182,-0.10219040513038635,-0.9109168648719788,-0.043150100857019424,-0.22269919514656067,-0.9616053700447083,-0.07724776118993759,-0.3266873061656952,-0.9265357255935669,-0.08839332312345505,-0.013844506815075874,-0.6226146817207336,-0.05251408368349075,-0.061047427356243134,-0.8447301387786865,-0.08398591727018356,-0.16050463914871216,-0.9159386157989502,-0.10083691775798798,-0.2544582784175873,-0.9112818241119385,-0.10560976713895798
C,0.0,0.0,0.0,-0.17500151693820953,-0.09608309715986252,-0.015425032936036587,-0.31836333870887756,-0.27330899238586426,-0.027291761711239815,-0.4282500743865967,-0.4030033051967621,-0.05576570704579353,-0.5036284923553467,-0.5458901524543762,-0.0768590122461319,-0.18601225316524506,-0.6173275113105774,0.0891551598906517,-0.21674317121505737,-0.8480150103569031,0.03868547081947327,-0.2939223051071167,-0.9136321544647217,-0.018912309780716896,-0.37880682945251465,-0.9151104092597961,-0.05182362347841263,-0.13119718432426453,-0.6345532536506653,0.05731409788131714,-0.15699167549610138,-0.906029999256134,0.0023256188724189997,-0.2641645669937134,-0.9644775986671448,-0.05033975467085838,-0.3664664328098297,-0.9223342537879944,-0.07417826354503632,-0.07781703025102615,-0.6325361132621765,0.00924268364906311,-0.10701476037502289,-0.8961652517318726,-0.03394996002316475,-0.22257313132286072,-0.947569727897644,-0.06434561312198639,-0.3265450894832611,-0.9122572541236877,-0.07220855355262756,-0.02268153987824917,-0.6114317774772644,-0.04522913321852684,-0.0677214190363884,-0.8233330249786377,-0.07153858244419098,-0.15563346445560455,-0.9000964164733887,-0.08441900461912155,-0.2412394881248474,-0.9085283279418945,-0.08577281981706619
C,0.0,0.0,0.0,-0.18154478073120117,-0.10599443316459656,-0.007246638182550669,-0.33056196570396423,-0.28621581196784973,-0.015114144422113895,-0.4431619942188263,-0.41663873195648193,-0.04234248027205467,-0.4986029863357544,-0.5673875212669373,-0.061954315751791,-0.1863081008195877,-0.6240001916885376,0.10607894510030746,-0.2193104773759842,-0.8463572263717651,0.061359819024801254,-0.29918453097343445,-0.9089192748069763,0.007958917878568172,-0.387129008769989,-0.9179677367210388,-0.023785708472132683,-0.12848344445228577,-0.6374524235725403,0.06944505125284195,-0.15659013390541077,-0.910171389579773,0.014457384124398232,-0.2698887884616852,-0.9628914594650269,-0.039199426770210266,-0.3751503825187683,-0.9227798581123352,-0.0631256252527237,-0.07246609032154083,-0.6320714354515076,0.01669778674840927,-0.10691141337156296,-0.8973401784896851,-0.030849821865558624,-0.23385846614837646,-0.9323968291282654,-0.06500045955181122,-0.3420533537864685,-0.8884762525558472,-0.07333283871412277,-0.01766030490398407,-0.6086710095405579,-0.04115327075123787,-0.07185674458742142,-0.8202492594718933,-0.07036709040403366,-0.17259252071380615,-0.881354570388794,-0.08542509377002716,-0.2638905942440033,-0.8790165781974792,-0.08758766204118729
C,0.0,0.0,0.0,-0.17140395939350128,-0.10051354765892029,-0.024721616879105568,-0.32124632596969604,-0.27988100051879883,-0.04626955837011337,-0.44164901971817017,-0.4217040538787842,-0.08254407346248627,-0.502585232257843,-0.581798255443573,-0.11107508838176727,-0.18559154868125916,-0.6080165505409241,0.06570785492658615,-0.21184834837913513,-0.837985098361969,0.005237034056335688,-0.29614800214767456,-0.9096246957778931,-0.0545489527285099,-0.381511390209198,-0.9226421117782593,-0.08969233185052872,-0.1233305111527443,-0.6234281659126282,0.034788548946380615,-0.14881402254104614,-0.9161423444747925,-0.040560282766819,-0.26883697509765625,-0.963185727596283,-0.09761793911457062,-0.3747795522212982,-0.9095826745033264,-0.11950056254863739,-0.0648345947265625,-0.61593097448349,-0.011991226114332676,-0.09267204254865646,-0.8970298171043396,-0.07311934977769852,-0.22417379915714264,-0.941849410533905,-0.1091126799583435,-0.33283543586730957,-0.9015069603919983,-0.1157977283000946,-0.008828205987811089,-0.5863942503929138,-0.0644947811961174,-0.05644216015934944,-0.7994822263717651,-0.10252693295478821,-0.15241126716136932,-0.869182825088501,-0.12199725955724716,-0.23951305449008942,-0.8697962164878845,-0.12583304941654205
C,0.0,0.0,0.0,-0.17453350126743317,-0.10247506946325302,-0.02393723465502262,-0.3282342851161957,-0.2717550992965698,-0.04759601503610611,-0.45030543208122253,-0.4041708707809448,-0.08671730011701584,-0.5240296125411987,-0.5570099949836731,-0.11570750921964645,-0.18415971100330353,-0.6205824017524719,0.07340644299983978,-0.2176646590232849,-0.8616776466369629,0.00863637588918209,-0.3110315501689911,-0.9098361134529114,-0.05711479112505913,-0.40216127038002014,-0.8918831944465637,-0.09302261471748352,-0.12799419462680817,-0.6322563290596008,0.04267401993274689,-0.1537918746471405,-0.9235729575157166,-0.02468501217663288,-0.27437183260917664,-0.9616237282752991,-0.07989783585071564,-0.37617212533950806,-0.905782163143158,-0.10350559651851654,-0.07800191640853882,-0.6251476407051086,-0.005598720163106918,-0.10963357239961624,-0.9094202518463135,-0.05947579815983772,-0.23850411176681519,-0.9444683790206909,-0.08940736204385757,-0.3405829668045044,-0.8937835097312927,-0.09469807147979736,-0.03155824542045593,-0.6014365553855896,-0.060328856110572815,-0.09039562940597534,-0.8216413259506226,-0.09330663084983826,-0.1945957988500595,-0.8801194429397583,-0.10615693032741547,-0.286428838968277,-0.8666158318519592,-0.10613986104726791
C,0.0,0.0,0.0,-0.1822376251220703,-0.10459448397159576,-0.0031169303692877293,-0.33151108026504517,-0.2847041189670563,-0.011517098173499107,-0.4504331052303314,-0.42544692754745483,-0.0397859551012516,-0.5233581066131592,-0.5795329213142395,-0.05996793508529663,-0.18175283074378967,-0.6070320010185242,0.11487452685832977,-0.22043348848819733,-0.8286093473434448,0.06984160840511322,-0.3098425269126892,-0.8942469954490662,0.015631336718797684,-0.3986635208129883,-0.903542697429657,-0.017521925270557404,-0.12469317764043808,-0.6242478489875793,0.0749698057770729,-0.15205398201942444,-0.9029849767684937,0.02493389882147312,-0.2737056314945221,-0.9588848352432251,-0.02258864976465702,-0.37839236855506897,-0.9256452918052673,-0.045602332800626755,-0.07383085787296295,-0.6206353902816772,0.017764953896403313,-0.10667605698108673,-0.8976537585258484,-0.02439787983894348,-0.23827262222766876,-0.9493973851203918,-0.05145278573036194,-0.3441903293132782,-0.9162107706069946,-0.05926100164651871,-0.02940698340535164,-0.5978971719741821,-0.045151058584451675,-0.09065240621566772,-0.8075819611549377,-0.07197514921426773,-0.19713671505451202,-0.8719509243965149,-0.08479482680559158,-0.28852957487106323,-0.8710833787918091,-0.08826547861099243
C,0.0,0.0,0.0,-0.18270014226436615,-0.10380982607603073,-0.0063963825814425945,-0.3339574337005615,-0.2846347987651825,-0.0168310459703207,-0.4501194953918457,-0.4209086000919342,-0.04728859290480614,-0.5243396759033203,-0.5779134035110474,-0.07005281746387482,-0.1907147914171219,-0.6082083582878113,0.10909195244312286,-0.22660759091377258,-0.8377578258514404,0.057875461876392365,-0.31563711166381836,-0.8974481225013733,-0.00038769867387600243,-0.40084308385849,-0.899883508682251,-0.035172294825315475,-0.13378430902957916,-0.6231772303581238,0.0683727115392685,-0.16194367408752441,-0.9097036123275757,0.010122391395270824,-0.2828771471977234,-0.9591561555862427,-0.04416758194565773,-0.38284778594970703,-0.9185029864311218,-0.06975012272596359,-0.0812230184674263,-0.6166122555732727,0.010104572400450706,-0.11322826892137527,-0.899785578250885,-0.038605671375989914,-0.24197101593017578,-0.9464384317398071,-0.07132722437381744,-0.34336620569229126,-0.908064067363739,-0.08101966232061386,-0.03311146795749664,-0.5911842584609985,-0.05382850021123886,-0.09181185066699982,-0.8061214685440063,-0.08548657596111298,-0.1955110877752304,-0.8706526756286621,-0.10153970122337341,-0.28406018018722534,-0.8674266338348389,-0.10606911778450012
C,0.0,0.0,0.0,-0.1791514754295349,-0.09530198574066162,-0.0004633608623407781,-0.33471035957336426,-0.28547587990760803,-0.001965684350579977,-0.44816842675209045,-0.43264737725257874,-0.02275424264371395,-0.522337019443512,-0.5851115584373474,-0.035589396953582764,-0.19174984097480774,-0.612387478351593,0.12014195322990417,-0.22585366666316986,-0.8378341197967529,0.08220291137695312,-0.3107548654079437,-0.8972375392913818,0.03311460465192795,-0.4006187319755554,-0.901559591293335,0.003061078255996108,-0.1355646401643753,-0.6327990889549255,0.08151129633188248,-0.15943017601966858,-0.9088684916496277,0.036769092082977295,-0.27466264367103577,-0.958486795425415,-0.009793301112949848,-0.37789350748062134,-0.9258490800857544,-0.03252959996461868,-0.08835169672966003,-0.6293851733207703,0.02599935233592987,-0.12018206715583801,-0.9027853012084961,-0.01572917029261589,-0.24604539573192596,-0.9494754076004028,-0.04586431011557579,-0.35135185718536377,-0.9188268780708313,-0.05565891042351723,-0.05180336907505989,-0.6081354022026062,-0.0342794731259346,-0.11475787311792374,-0.8186317086219788,-0.06126595288515091,-0.2168838083744049,-0.8769737482070923,-0.07542531937360764,-0.30651864409446716,-0.8770217895507812,-0.08015265315771103
C,0.0,0.0,0.0,-0.18323087692260742,-0.08819032460451126,-0.018968762829899788,-0.3322429955005646,-0.25966474413871765,-0.03349324315786362,-0.4459777772426605,-0.4101114869117737,-0.06516512483358383,-0.5249450206756592,-0.5721126794815063,-0.08942094445228577,-0.17764165997505188,-0.6065243482589722,0.09907431155443192,-0.20169638097286224,-0.8344423174858093,0.05438905954360962,-0.2857409119606018,-0.9005711674690247,0.0008012606995180249,-0.37669482827186584,-0.9133514761924744,-0.03243699297308922,-0.11836808174848557,-0.6214559674263,0.06628954410552979,-0.14499279856681824,-0.8943479657173157,0.017636509612202644,-0.2581859529018402,-0.9505890607833862,-0.031863778829574585,-0.36466819047927856,-0.9311375617980957,-0.05723484233021736,-0.0670950785279274,-0.6181941032409668,0.015554910525679588,-0.1035219207406044,-0.8961339592933655,-0.03332894667983055,-0.2275819033384323,-0.950510561466217,-0.06531792134046555,-0.3363890051841736,-0.926613450050354,-0.07506634294986725,-0.021915020421147346,-0.6006534099578857,-0.041059523820877075,-0.08561969548463821,-0.8184531927108765,-0.07698450982570648,-0.18377038836479187,-0.8825386762619019,-0.09307678043842316,-0.2735714316368103,-0.8779893517494202,-0.09700508415699005
C,0.0,0.0,0.0,-0.186015784740448,-0.10609983652830124,-0.020737070590257645,-0.33602404594421387,-0.2817952632904053,-0.03738752752542496,-0.44951820373535156,-0.43182656168937683,-0.06718893349170685,-0.5243048667907715,-0.5903772711753845,-0.08961174637079239,-0.18563827872276306,-0.6060852408409119,0.07409921288490295,-0.1999620795249939,-0.8520135283470154,0.020129946991801262,-0.28297582268714905,-0.9285133481025696,-0.04084184020757675,-0.3732260465621948,-0.9277403950691223,-0.07489325851202011,-0.12162813544273376,-0.616123378276825,0.0458066463470459,-0.14350201189517975,-0.8798642754554749,-0.00593888433650136,-0.25360655784606934,-0.9472364783287048,-0.057939279824495316,-0.35601702332496643,-0.9181829690933228,-0.08445004373788834,-0.062095705419778824,-0.6048901677131653,0.0017546230228617787,-0.08925101161003113,-0.8678998947143555,-0.04265277460217476,-0.20496897399425507,-0.9326956272125244,-0.07064899057149887,-0.3054303824901581,-0.9071417450904846,-0.07890142500400543,-0.0028869351372122765,-0.5704669952392578,-0.04791641980409622,-0.05196889117360115,-0.7800454497337341,-0.08231606334447861,-0.14417947828769684,-0.8610924482345581,-0.09545627981424332,-0.23021945357322693,-0.8743877410888672,-0.09583897888660431
C,0.0,0.0,0.0,-0.1768994778394699,-0.15568865835666656,-0.004240569658577442,-0.3095035254955292,-0.33471688628196716,-0.014858664013445377,-0.4092954993247986,-0.482876181602478,-0.04495401307940483,-0.4783347249031067,-0.650431215763092,-0.06765846163034439,-0.09746754169464111,-0.6314940452575684,0.1156490370631218,-0.09937623143196106,-0.87685626745224,0.0733405351638794,-0.18483160436153412,-0.9559869170188904,0.01628357172012329,-0.28143540024757385,-0.9541076421737671,-0.015616992488503456,-0.02997705526649952,-0.6398155689239502,0.07954023778438568,-0.04157151281833649,-0.8998727798461914,0.04586734250187874,-0.15669120848178864,-0.9849453568458557,-0.001724102534353733,-0.26680275797843933,-0.9637511372566223,-0.03018275462090969,0.015912126749753952,-0.6386373043060303,0.026457957923412323,0.012904033064842224,-0.8958337306976318,-0.0017602829029783607,-0.10057073086500168,-0.9763244986534119,-0.02161390893161297,-0.20914188027381897,-0.9618727564811707,-0.02822028659284115,0.04979528859257698,-0.6206979155540466,-0.03265988826751709,0.03486528992652893,-0.8404496908187866,-0.05055722966790199,-0.03904525935649872,-0.9397236108779907,-0.05389541760087013,-0.12142577767372131,-0.9672488570213318,-0.05076092854142189
C,0.0,0.0,0.0,-0.17328354716300964,-0.12651124596595764,-0.017353281378746033,-0.3061729669570923,-0.31198927760124207,-0.03174149617552757,-0.4014874994754791,-0.4748068153858185,-0.060560137033462524,-0.4574562609195709,-0.6482760310173035,-0.07980362325906754,-0.0765988752245903,-0.637287437915802,0.11950230598449707,-0.08684279769659042,-0.8789708018302917,0.09700451046228409,-0.16474752128124237,-0.9556077122688293,0.05076554790139198,-0.260830283164978,-0.9653847217559814,0.024833854287862778,-0.013894515112042427,-0.6343168616294861,0.09759239852428436,-0.03602224215865135,-0.8792165517807007,0.08700829744338989,-0.12866097688674927,-0.9658765196800232,0.045372672379016876,-0.22853103280067444,-0.9626784920692444,0.019890056923031807,0.030199935659766197,-0.625874400138855,0.0587167926132679,0.0064716460183262825,-0.8655714392662048,0.05167463794350624,-0.08483371138572693,-0.9592364430427551,0.03493915870785713,-0.17991851270198822,-0.9680440425872803,0.027619361877441406,0.06198238953948021,-0.6046677231788635,0.012828649021685123,0.025100529193878174,-0.8175650835037231,0.011467082425951958,-0.04166688770055771,-0.9179984331130981,0.014465673826634884,-0.11632122099399567,-0.9528388381004333,0.020905567333102226
C,0.0,0.0,0.0,-0.17138990759849548,-0.1030411347746849,-0.015502460300922394,-0.3057437241077423,-0.2889682352542877,-0.024993574246764183,-0.40522974729537964,-0.45215338468551636,-0.050359662622213364,-0.4655064046382904,-0.6323992013931274,-0.0653255358338356,-0.0715482085943222,-0.6125284433364868,0.12464168667793274,-0.07929236441850662,-0.8492993116378784,0.09551268815994263,-0.16014370322227478,-0.9343293905258179,0.04384034499526024,-0.26418519020080566,-0.9545372724533081,0.01335900742560625,-0.017421120777726173,-0.6275520920753479,0.09852826595306396,-0.03555072844028473,-0.8707820773124695,0.076700858771801,-0.13514597713947296,-0.9588943719863892,0.027556726709008217,-0.24700094759464264,-0.9560860991477966,-0.0019435934955254197,0.020221378654241562,-0.638403058052063,0.054687101393938065,-0.005166195333003998,-0.8781223893165588,0.03514557331800461,-0.10619707405567169,-0.9694440364837646,0.008823959156870842,-0.2150285243988037,-0.9766077995300293,-0.0024314287584275007,0.0462440587580204,-0.6395255327224731,0.00387404253706336,0.0063635059632360935,-0.8505891561508179,-0.008174645714461803,-0.07462431490421295,-0.948073148727417,-0.013814439065754414,-0.16599902510643005,-0.974051833152771,-0.01254951860755682
C,0.0,0.0,0.0,-0.16068413853645325,-0.10294468700885773,0.0052235787734389305,-0.2815960645675659,-0.31472766399383545,0.010248208418488503,-0.3674298822879791,-0.4854390323162079,-0.002398483222350478,-0.40853169560432434,-0.6553311944007874,-0.006781768519431353,-0.025625957176089287,-0.6053309440612793,0.12581881880760193,-0.022608956322073936,-0.8485010266304016,0.1021948903799057,-0.10332944244146347,-0.9397920370101929,0.0607658326625824,-0.20238268375396729,-0.9610822796821594,0.037467628717422485,0.03075757995247841,-0.6134994029998779,0.09087537974119186,0.03937969356775284,-0.8782481551170349,0.07220268994569778,-0.06475869566202164,-0.9718689322471619,0.031925901770591736,-0.17630507051944733,-0.971611499786377,0.009168720804154873,0.06921587884426117,-0.6142095327377319,0.04100870341062546,0.06798110157251358,-0.8736324906349182,0.021293742582201958,-0.04021657630801201,-0.9726826548576355,-0.005401512607932091,-0.14899642765522003,-0.9888377785682678,-0.016551025211811066,0.09239856898784637,-0.6102480292320251,-0.012934761121869087,0.06467042863368988,-0.83440762758255,-0.02637629024684429,-0.016176586970686913,-0.9400086998939514,-0.03476548194885254,-0.10106763243675232,-0.9776532649993896,-0.03609222173690796
C,0.0,0.0,0.0,-0.1556423306465149,-0.1289919763803482,-0.00014790537534281611,-0.25576749444007874,-0.3475761115550995,0.003283585188910365,-0.3321405053138733,-0.5343846678733826,-0.014200467616319656,-0.3591536283493042,-0.7183853387832642,-0.023297199979424477,-0.0006789955659769475,-0.6007422208786011,0.14257864654064178,0.010673385113477707,-0.8322470784187317,0.11644981056451797,-0.07062209397554398,-0.9339350461959839,0.07069278508424759,-0.15962770581245422,-0.9743773937225342,0.0427103266119957,0.05496790260076523,-0.6110199689865112,0.10898694396018982,0.07187972962856293,-0.8728943467140198,0.08514515310525894,-0.038026463240385056,-0.971268355846405,0.0397927388548851,-0.14422236382961273,-0.9793252348899841,0.014157362282276154,0.10231224447488785,-0.6133953332901001,0.05828635394573212,0.12366195768117905,-0.8772704005241394,0.03544125333428383,0.0074501908384263515,-0.9789382815361023,0.008987586945295334,-0.10197410732507706,-0.9947870373725891,-0.0012942957691848278,0.14714176952838898,-0.6043134331703186,0.0015835566446185112,0.15794694423675537,-0.8328443765640259,-0.015364415012300014,0.07506608217954636,-0.9462266564369202,-0.025533653795719147,-0.01577172987163067,-0.9787988066673279,-0.027484102174639702
C,0.0,0.0,0.0,-0.1765424609184265,-0.1477399319410324,-0.0015506329946219921,-0.28683945536613464,-0.3735499083995819,0.0015796050429344177,-0.3628317415714264,-0.5699621438980103,-0.01649375446140766,-0.3938905596733093,-0.763105034828186,-0.02769608609378338,-0.035049065947532654,-0.6260899305343628,0.15819618105888367,-0.02036144770681858,-0.8482581377029419,0.13563765585422516,-0.08658163994550705,-0.9466354846954346,0.08476508408784866,-0.17301154136657715,-0.9849197268486023,0.051173850893974304,0.02657882682979107,-0.6292786598205566,0.12466257065534592,0.042693473398685455,-0.879277229309082,0.09743737429380417,-0.04625033587217331,-0.9751373529434204,0.03532537817955017,-0.14720988273620605,-0.976488471031189,-0.0016576460329815745,0.08085080236196518,-0.6187788844108582,0.07417814433574677,0.10033133625984192,-0.875195324420929,0.046368103474378586,-0.00019740095012821257,-0.9754626154899597,0.0032366104423999786,-0.107105553150177,-0.9905074834823608,-0.017002122476696968,0.13826660811901093,-0.5913121700286865,0.018683211877942085,0.14102165400981903,-0.8163500428199768,-0.003962153568863869,0.06104726344347,-0.9320576190948486,-0.024108562618494034,-0.031659167259931564,-0.9733077883720398,-0.03246087208390236
C,0.0,0.0,0.0,-0.17465732991695404,-0.16970865428447723,0.006330694537609816,-0.27516061067581177,-0.4086539149284363,0.02169281430542469,-0.33339235186576843,-0.6126948595046997,0.014152886345982552,-0.3489396572113037,-0.8039167523384094,0.013031612150371075,-0.025162512436509132,-0.6313076615333557,0.1812475472688675,-0.003693800885230303,-0.8477253317832947,0.17307229340076447,-0.0576230064034462,-0.9435164332389832,0.1319531500339508,-0.1361227035522461,-0.9896701574325562,0.10366776585578918,0.04123954847455025,-0.630561351776123,0.14729562401771545,0.06652066856622696,-0.8809691667556763,0.1326666623353958,-0.018438586965203285,-0.9805055856704712,0.07861024141311646,-0.11803973466157913,-0.9930088520050049,0.046034350991249084,0.09835504740476608,-0.6137349605560303,0.09599892795085907,0.1339426338672638,-0.8757814168930054,0.07620718330144882,0.03648194670677185,-0.9752689599990845,0.036982469260692596,-0.06827182322740555,-0.9878185391426086,0.018646301701664925,0.15840840339660645,-0.582181990146637,0.03992881625890732,0.1813204139471054,-0.8124420046806335,0.024092169478535652,0.10539887100458145,-0.9248814582824707,0.00780084915459156,0.017317626625299454,-0.9607599377632141,0.0011781236389651895
C,0.0,0.0,0.0,-0.1256083846092224,-0.1456042379140854,0.0031699459068477154,-0.20032855868339539,-0.3556264638900757,-0.003914916887879372,-0.25654739141464233,-0.5246356129646301,-0.030064240097999573,-0.26710227131843567,-0.6801807880401611,-0.047561656683683395,0.049256037920713425,-0.5374566912651062,0.09620451182126999,0.0805925726890564,-0.7491430640220642,0.06351923197507858,0.020343495532870293,-0.848970353603363,0.028836727142333984,-0.05623790621757507,-0.8850939273834229,0.013348936103284359,0.10017654299736023,-0.5391245484352112,0.06087924540042877,0.19949226081371307,-0.7734386920928955,0.04059543460607529,0.17112959921360016,-0.9125644564628601,0.02241946943104267,0.13378901779651642,-0.9910098314285278,0.015473412349820137,0.12704890966415405,-0.5293240547180176,0.009418449364602566,0.17083613574504852,-0.7662261128425598,-0.02262081950902939,0.07338888198137283,-0.8595077395439148,-0.03452608734369278,-0.012513685040175915,-0.8859881162643433,-0.03099425509572029,0.13278771936893463,-0.5127273797988892,-0.04530319571495056,0.13875754177570343,-0.7164396643638611,-0.07038892060518265,0.0677361860871315,-0.8164899349212646,-0.07346688956022263,-0.0018852321663871408,-0.8586054444313049,-0.06792911142110825
C,0.0,0.0,0.0,-0.13752421736717224,-0.18189185857772827,0.028317851945757866,-0.23308995366096497,-0.42089787125587463,0.045631591230630875,-0.3025816082954407,-0.604554295539856,0.03664345294237137,-0.3173511028289795,-0.7720649242401123,0.03791571035981178,0.028775937855243683,-0.6233065724372864,0.18714727461338043,0.06367932260036469,-0.8631747961044312,0.1739596277475357,-0.01197830867022276,-0.9580249190330505,0.13908028602600098,-0.10233913362026215,-0.9880721569061279,0.12250808626413345,0.08321922272443771,-0.6227002739906311,0.14280907809734344,0.1438666582107544,-0.8939445614814758,0.13229207694530487,0.04502115026116371,-0.9884979724884033,0.1013275533914566,-0.05054516717791557,-0.998721718788147,0.09011151641607285,0.1156608983874321,-0.6190233826637268,0.08102650940418243,0.1537782996892929,-0.8855716586112976,0.06642487645149231,0.04419667273759842,-0.9746980667114258,0.05053243041038513,-0.05087408795952797,-0.9806442856788635,0.05168073624372482,0.1281886100769043,-0.6061393618583679,0.01581701450049877,0.13637308776378632,-0.8423099517822266,0.011938161216676235,0.050177138298749924,-0.9432945251464844,0.014436250552535057,-0.029769880697131157,-0.9691909551620483,0.023040693253278732
C,0.0,0.0,0.0,-0.1468254178762436,-0.17994603514671326,0.009867032058537006,-0.2286653220653534,-0.41816067695617676,0.014332982711493969,-0.28337833285331726,-0.6018168330192566,0.00045525495079346,-0.29676511883735657,-0.7743342518806458,-0.006820166017860174,0.027603676542639732,-0.6417091488838196,0.11969491094350815,0.05309401825070381,-0.8699921369552612,0.08860176801681519,-0.008772888220846653,-0.958438515663147,0.04166531562805176,-0.09362155944108963,-0.9956079125404358,0.01603109762072563,0.08964713662862778,-0.6379358768463135,0.08277574181556702,0.1242464929819107,-0.8929797410964966,0.04960419982671738,0.029916387051343918,-0.9741382002830505,0.0023684243205934763,-0.07752252370119095,-0.9712924361228943,-0.02014627493917942,0.13302990794181824,-0.6212465167045593,0.03287341445684433,0.16670477390289307,-0.8692505955696106,0.0049019730649888515,0.07516143471002579,-0.9634831547737122,-0.02220023050904274,-0.021431442350149155,-0.9776477813720703,-0.0304801557213068,0.16133607923984528,-0.5898271799087524,-0.01999214105308056,0.17105141282081604,-0.8088217377662659,-0.03258926048874855,0.11474184691905975,-0.9223034381866455,-0.03707951307296753,0.04923078790307045,-0.9734681248664856,-0.03409438952803612
C,0.0,0.0,0.0,-0.14775104820728302,-0.17210257053375244,0.0022343231830745935,-0.23634330928325653,-0.4203132688999176,0.0011165740434080362,-0.2992803156375885,-0.6201494336128235,-0.020647862926125526,-0.30550143122673035,-0.8113207817077637,-0.03222799301147461,0.04009625315666199,-0.6559562683105469,0.1413576751947403,0.07792605459690094,-0.8795517086982727,0.11468406021595001,0.006632188800722361,-0.9663311839103699,0.06989491730928421,-0.09061017632484436,-0.9938676357269287,0.04545547813177109,0.09855212271213531,-0.6484801769256592,0.10557358711957932,0.1408616602420807,-0.9016575217247009,0.0826493501663208,0.03589748591184616,-0.9949243068695068,0.04206198453903198,-0.0818215012550354,-0.99664705991745,0.02152302861213684,0.13447760045528412,-0.6362318992614746,0.05229446664452553,0.17215090990066528,-0.888315737247467,0.029210582375526428,0.06231506168842316,-0.9853863716125488,0.005194926168769598,-0.05285046249628067,-0.9977279901504517,-0.0023522539995610714,0.15425735712051392,-0.6171502470970154,-0.00634553749114275,0.16824761033058167,-0.8443928956985474,-0.019575467333197594,0.09223070740699768,-0.9495270848274231,-0.02649732679128647,0.0009536704747006297,-0.9838976860046387,-0.02594182640314102
C,0.0,0.0,0.0,-0.14642497897148132,-0.1671864241361618,0.0022185291163623333,-0.2308000773191452,-0.3959013819694519,-0.010548118501901627,-0.29570817947387695,-0.5763585567474365,-0.042605556547641754,-0.31150639057159424,-0.7496383786201477,-0.06678012013435364,0.02885165996849537,-0.6331205368041992,0.08865943551063538,0.06272763758897781,-0.8747830986976624,0.03531384468078613,-0.01658945344388485,-0.9561465978622437,-0.020056815817952156,-0.11315976828336716,-0.9720396995544434,-0.048812150955200195,0.08286746591329575,-0.6271439790725708,0.0483534149825573,0.11154692620038986,-0.9152976274490356,-0.0072787487879395485,-0.0052503058686852455,-0.9999862313270569,-0.05773743614554405,-0.1211286187171936,-0.9868874549865723,-0.07940265536308289,0.12029934674501419,-0.6027710437774658,-0.00568500766530633,0.14922547340393066,-0.8895739316940308,-0.051662594079971313,0.0326201431453228,-0.9744744896888733,-0.07976260781288147,-0.08110784739255905,-0.966672956943512,-0.08528989553451538,0.1438969522714615,-0.5594889521598816,-0.06341341882944107,0.16536512970924377,-0.7981886863708496,-0.09370493143796921,0.10379736870527267,-0.9074044227600098,-0.10655727237462997,0.028213102370500565,-0.9449636936187744,-0.10674944519996643
C,0.0,0.0,0.0,-0.1627168506383896,-0.16947868466377258,0.034541092813014984,-0.24185305833816528,-0.3835460841655731,0.038845933973789215,-0.29934486746788025,-0.5695499777793884,0.013540697284042835,-0.31992343068122864,-0.7484339475631714,-0.0060973623767495155,0.034777186810970306,-0.6141716837882996,0.1556989997625351,0.05829132720828056,-0.8492907285690308,0.12928590178489685,-0.025824131444096565,-0.9392821192741394,0.08678369969129562,-0.11831045150756836,-0.9625222682952881,0.06233910098671913,0.09124795347452164,-0.6239888668060303,0.10000989586114883,0.10871201753616333,-0.9064311385154724,0.0765511617064476,-0.009596229530870914,-0.9980373978614807,0.03573264926671982,-0.11817609518766403,-0.992992639541626,0.011453334242105484,0.1285606473684311,-0.6181247234344482,0.03014274500310421,0.14755018055438995,-0.8993683457374573,0.002774592489004135,0.014132036827504635,-0.9824011921882629,-0.022994153201580048,-0.1054469645023346,-0.9688815474510193,-0.03466513007879257,0.14676885306835175,-0.603746771812439,-0.04184166342020035,0.15173330903053284,-0.8368844985961914,-0.05898713320493698,0.049293287098407745,-0.9115176796913147,-0.06552605330944061,-0.05799643322825432,-0.9040707945823669,-0.06694559752941132
C,0.0,0.0,0.0,-0.16576562821865082,-0.14302918314933777,-0.011472673155367374,-0.2513422667980194,-0.3683270215988159,-0.045802902430295944,-0.3170397877693176,-0.5502949357032776,-0.09357739239931107,-0.3473827838897705,-0.724953293800354,-0.13509657979011536,0.023215312510728836,-0.5797449946403503,-0.0183930154889822,0.07346159964799881,-0.8421135544776917,-0.1012868881225586,-0.034872397780418396,-0.9426883459091187,-0.1592092365026474,-0.14199715852737427,-0.9518353343009949,-0.18487851321697235,0.07951972633600235,-0.5795338749885559,-0.05887725204229355,0.12554335594177246,-0.9005314111709595,-0.1301964372396469,-0.016202304512262344,-0.9998687505722046,-0.16691908240318298,-0.12817291915416718,-0.9917454123497009,-0.18060097098350525,0.10882463306188583,-0.5550488233566284,-0.10882362723350525,0.13015109300613403,-0.868513286113739,-0.1697642207145691,-0.014334767125546932,-0.9753690958023071,-0.19222992658615112,-0.1286170780658722,-0.9750739336013794,-0.19625523686408997,0.10378268361091614,-0.5220669507980347,-0.16103000938892365,0.09326845407485962,-0.7656909823417664,-0.19987642765045166,-0.011210297234356403,-0.8712379932403564,-0.21137775480747223,-0.1095576360821724,-0.8856479525566101,-0.2123657763004303
C,0.0,0.0,0.0,-0.14578866958618164,-0.13131721317768097,-0.014633010141551495,-0.22580648958683014,-0.3531636595726013,-0.04204890504479408,-0.2962568700313568,-0.5313630104064941,-0.08846239000558853,-0.3283964991569519,-0.7126631140708923,-0.12562386691570282,0.038285236805677414,-0.6046663522720337,0.04298119619488716,0.10179869830608368,-0.8555225133895874,-0.03251775726675987,-0.006925085559487343,-0.9421605467796326,-0.0919199138879776,-0.11264219135046005,-0.9421424865722656,-0.1200866624712944,0.08879556506872177,-0.6078389883041382,0.003021587384864688,0.14463630318641663,-0.9144860506057739,-0.0630737692117691,0.0008692840929143131,-0.9999995827674866,-0.10278178006410599,-0.11358434706926346,-0.9805334806442261,-0.11707410961389542,0.1240810677409172,-0.5962486863136292,-0.05289219692349434,0.1661432683467865,-0.8942281007766724,-0.11035024374723434,0.017221376299858093,-0.9782856702804565,-0.13182462751865387,-0.1043863445520401,-0.9669986367225647,-0.13373003900051117,0.13941100239753723,-0.573424220085144,-0.11439818888902664,0.14299795031547546,-0.8117781281471252,-0.15409035980701447,0.03415047377347946,-0.902919590473175,-0.16771486401557922,-0.07321682572364807,-0.9099404215812683,-0.16906289756298065
C,0.0,0.0,0.0,-0.1563233733177185,-0.14339637756347656,-0.0012855619424954057,-0.23607458174228668,-0.3687099814414978,-0.022339118644595146,-0.30606338381767273,-0.5384681224822998,-0.06492922455072403,-0.3453305661678314,-0.7134799957275391,-0.09925426542758942,0.02129310928285122,-0.616495668888092,0.061318423599004745,0.06539519876241684,-0.8659741282463074,-0.01031665038317442,-0.04465489834547043,-0.954399585723877,-0.06958963721990585,-0.15207239985466003,-0.9617132544517517,-0.09843090176582336,0.07202614098787308,-0.6128953099250793,0.014912978745996952,0.12202037870883942,-0.9169444441795349,-0.048389725387096405,-0.020577311515808105,-0.999788224697113,-0.09059804677963257,-0.1334519386291504,-0.9815505743026733,-0.10714984685182571,0.10756740719079971,-0.5959590077400208,-0.046831127256155014,0.14982467889785767,-0.8883322477340698,-0.10059629380702972,0.0026526169385761023,-0.9798661470413208,-0.12603075802326202,-0.11690926551818848,-0.9753490686416626,-0.13157159090042114,0.12032407522201538,-0.5713087916374207,-0.11304700374603271,0.1267603039741516,-0.8078590631484985,-0.14684462547302246,0.019880153238773346,-0.902940571308136,-0.16040267050266266,-0.08436503261327744,-0.9179511666297913,-0.16350193321704865
C,0.0,0.0,0.0,-0.15208394825458527,-0.13338349759578705,-0.018619835376739502,-0.23499715328216553,-0.36604392528533936,-0.05230655521154404,-0.2994637191295624,-0.5441393852233887,-0.10149280726909637,-0.33827468752861023,-0.719824492931366,-0.14221824705600739,0.013499287888407707,-0.6004303693771362,0.004083020146936178,0.08359886705875397,-0.8691186308860779,-0.08621132373809814,-0.023887835443019867,-0.9643054008483887,-0.1528404802083969,-0.13708506524562836,-0.969788670539856,-0.18347419798374176,0.06462356448173523,-0.5909541249275208,-0.03722579404711723,0.14294670522212982,-0.9074833393096924,-0.1179690733551979,0.005532282404601574,-0.9999847412109375,-0.16236211359500885,-0.1059684157371521,-0.9885327219963074,-0.17781823873519897,0.09997496753931046,-0.5653975009918213,-0.09219957888126373,0.15366815030574799,-0.8712114095687866,-0.15808750689029694,0.016522476449608803,-0.9692216515541077,-0.1822357475757599,-0.0952560305595398,-0.9666916131973267,-0.18410144746303558,0.11698635667562485,-0.527830958366394,-0.15203194320201874,0.13146032392978668,-0.7711653113365173,-0.1933063268661499,0.03880644589662552,-0.8854440450668335,-0.20675650238990784,-0.05205763503909111,-0.9100741744041443,-0.2077122926712036
C,0.0,0.0,0.0,-0.14948375523090363,-0.13193342089653015,0.01249515451490879,-0.23078075051307678,-0.3576652407646179,0.0030401621479541063,-0.3007794916629791,-0.5354170203208923,-0.031460363417863846,-0.3412158191204071,-0.713143527507782,-0.05814429000020027,0.03153437003493309,-0.5990106463432312,0.09571259468793869,0.07823798060417175,-0.8453218936920166,0.04145059734582901,-0.023326531052589417,-0.946577787399292,-0.008573214523494244,-0.12739713490009308,-0.9579013586044312,-0.03314678370952606,0.0818042904138565,-0.6037613749504089,0.04485997185111046,0.12749409675598145,-0.9010763764381409,0.0007075968896970153,-0.006808960810303688,-0.9991427659988403,-0.03324278071522713,-0.12023450434207916,-0.9927455186843872,-0.047869861125946045,0.11711922287940979,-0.5957205891609192,-0.021544799208641052,0.15252774953842163,-0.891088604927063,-0.06391425430774689,0.010323925875127316,-0.9885753989219666,-0.08482136577367783,-0.11136573553085327,-0.9843032956123352,-0.08983886986970901,0.1301494687795639,-0.5814375877380371,-0.09203363955020905,0.1265462338924408,-0.8187267184257507,-0.12140065431594849,0.017392558977007866,-0.9099856019020081,-0.1328085958957672,-0.09168943762779236,-0.9172259569168091,-0.13576410710811615
C,0.0,0.0,0.0,-0.14934243261814117,-0.13758093118667603,0.019231464713811874,-0.2304142713546753,-0.35583746433258057,0.012756392359733582,-0.3024991452693939,-0.5191182494163513,-0.0172592643648386,-0.3420356512069702,-0.6836168766021729,-0.04011018946766853,0.014606055803596973,-0.5781595706939697,0.08764562755823135,0.07321688532829285,-0.8133757710456848,0.03458244726061821,-0.013209079392254353,-0.9250888228416443,-0.013673325069248676,-0.11145361512899399,-0.9625505805015564,-0.03820537403225899,0.05664433538913727,-0.5890146493911743,0.035751014947891235,0.11838237941265106,-0.8647339344024658,-0.010812463238835335,-0.002882406348362565,-0.9745320081710815,-0.04450782388448715,-0.10588757693767548,-0.9943780303001404,-0.05895707756280899,0.08200829476118088,-0.5882821083068848,-0.029506949707865715,0.11965610086917877,-0.8544882535934448,-0.07279621809720993,-0.008340013213455677,-0.9621475338935852,-0.09311892837285995,-0.115565225481987,-0.9802528619766235,-0.09725682437419891,0.0871843695640564,-0.5794621706008911,-0.09766807407140732,0.09348731487989426,-0.7924275398254395,-0.12325397878885269,0.004660964943468571,-0.8945692181587219,-0.13138166069984436,-0.08206725865602493,-0.9200184345245361,-0.13233764469623566
C,0.0,0.0,0.0,-0.1540529727935791,-0.1297629326581955,-0.034870605915784836,-0.24100565910339355,-0.33785393834114075,-0.0896468460559845,-0.31597012281417847,-0.49127113819122314,-0.15139131247997284,-0.3667439818382263,-0.6508851647377014,-0.21239592134952545,-0.009734667837619781,-0.5812539458274841,-0.09990575909614563,0.03206171095371246,-0.860064685344696,-0.21649087965488434,-0.07196444272994995,-0.960335910320282,-0.3005204498767853,-0.17449039220809937,-0.9846588969230652,-0.346061110496521,0.02805720455944538,-0.547095537185669,-0.1404581218957901,0.09390033781528473,-0.8579971194267273,-0.24575701355934143,-0.030667047947645187,-0.9714809060096741,-0.30470627546310425,-0.13401223719120026,-0.988606333732605,-0.3363026976585388,0.05061257258057594,-0.4755820333957672,-0.18876776099205017,0.0924987867474556,-0.758063018321991,-0.273768812417984,-0.02516999840736389,-0.8912104368209839,-0.31287044286727905,-0.126552015542984,-0.9308643341064453,-0.33354586362838745,0.04438668116927147,-0.37084025144577026,-0.23987078666687012,0.06988576054573059,-0.5622602105140686,-0.30244460701942444,0.01694837026298046,-0.6864127516746521,-0.3296528160572052,-0.04007340222597122,-0.7415692210197449,-0.34560754895210266
C,0.0,0.0,0.0,-0.15265397727489471,-0.15787993371486664,-0.044532064348459244,-0.23234619200229645,-0.36296719312667847,-0.11016397923231125,-0.3072822391986847,-0.5116298794746399,-0.17875038087368011,-0.3636729121208191,-0.6736829876899719,-0.2503884434700012,-0.023364989086985588,-0.5856925249099731,-0.1605905443429947,0.03031591698527336,-0.8541921973228455,-0.29653820395469666,-0.059530939906835556,-0.9578255414962769,-0.3899895250797272,-0.16375069320201874,-0.9865017533302307,-0.4454892873764038,0.01770351268351078,-0.5052393674850464,-0.2132820188999176,0.1028381809592247,-0.7964432239532471,-0.3375625014305115,-0.004842521157115698,-0.9176698327064514,-0.4029860198497772,-0.10914411395788193,-0.9479056000709534,-0.44224414229393005,0.04133637994527817,-0.3630443215370178,-0.27294808626174927,0.10875815898180008,-0.5750855803489685,-0.38387584686279297,0.024772336706519127,-0.7003389000892639,-0.443982869386673,-0.06135650724172592,-0.7658635973930359,-0.4844474792480469,0.04085055738687515,-0.17619220912456512,-0.33356571197509766,0.09524495899677277,-0.222885400056839,-0.434857577085495,0.06758041679859161,-0.2701428532600403,-0.48300236463546753,0.02518821321427822,-0.29189497232437134,-0.5155422687530518
C,0.0,0.0,0.0,-0.15985813736915588,-0.11972907930612564,-0.045228976756334305,-0.25015562772750854,-0.32717421650886536,-0.09997839480638504,-0.32582196593284607,-0.48668181896209717,-0.1603332906961441,-0.3748524487018585,-0.6522109508514404,-0.21500292420387268,-0.022783590480685234,-0.5713021755218506,-0.07856927067041397,0.02556314691901207,-0.8540395498275757,-0.18936364352703094,-0.07737801223993301,-0.9473979473114014,-0.26797348260879517,-0.18104714155197144,-0.9612271785736084,-0.3077600300312042,0.017209423705935478,-0.5613624453544617,-0.10843038558959961,0.07092571258544922,-0.8769816756248474,-0.2092740386724472,-0.060194049030542374,-0.980867326259613,-0.26490452885627747,-0.1679951548576355,-0.9857878684997559,-0.2913720905780792,0.04465559497475624,-0.5265443921089172,-0.14903713762760162,0.0823405534029007,-0.8187949061393738,-0.226910799741745,-0.046215422451496124,-0.9460299611091614,-0.2642628252506256,-0.15661582350730896,-0.9750305414199829,-0.28031671047210693,0.05168105289340019,-0.4662531316280365,-0.19446390867233276,0.06613582372665405,-0.6882455945014954,-0.247751384973526,-0.0039823707193136215,-0.8246053457260132,-0.2738173007965088,-0.07867579907178879,-0.8812028765678406,-0.28674110770225525
C,0.0,0.0,0.0,-0.16098962724208832,-0.11174368858337402,-0.043928250670433044,-0.25152280926704407,-0.3214690685272217,-0.09090825170278549,-0.3270961344242096,-0.4871598780155182,-0.14379873871803284,-0.3643566966056824,-0.6558734774589539,-0.18933998048305511,-0.02156740613281727,-0.5631718635559082,-0.05760921537876129,0.030766813084483147,-0.8436363339424133,-0.1595005840063095,-0.07300219684839249,-0.936233401298523,-0.23366974294185638,-0.17906571924686432,-0.9503207206726074,-0.2707444131374359,0.0168851837515831,-0.5591747760772705,-0.08346372097730637,0.0699705183506012,-0.8664441108703613,-0.17419031262397766,-0.06191001459956169,-0.972784161567688,-0.2273230105638504,-0.17079496383666992,-0.9853066205978394,-0.2530107796192169,0.043467823415994644,-0.5316568613052368,-0.12084416300058365,0.07415340840816498,-0.8185975551605225,-0.19371508061885834,-0.05933430418372154,-0.9489570260047913,-0.23194214701652527,-0.173137828707695,-0.9848606586456299,-0.24787378311157227,0.05133756622672081,-0.4822095036506653,-0.16298075020313263,0.05912056565284729,-0.7081290483474731,-0.2131209522485733,-0.020840179175138474,-0.8437369465827942,-0.23860390484333038,-0.10348819196224213,-0.8973931670188904,-0.2505572736263275
C,0.0,0.0,0.0,-0.1543245166540146,-0.08799931406974792,-0.033674582839012146,-0.2496117651462555,-0.30763208866119385,-0.06226186826825142,-0.32304519414901733,-0.48604971170425415,-0.10094590485095978,-0.363450288772583,-0.655703067779541,-0.13080361485481262,-0.011315052397549152,-0.5964009761810303,0.014324771240353584,0.016324203461408615,-0.8556772470474243,-0.061202581971883774,-0.08392325043678284,-0.9301057457923889,-0.12360449135303497,-0.18091285228729248,-0.9283732771873474,-0.15479062497615814,0.03410935401916504,-0.604495108127594,-0.009306001476943493,0.06696037203073502,-0.8979240655899048,-0.07548879086971283,-0.0644499808549881,-0.9844236373901367,-0.12176378816366196,-0.171804741024971,-0.9827612042427063,-0.14236579835414886,0.06617411971092224,-0.5898998379707336,-0.04782605543732643,0.08800800144672394,-0.8714420199394226,-0.10600008070468903,-0.046774722635746,-0.9736167788505554,-0.13766519725322723,-0.1627802848815918,-0.9866623282432556,-0.14757931232452393,0.07404901832342148,-0.5542501211166382,-0.09197796881198883,0.0675218477845192,-0.7830240726470947,-0.13311494886875153,-0.02554498426616192,-0.894498884677887,-0.15366517007350922,-0.11967695504426956,-0.93138587474823,-0.16079987585544586
C,0.0,0.0,0.0,-0.15659524500370026,-0.10530867427587509,-0.0342903770506382,-0.25297147035598755,-0.31693708896636963,-0.06841202825307846,-0.3276163935661316,-0.489684522151947,-0.11304454505443573,-0.3633067011833191,-0.6628439426422119,-0.14741896092891693,-0.02601511962711811,-0.591299831867218,0.008832313120365143,0.010717462748289108,-0.85533207654953,-0.07161109894514084,-0.09031420946121216,-0.9390078783035278,-0.13610897958278656,-0.1899857372045517,-0.9464261531829834,-0.1685035675764084,0.016198793426156044,-0.5959374308586121,-0.017168616876006126,0.05985819548368454,-0.8928459882736206,-0.08635727316141129,-0.07282868027687073,-0.9838247895240784,-0.12953177094459534,-0.18146219849586487,-0.983397901058197,-0.1484317034482956,0.04497366398572922,-0.5821025371551514,-0.058354057371616364,0.07559981197118759,-0.8645941019058228,-0.11460204422473907,-0.05855274200439453,-0.9660731554031372,-0.14029660820960999,-0.171530619263649,-0.9750288724899292,-0.14704757928848267,0.05622685328125954,-0.5491244196891785,-0.10610203444957733,0.05762040242552757,-0.7772199511528015,-0.1435006558895111,-0.03320108354091644,-0.8907438516616821,-0.15961909294128418,-0.12404276430606842,-0.9242369532585144,-0.1642679125070572
C,0.0,0.0,0.0,-0.15729615092277527,-0.09810711443424225,-0.04002971202135086,-0.2566595673561096,-0.31182602047920227,-0.07071751356124878,-0.33426713943481445,-0.4899376630783081,-0.11153361946344376,-0.37347212433815,-0.6639607548713684,-0.14057981967926025,-0.03306650370359421,-0.5947245359420776,0.02278461679816246,0.007801013998687267,-0.8569342494010925,-0.053252432495355606,-0.09216727316379547,-0.9351672530174255,-0.11551202088594437,-0.1903398036956787,-0.9387012124061584,-0.14673075079917908,0.009331796318292618,-0.6038812398910522,0.0010293102823197842,0.0525529608130455,-0.9000234007835388,-0.0669001042842865,-0.08373691141605377,-0.9858542680740356,-0.10863468050956726,-0.1928708851337433,-0.9812241196632385,-0.1249130368232727,0.0389581061899662,-0.5966836214065552,-0.03788379207253456,0.0688941553235054,-0.8812255859375,-0.09462713450193405,-0.06883019953966141,-0.9737739562988281,-0.11923224478960037,-0.18242348730564117,-0.9797970652580261,-0.12351493537425995,0.056936074048280716,-0.5719805955886841,-0.08440407365560532,0.05432148277759552,-0.8019192218780518,-0.12298736721277237,-0.041567400097846985,-0.9068731069564819,-0.13938763737678528,-0.1343759000301361,-0.9357327222824097,-0.14304524660110474
C,0.0,0.0,0.0,-0.1616487205028534,-0.10152537375688553,-0.042726922780275345,-0.2632075548171997,-0.31329256296157837,-0.07241092622280121,-0.3435487747192383,-0.4922606945037842,-0.11173950135707855,-0.386766254901886,-0.6666277050971985,-0.13938000798225403,-0.038357675075531006,-0.5923300385475159,0.03140776976943016,0.001988672651350498,-0.843215823173523,-0.04156484454870224,-0.09235330671072006,-0.9273486137390137,-0.1052197590470314,-0.19073539972305298,-0.9366098046302795,-0.13866788148880005,0.0022708929609507322,-0.6032527685165405,0.011900284327566624,0.034978948533535004,-0.8884440064430237,-0.055173881351947784,-0.0951465517282486,-0.9808279275894165,-0.1010650247335434,-0.20562022924423218,-0.978631854057312,-0.12158618122339249,0.03149823099374771,-0.5957474112510681,-0.025618629530072212,0.05850306153297424,-0.8743267059326172,-0.08250609785318375,-0.07199890911579132,-0.9718441367149353,-0.11173830926418304,-0.18444831669330597,-0.9770064949989319,-0.1194051131606102,0.04972616955637932,-0.571311354637146,-0.07107546180486679,0.050162721425294876,-0.7965838313102722,-0.11184626072645187,-0.03981878235936165,-0.9035516977310181,-0.13240249454975128,-0.1292840540409088,-0.9305524230003357,-0.13894933462142944
C,0.0,0.0,0.0,-0.16685913503170013,-0.11284342408180237,-0.046635810285806656,-0.26849740743637085,-0.32671523094177246,-0.0960676446557045,-0.3483230769634247,-0.4953210651874542,-0.1510051190853119,-0.3892711102962494,-0.6658180356025696,-0.20001666247844696,-0.05184551328420639,-0.5861566662788391,-0.060730647295713425,-0.010816143825650215,-0.8677211403846741,-0.16837015748023987,-0.112077996134758,-0.9532876014709473,-0.2487342357635498,-0.21503053605556488,-0.9571718573570251,-0.2903728783130646,-0.002112009096890688,-0.5752881169319153,-0.08833058923482895,0.04422108829021454,-0.8889322280883789,-0.18599125742912292,-0.08625239878892899,-0.9839905500411987,-0.24287231266498566,-0.19844533503055573,-0.9801118969917297,-0.26981255412101746,0.03705067187547684,-0.5377647280693054,-0.1282021850347519,0.06272738426923752,-0.8267346024513245,-0.20428863167762756,-0.06615940481424332,-0.945620059967041,-0.24319066107273102,-0.17754364013671875,-0.9682105183601379,-0.25947922468185425,0.06139732524752617,-0.47260782122612,-0.17332372069358826,0.0596725158393383,-0.687982439994812,-0.2264752835035324,-0.0156649649143219,-0.8156302571296692,-0.2531645894050598,-0.09237165749073029,-0.8668960928916931,-0.2658088207244873
C,0.0,0.0,0.0,-0.16610975563526154,-0.10611695051193237,-0.03710009530186653,-0.2688581049442291,-0.3171781897544861,-0.06700190156698227,-0.34787461161613464,-0.494741827249527,-0.10831379145383835,-0.38481783866882324,-0.6711641550064087,-0.1394987255334854,-0.04636543616652489,-0.5947731137275696,0.031265608966350555,-0.011455648578703403,-0.8556380867958069,-0.045871030539274216,-0.10642027109861374,-0.9396871328353882,-0.11307255178689957,-0.20908091962337494,-0.9425461292266846,-0.1476748287677765,-0.0037669267039746046,-0.6029984354972839,0.008074591867625713,0.030627109110355377,-0.8960539698600769,-0.06063712760806084,-0.0971447229385376,-0.9845589995384216,-0.10825008153915405,-0.2101573348045349,-0.9776675701141357,-0.12925437092781067,0.02905222401022911,-0.5935829877853394,-0.03223681077361107,0.05382515490055084,-0.8778194785118103,-0.08632542192935944,-0.07307146489620209,-0.9707208871841431,-0.1138596385717392,-0.1871592402458191,-0.9712032675743103,-0.12112841755151749,0.05166162550449371,-0.5650933384895325,-0.08035057038068771,0.0510321706533432,-0.7892045378684998,-0.11624173074960709,-0.03442950174212456,-0.8966876864433289,-0.13349445164203644,-0.12257277220487595,-0.9263813495635986,-0.13851118087768555
C,0.0,0.0,0.0,-0.16745910048484802,-0.11296391487121582,-0.015339922159910202,-0.2667939364910126,-0.3259480595588684,-0.03475566953420639,-0.3454156219959259,-0.4933069944381714,-0.07216877490282059,-0.3830612599849701,-0.665431797504425,-0.09998785704374313,-0.05204324796795845,-0.6110104918479919,0.07086299359798431,-0.019039684906601906,-0.8598588109016418,0.0032334907446056604,-0.11553432047367096,-0.9449015259742737,-0.058656271547079086,-0.21304951608181,-0.9499475955963135,-0.09098343551158905,-0.00679651228711009,-0.615548849105835,0.03410856053233147,0.03519370034337044,-0.9066007733345032,-0.029255099594593048,-0.09627954661846161,-0.9933676719665527,-0.07359231263399124,-0.20525038242340088,-0.9787095189094543,-0.09127523750066757,0.029394304379820824,-0.6013979315757751,-0.02017999440431595,0.06840649247169495,-0.8850666284561157,-0.07229354977607727,-0.0666012391448021,-0.9741920232772827,-0.09715977311134338,-0.18011948466300964,-0.965620219707489,-0.10115691274404526,0.052867546677589417,-0.5708376169204712,-0.08149007707834244,0.06304668635129929,-0.7951603531837463,-0.11777286976575851,-0.030285028740763664,-0.8947727680206299,-0.1336115598678589,-0.12168041616678238,-0.9106794595718384,-0.13662511110305786
C,0.0,0.0,0.0,-0.1670733243227005,-0.10949607938528061,-0.02048124000430107,-0.27233418822288513,-0.3154571056365967,-0.047859881073236465,-0.3545173108577728,-0.4829992651939392,-0.0910659208893776,-0.3987244665622711,-0.6551896333694458,-0.12578092515468597,-0.055848486721515656,-0.5844264626502991,0.040268536657094955,-0.032197702676057816,-0.8402137756347656,-0.03511704504489899,-0.13664959371089935,-0.9288741946220398,-0.09964373707771301,-0.2402479648590088,-0.9377073049545288,-0.133186474442482,-0.009840394370257854,-0.5951257944107056,0.0050951093435287476,0.01830679178237915,-0.894055962562561,-0.062452249228954315,-0.12247000634670258,-0.9803335666656494,-0.1062871515750885,-0.23590269684791565,-0.9717767238616943,-0.12526221573352814,0.02403215318918228,-0.5853719711303711,-0.04593046382069588,0.04518658295273781,-0.8777430057525635,-0.09991468489170074,-0.09835194051265717,-0.9663927555084229,-0.12288548797369003,-0.2167855203151703,-0.9585471749305725,-0.12770618498325348,0.042566929012537,-0.5543462038040161,-0.10363717377185822,0.040193695574998856,-0.780117392539978,-0.14011451601982117,-0.05617525056004524,-0.8833004236221313,-0.15475872159004211,-0.1499200165271759,-0.9039049744606018,-0.15856045484542847
